jour,conso_moyenne_MW,conso_max_MW,temperature_C,type_jour,saison,jour_semaine,periode
2016-01-01,53789.88,59526.00,6.96,férié,hiver,4,apprentissage
2016-01-02,55479.40,63302.00,8.57,week-end,hiver,5,apprentissage
2016-01-03,56778.15,65234.50,6.97,week-end,hiver,6,apprentissage
2016-01-04,64437.04,74219.00,7.67,ouvré,hiver,0,apprentissage
2016-01-05,67329.73,76480.00,7.12,ouvré,hiver,1,apprentissage
2016-01-06,68060.77,76477.00,6.81,ouvré,hiver,2,apprentissage
2016-01-07,67758.00,75825.50,7.97,ouvré,hiver,3,apprentissage
2016-01-08,66853.73,73599.50,7.05,ouvré,hiver,4,apprentissage
2016-01-09,59477.40,65023.50,8.45,week-end,hiver,5,apprentissage
2016-01-10,57998.12,65497.00,7.63,week-end,hiver,6,apprentissage
2016-01-11,66389.56,76260.00,7.84,ouvré,hiver,0,apprentissage
2016-01-12,69294.81,79014.50,6.66,ouvré,hiver,1,apprentissage
2016-01-13,71654.75,80227.00,4.90,ouvré,hiver,2,apprentissage
2016-01-14,72611.23,80948.50,4.37,ouvré,hiver,3,apprentissage
2016-01-15,74635.75,82222.00,3.08,ouvré,hiver,4,apprentissage
2016-01-16,70272.19,76021.50,2.17,week-end,hiver,5,apprentissage
2016-01-17,68212.23,75242.50,1.83,week-end,hiver,6,apprentissage
2016-01-18,78304.52,88025.50,0.42,ouvré,hiver,0,apprentissage
2016-01-19,78998.15,86519.00,1.62,ouvré,hiver,1,apprentissage
2016-01-20,78471.83,86431.00,1.45,ouvré,hiver,2,apprentissage
2016-01-21,78730.50,85858.50,1.30,ouvré,hiver,3,apprentissage
2016-01-22,77271.31,84731.50,3.58,ouvré,hiver,4,apprentissage
2016-01-23,65419.50,70580.50,6.93,week-end,hiver,5,apprentissage
2016-01-24,60977.94,66875.00,7.19,week-end,hiver,6,apprentissage
2016-01-25,66492.19,74308.00,8.39,ouvré,hiver,0,apprentissage
2016-01-26,66124.50,73889.00,8.94,ouvré,hiver,1,apprentissage
2016-01-27,65844.90,73554.50,9.86,ouvré,hiver,2,apprentissage
2016-01-28,65720.31,74199.50,8.41,ouvré,hiver,3,apprentissage
2016-01-29,66681.60,73360.50,7.47,ouvré,hiver,4,apprentissage
2016-01-30,61279.54,67146.50,7.94,week-end,hiver,5,apprentissage
2016-01-31,56627.06,62416.00,10.30,week-end,hiver,6,apprentissage
2016-02-01,61785.12,70713.50,11.57,ouvré,hiver,0,apprentissage
2016-02-02,63036.54,71855.00,9.97,ouvré,hiver,1,apprentissage
2016-02-03,66259.25,76572.50,6.79,ouvré,hiver,2,apprentissage
2016-02-04,69478.69,76219.00,6.64,ouvré,hiver,3,apprentissage
2016-02-05,65069.56,71359.50,8.84,ouvré,hiver,4,apprentissage
2016-02-06,58531.69,63584.00,9.79,week-end,hiver,5,apprentissage
2016-02-07,56567.27,64498.00,8.20,week-end,hiver,6,apprentissage
2016-02-08,65002.58,73674.00,9.10,ouvré,hiver,0,apprentissage
2016-02-09,67194.94,76942.00,7.87,ouvré,hiver,1,apprentissage
2016-02-10,70222.83,78299.50,5.05,ouvré,hiver,2,apprentissage
2016-02-11,70321.92,77846.00,4.51,ouvré,hiver,3,apprentissage
2016-02-12,70599.38,77491.00,5.17,ouvré,hiver,4,apprentissage
2016-02-13,62828.40,67829.50,7.32,week-end,hiver,5,apprentissage
2016-02-14,59153.88,66912.50,6.56,week-end,hiver,6,apprentissage
2016-02-15,70613.71,80341.00,4.00,ouvré,hiver,0,apprentissage
2016-02-16,73617.62,80750.50,2.71,ouvré,hiver,1,apprentissage
2016-02-17,75245.48,82398.00,1.41,ouvré,hiver,2,apprentissage
2016-02-18,75101.65,81316.00,2.86,ouvré,hiver,3,apprentissage
2016-02-19,72097.15,79660.00,4.40,ouvré,hiver,4,apprentissage
2016-02-20,64077.58,69623.50,7.88,week-end,hiver,5,apprentissage
2016-02-21,56229.88,62823.50,10.44,week-end,hiver,6,apprentissage
2016-02-22,63272.12,71655.00,9.44,ouvré,hiver,0,apprentissage
2016-02-23,64882.48,73146.00,7.73,ouvré,hiver,1,apprentissage
2016-02-24,67178.50,75066.50,5.78,ouvré,hiver,2,apprentissage
2016-02-25,67968.52,75431.50,5.21,ouvré,hiver,3,apprentissage
2016-02-26,68974.12,75949.00,3.88,ouvré,hiver,4,apprentissage
2016-02-27,64701.96,70067.00,4.60,week-end,hiver,5,apprentissage
2016-02-28,62730.21,69247.00,4.79,week-end,hiver,6,apprentissage
2016-02-29,71284.75,78621.50,4.31,ouvré,hiver,0,apprentissage
2016-03-01,71597.60,78008.00,5.26,ouvré,printemps,1,apprentissage
2016-03-02,68410.08,77365.00,7.67,ouvré,printemps,2,apprentissage
2016-03-03,69941.46,76866.00,6.12,ouvré,printemps,3,apprentissage
2016-03-04,68310.42,74609.50,6.16,ouvré,printemps,4,apprentissage
2016-03-05,63121.17,68444.00,4.92,week-end,printemps,5,apprentissage
2016-03-06,61787.75,68458.50,4.09,week-end,printemps,6,apprentissage
2016-03-07,70073.58,78345.00,3.59,ouvré,printemps,0,apprentissage
2016-03-08,71579.75,78572.00,4.00,ouvré,printemps,1,apprentissage
2016-03-09,70513.40,77367.50,5.04,ouvré,printemps,2,apprentissage
2016-03-10,69421.10,75583.50,6.16,ouvré,printemps,3,apprentissage
2016-03-11,67387.77,75035.00,6.45,ouvré,printemps,4,apprentissage
2016-03-12,60512.46,65960.00,6.35,week-end,printemps,5,apprentissage
2016-03-13,58066.71,63861.00,6.03,week-end,printemps,6,apprentissage
2016-03-14,64922.29,72129.00,6.55,ouvré,printemps,0,apprentissage
2016-03-15,64815.69,72940.00,6.83,ouvré,printemps,1,apprentissage
2016-03-16,67172.52,75715.00,5.70,ouvré,printemps,2,apprentissage
2016-03-17,66665.65,74052.00,6.13,ouvré,printemps,3,apprentissage
2016-03-18,64441.81,72267.50,6.56,ouvré,printemps,4,apprentissage
2016-03-19,59106.92,63209.00,6.99,week-end,printemps,5,apprentissage
2016-03-20,56355.83,62586.50,7.03,week-end,printemps,6,apprentissage
2016-03-21,62400.54,68484.00,7.87,ouvré,printemps,0,apprentissage
2016-03-22,62085.77,68663.00,8.12,ouvré,printemps,1,apprentissage
2016-03-23,63124.92,69224.50,7.93,ouvré,printemps,2,apprentissage
2016-03-24,62436.79,68114.50,8.06,ouvré,printemps,3,apprentissage
2016-03-25,61447.02,67308.00,8.84,ouvré,printemps,4,apprentissage
2016-03-26,53724.71,60122.00,10.96,week-end,printemps,5,apprentissage
2016-03-27,51052.67,57779.50,9.50,week-end,printemps,6,apprentissage
2016-03-28,52451.06,58171.50,9.99,férié,printemps,0,apprentissage
2016-03-29,59286.81,67064.00,10.09,ouvré,printemps,1,apprentissage
2016-03-30,58985.27,65492.00,10.96,ouvré,printemps,2,apprentissage
2016-03-31,59381.60,65206.50,9.63,ouvré,printemps,3,apprentissage
2016-04-01,60893.81,69383.50,7.72,ouvré,printemps,4,apprentissage
2016-04-02,55214.96,60295.00,8.68,week-end,printemps,5,apprentissage
2016-04-03,48602.94,56154.00,13.03,week-end,printemps,6,apprentissage
2016-04-04,54831.94,61484.00,11.95,ouvré,printemps,0,apprentissage
2016-04-05,55896.00,62555.00,11.24,ouvré,printemps,1,apprentissage
2016-04-06,56313.27,62689.50,10.56,ouvré,printemps,2,apprentissage
2016-04-07,57624.19,63869.00,9.01,ouvré,printemps,3,apprentissage
2016-04-08,58838.85,66079.00,7.90,ouvré,printemps,4,apprentissage
2016-04-09,53357.77,58610.50,8.39,week-end,printemps,5,apprentissage
2016-04-10,49222.65,56696.00,10.39,week-end,printemps,6,apprentissage
2016-04-11,54136.85,60451.50,11.94,ouvré,printemps,0,apprentissage
2016-04-12,54342.52,60785.50,11.70,ouvré,printemps,1,apprentissage
2016-04-13,53918.54,60059.00,11.48,ouvré,printemps,2,apprentissage
2016-04-14,54129.50,59694.50,11.24,ouvré,printemps,3,apprentissage
2016-04-15,52805.85,58773.00,12.64,ouvré,printemps,4,apprentissage
2016-04-16,47603.40,52676.50,12.03,week-end,printemps,5,apprentissage
2016-04-17,46710.85,53964.50,9.16,week-end,printemps,6,apprentissage
2016-04-18,55047.31,62386.50,8.36,ouvré,printemps,0,apprentissage
2016-04-19,54721.44,62111.50,10.41,ouvré,printemps,1,apprentissage
2016-04-20,52860.15,58915.00,12.78,ouvré,printemps,2,apprentissage
2016-04-21,51958.85,57548.00,14.11,ouvré,printemps,3,apprentissage
2016-04-22,50971.98,57040.00,13.14,ouvré,printemps,4,apprentissage
2016-04-23,47870.52,53783.00,10.40,week-end,printemps,5,apprentissage
2016-04-24,48881.33,56087.00,7.10,week-end,printemps,6,apprentissage
2016-04-25,58077.12,64286.50,7.43,ouvré,printemps,0,apprentissage
2016-04-26,58651.65,64505.00,7.78,ouvré,printemps,1,apprentissage
2016-04-27,59622.52,66318.50,7.11,ouvré,printemps,2,apprentissage
2016-04-28,58392.92,65311.00,7.66,ouvré,printemps,3,apprentissage
2016-04-29,56882.90,63710.00,9.31,ouvré,printemps,4,apprentissage
2016-04-30,51878.19,56709.50,8.41,week-end,printemps,5,apprentissage
2016-05-01,48895.71,55768.50,8.47,férié,printemps,6,apprentissage
2016-05-02,53726.67,61024.00,11.35,ouvré,printemps,0,apprentissage
2016-05-03,52728.48,58840.50,11.97,ouvré,printemps,1,apprentissage
2016-05-04,51663.27,58630.50,12.29,ouvré,printemps,2,apprentissage
2016-05-05,43581.29,50460.00,14.28,férié,printemps,3,apprentissage
2016-05-06,44406.02,49100.50,15.94,pont,printemps,4,apprentissage
2016-05-07,41259.31,46208.50,16.88,week-end,printemps,5,apprentissage
2016-05-08,39033.00,45197.50,17.13,férié,printemps,6,apprentissage
2016-05-09,46935.50,53569.50,16.48,ouvré,printemps,0,apprentissage
2016-05-10,48314.88,54547.00,16.20,ouvré,printemps,1,apprentissage
2016-05-11,48819.08,55355.00,14.48,ouvré,printemps,2,apprentissage
2016-05-12,49247.75,55368.50,14.04,ouvré,printemps,3,apprentissage
2016-05-13,48998.02,55641.00,14.63,ouvré,printemps,4,apprentissage
2016-05-14,44053.17,49490.50,12.43,week-end,printemps,5,apprentissage
2016-05-15,41588.04,48060.00,11.13,week-end,printemps,6,apprentissage
2016-05-16,43052.04,48271.50,11.92,férié,printemps,0,apprentissage
2016-05-17,48560.92,54657.00,13.22,ouvré,printemps,1,apprentissage
2016-05-18,49003.12,54903.50,13.41,ouvré,printemps,2,apprentissage
2016-05-19,49653.46,56201.00,12.62,ouvré,printemps,3,apprentissage
2016-05-20,48827.52,55478.00,14.52,ouvré,printemps,4,apprentissage
2016-05-21,42275.71,47879.50,17.61,week-end,printemps,5,apprentissage
2016-05-22,39859.19,46553.00,14.51,week-end,printemps,6,apprentissage
2016-05-23,48269.12,55819.50,12.14,ouvré,printemps,0,apprentissage
2016-05-24,49266.35,55526.00,12.57,ouvré,printemps,1,apprentissage
2016-05-25,48285.23,54453.50,14.25,ouvré,printemps,2,apprentissage
2016-05-26,47218.58,53073.50,16.32,ouvré,printemps,3,apprentissage
2016-05-27,46429.06,52873.00,18.26,ouvré,printemps,4,apprentissage
2016-05-28,40949.35,46366.50,17.73,week-end,printemps,5,apprentissage
2016-05-29,38441.90,44253.50,15.68,week-end,printemps,6,apprentissage
2016-05-30,46825.10,54290.50,14.61,ouvré,printemps,0,apprentissage
2016-05-31,48943.81,55982.50,14.16,ouvré,printemps,1,apprentissage
2016-06-01,48607.38,55789.50,14.48,ouvré,été,2,apprentissage
2016-06-02,49123.35,56137.50,14.30,ouvré,été,3,apprentissage
2016-06-03,48590.23,55621.50,14.47,ouvré,été,4,apprentissage
2016-06-04,42608.79,48233.50,15.57,week-end,été,5,apprentissage
2016-06-05,39199.46,45524.50,16.95,week-end,été,6,apprentissage
2016-06-06,45843.00,52589.50,18.68,ouvré,été,0,apprentissage
2016-06-07,46527.06,52923.00,19.54,ouvré,été,1,apprentissage
2016-06-08,46560.12,53253.00,19.22,ouvré,été,2,apprentissage
2016-06-09,46562.54,52812.50,18.93,ouvré,été,3,apprentissage
2016-06-10,45912.38,52423.00,18.37,ouvré,été,4,apprentissage
2016-06-11,40706.52,46090.50,17.63,week-end,été,5,apprentissage
2016-06-12,38379.56,44803.00,16.87,week-end,été,6,apprentissage
2016-06-13,45668.02,52852.50,16.54,ouvré,été,0,apprentissage
2016-06-14,46440.04,52461.50,15.85,ouvré,été,1,apprentissage
2016-06-15,47144.25,53883.50,15.50,ouvré,été,2,apprentissage
2016-06-16,47417.79,53809.50,15.08,ouvré,été,3,apprentissage
2016-06-17,46946.44,53483.00,15.28,ouvré,été,4,apprentissage
2016-06-18,41596.15,46851.00,15.03,week-end,été,5,apprentissage
2016-06-19,38921.50,45546.00,15.90,week-end,été,6,apprentissage
2016-06-20,46473.33,53367.00,16.39,ouvré,été,0,apprentissage
2016-06-21,47860.02,54605.00,19.09,ouvré,été,1,apprentissage
2016-06-22,48250.88,55372.00,22.39,ouvré,été,2,apprentissage
2016-06-23,48449.46,55359.50,23.81,ouvré,été,3,apprentissage
2016-06-24,47434.44,54236.00,21.18,ouvré,été,4,apprentissage
2016-06-25,41500.40,46815.00,18.42,week-end,été,5,apprentissage
2016-06-26,38665.35,45176.00,17.14,week-end,été,6,apprentissage
2016-06-27,46004.71,53289.00,17.66,ouvré,été,0,apprentissage
2016-06-28,47287.33,53778.50,18.74,ouvré,été,1,apprentissage
2016-06-29,47681.19,54555.00,18.84,ouvré,été,2,apprentissage
2016-06-30,48055.21,54875.00,19.21,ouvré,été,3,apprentissage
2016-07-01,47641.52,54778.00,19.55,ouvré,été,4,apprentissage
2016-07-02,41771.35,46949.50,17.57,week-end,été,5,apprentissage
2016-07-03,39012.46,46077.50,17.00,week-end,été,6,apprentissage
2016-07-04,46721.25,54090.00,19.05,ouvré,été,0,apprentissage
2016-07-05,48031.85,55032.50,19.48,ouvré,été,1,apprentissage
2016-07-06,48212.02,55074.50,19.26,ouvré,été,2,apprentissage
2016-07-07,48722.12,55657.50,20.63,ouvré,été,3,apprentissage
2016-07-08,48499.19,55553.00,21.64,ouvré,été,4,apprentissage
2016-07-09,43272.90,48511.50,22.17,week-end,été,5,apprentissage
2016-07-10,40665.85,47095.50,22.91,week-end,été,6,apprentissage
2016-07-11,47436.85,54880.50,20.46,ouvré,été,0,apprentissage
2016-07-12,47765.15,54689.50,18.06,ouvré,été,1,apprentissage
2016-07-13,46997.23,53816.50,15.94,ouvré,été,2,apprentissage
2016-07-14,40584.79,46439.00,15.38,férié,été,3,apprentissage
2016-07-15,43285.67,49336.50,16.82,pont,été,4,apprentissage
2016-07-16,40856.17,45908.00,19.35,week-end,été,5,apprentissage
2016-07-17,38917.12,46366.50,22.01,week-end,été,6,apprentissage
2016-07-18,47229.10,54926.00,24.10,ouvré,été,0,apprentissage
2016-07-19,49343.94,56749.50,26.04,ouvré,été,1,apprentissage
2016-07-20,49310.75,56444.50,23.82,ouvré,été,2,apprentissage
2016-07-21,48871.62,55643.50,21.79,ouvré,été,3,apprentissage
2016-07-22,47483.85,54279.00,20.82,ouvré,été,4,apprentissage
2016-07-23,41840.19,46920.50,20.45,week-end,été,5,apprentissage
2016-07-24,39050.04,45850.00,21.04,week-end,été,6,apprentissage
2016-07-25,46380.88,53753.50,21.90,ouvré,été,0,apprentissage
2016-07-26,47311.71,54073.50,20.96,ouvré,été,1,apprentissage
2016-07-27,47202.83,53839.50,20.25,ouvré,été,2,apprentissage
2016-07-28,47163.79,53835.50,20.53,ouvré,été,3,apprentissage
2016-07-29,46267.15,52813.50,21.08,ouvré,été,4,apprentissage
2016-07-30,41190.08,46380.00,20.72,week-end,été,5,apprentissage
2016-07-31,37925.71,43832.00,19.91,week-end,été,6,apprentissage
2016-08-01,42766.85,49419.50,19.23,ouvré,été,0,apprentissage
2016-08-02,43890.25,50206.50,19.79,ouvré,été,1,apprentissage
2016-08-03,44293.90,50721.50,21.31,ouvré,été,2,apprentissage
2016-08-04,44049.71,50542.00,18.99,ouvré,été,3,apprentissage
2016-08-05,42646.79,48751.00,18.24,ouvré,été,4,apprentissage
2016-08-06,38926.31,43711.00,18.87,week-end,été,5,apprentissage
2016-08-07,37027.65,43661.50,20.78,week-end,été,6,apprentissage
2016-08-08,41850.21,48208.50,20.45,ouvré,été,0,apprentissage
2016-08-09,42195.69,48046.00,18.33,ouvré,été,1,apprentissage
2016-08-10,41633.00,47339.00,16.05,ouvré,été,2,apprentissage
2016-08-11,41803.19,47621.00,16.42,ouvré,été,3,apprentissage
2016-08-12,42190.85,48007.00,19.34,ouvré,été,4,apprentissage
2016-08-13,39517.02,44338.50,21.35,week-end,été,5,apprentissage
2016-08-14,37052.06,43108.00,22.12,week-end,été,6,apprentissage
2016-08-15,37966.77,43840.50,22.40,férié,été,0,apprentissage
2016-08-16,43146.17,49863.50,22.79,ouvré,été,1,apprentissage
2016-08-17,43903.58,50007.50,21.92,ouvré,été,2,apprentissage
2016-08-18,43847.81,49950.00,20.03,ouvré,été,3,apprentissage
2016-08-19,43682.21,50045.00,19.51,ouvré,été,4,apprentissage
2016-08-20,39867.83,44933.50,18.63,week-end,été,5,apprentissage
2016-08-21,37029.83,43382.00,17.79,week-end,été,6,apprentissage
2016-08-22,43919.94,50894.00,20.03,ouvré,été,0,apprentissage
2016-08-23,46381.02,53044.50,23.37,ouvré,été,1,apprentissage
2016-08-24,47393.83,54389.50,24.47,ouvré,été,2,apprentissage
2016-08-25,48103.31,55157.00,25.04,ouvré,été,3,apprentissage
2016-08-26,47929.96,55098.00,24.68,ouvré,été,4,apprentissage
2016-08-27,43248.31,48621.50,25.02,week-end,été,5,apprentissage
2016-08-28,39766.04,45462.50,22.35,week-end,été,6,apprentissage
2016-08-29,46517.88,53958.50,20.23,ouvré,été,0,apprentissage
2016-08-30,47780.02,54513.50,19.84,ouvré,été,1,apprentissage
2016-08-31,48313.10,55415.50,20.84,ouvré,été,2,apprentissage
2016-09-01,48570.85,55400.50,20.92,ouvré,automne,3,apprentissage
2016-09-02,48239.67,55200.00,20.79,ouvré,automne,4,apprentissage
2016-09-03,42749.92,48253.50,21.26,week-end,automne,5,apprentissage
2016-09-04,40055.27,45433.00,20.46,week-end,automne,6,apprentissage
2016-09-05,47290.71,54343.00,19.74,ouvré,automne,0,apprentissage
2016-09-06,48897.96,55760.50,21.20,ouvré,automne,1,apprentissage
2016-09-07,48705.77,55384.00,21.71,ouvré,automne,2,apprentissage
2016-09-08,48567.67,55076.00,20.42,ouvré,automne,3,apprentissage
2016-09-09,48015.75,54765.50,19.85,ouvré,automne,4,apprentissage
2016-09-10,42507.04,48009.00,20.21,week-end,automne,5,apprentissage
2016-09-11,39794.04,45153.00,20.83,week-end,automne,6,apprentissage
2016-09-12,47507.35,54773.00,22.81,ouvré,automne,0,apprentissage
2016-09-13,48813.54,55815.50,23.71,ouvré,automne,1,apprentissage
2016-09-14,48090.29,54790.00,20.50,ouvré,automne,2,apprentissage
2016-09-15,47493.75,53752.00,17.71,ouvré,automne,3,apprentissage
2016-09-16,46816.98,53052.50,16.28,ouvré,automne,4,apprentissage
2016-09-17,41413.19,46499.00,14.99,week-end,automne,5,apprentissage
2016-09-18,39281.02,44600.00,15.49,week-end,automne,6,apprentissage
2016-09-19,46321.33,53150.00,16.45,ouvré,automne,0,apprentissage
2016-09-20,47451.02,53389.00,16.16,ouvré,automne,1,apprentissage
2016-09-21,47504.92,53695.50,15.66,ouvré,automne,2,apprentissage
2016-09-22,47571.67,53396.50,15.79,ouvré,automne,3,apprentissage
2016-09-23,47014.54,53197.50,16.65,ouvré,automne,4,apprentissage
2016-09-24,41691.71,46761.50,17.04,week-end,automne,5,apprentissage
2016-09-25,39004.21,44856.50,16.76,week-end,automne,6,apprentissage
2016-09-26,46421.40,53180.50,15.20,ouvré,automne,0,apprentissage
2016-09-27,47805.94,53781.00,16.15,ouvré,automne,1,apprentissage
2016-09-28,47756.96,53842.50,17.33,ouvré,automne,2,apprentissage
2016-09-29,47780.48,53582.00,17.25,ouvré,automne,3,apprentissage
2016-09-30,47331.62,53554.50,16.39,ouvré,automne,4,apprentissage
2016-10-01,42436.83,48108.00,15.14,week-end,automne,5,apprentissage
2016-10-02,40159.69,46245.50,13.57,week-end,automne,6,apprentissage
2016-10-03,47396.29,53660.50,12.70,ouvré,automne,0,apprentissage
2016-10-04,48927.15,54907.50,13.65,ouvré,automne,1,apprentissage
2016-10-05,49484.21,55556.00,13.37,ouvré,automne,2,apprentissage
2016-10-06,50639.62,56430.00,11.04,ouvré,automne,3,apprentissage
2016-10-07,51340.08,57624.50,11.25,ouvré,automne,4,apprentissage
2016-10-08,45982.02,50876.50,11.95,week-end,automne,5,apprentissage
2016-10-09,44158.00,50857.00,10.53,week-end,automne,6,apprentissage
2016-10-10,53373.83,60144.50,9.15,ouvré,automne,0,apprentissage
2016-10-11,55525.79,62519.50,9.03,ouvré,automne,1,apprentissage
2016-10-12,56914.48,63882.50,8.94,ouvré,automne,2,apprentissage
2016-10-13,57962.02,64556.00,9.79,ouvré,automne,3,apprentissage
2016-10-14,56713.73,63727.00,11.19,ouvré,automne,4,apprentissage
2016-10-15,49008.46,54016.00,12.42,week-end,automne,5,apprentissage
2016-10-16,45531.44,50820.00,13.30,week-end,automne,6,apprentissage
2016-10-17,52285.44,59192.50,13.75,ouvré,automne,0,apprentissage
2016-10-18,53975.08,60190.00,12.13,ouvré,automne,1,apprentissage
2016-10-19,55505.54,61641.50,10.81,ouvré,automne,2,apprentissage
2016-10-20,56265.33,62606.50,10.40,ouvré,automne,3,apprentissage
2016-10-21,56403.60,63682.50,9.89,ouvré,automne,4,apprentissage
2016-10-22,51717.10,56441.00,8.86,week-end,automne,5,apprentissage
2016-10-23,49690.31,54879.50,10.09,week-end,automne,6,apprentissage
2016-10-24,54714.04,62132.50,13.56,ouvré,automne,0,apprentissage
2016-10-25,54859.67,61862.00,13.17,ouvré,automne,1,apprentissage
2016-10-26,55189.62,62191.50,12.13,ouvré,automne,2,apprentissage
2016-10-27,55712.38,62437.00,11.06,ouvré,automne,3,apprentissage
2016-10-28,55744.35,62991.00,10.47,ouvré,automne,4,apprentissage
2016-10-29,50253.19,54997.50,10.98,week-end,automne,5,apprentissage
2016-10-30,47259.81,52613.00,11.06,week-end,automne,6,apprentissage
2016-10-31,51317.69,57502.50,11.19,pont,automne,0,apprentissage
2016-11-01,49063.33,55781.00,10.53,férié,automne,1,apprentissage
2016-11-02,56403.67,66581.00,9.70,ouvré,automne,2,apprentissage
2016-11-03,60075.06,68649.00,7.22,ouvré,automne,3,apprentissage
2016-11-04,61325.42,67345.00,7.87,ouvré,automne,4,apprentissage
2016-11-05,54048.48,60543.00,9.67,week-end,automne,5,apprentissage
2016-11-06,53891.77,62690.00,6.22,week-end,automne,6,apprentissage
2016-11-07,65499.27,75553.00,4.61,ouvré,automne,0,apprentissage
2016-11-08,68029.23,76542.50,4.94,ouvré,automne,1,apprentissage
2016-11-09,67799.79,75745.50,6.99,ouvré,automne,2,apprentissage
2016-11-10,65282.23,71322.00,8.92,ouvré,automne,3,apprentissage
2016-11-11,57766.98,64702.00,7.74,férié,automne,4,apprentissage
2016-11-12,60242.10,66452.50,5.48,week-end,automne,5,apprentissage
2016-11-13,56374.44,63091.50,8.12,week-end,automne,6,apprentissage
2016-11-14,64294.79,73614.50,6.93,ouvré,automne,0,apprentissage
2016-11-15,64951.06,72463.00,8.40,ouvré,automne,1,apprentissage
2016-11-16,63000.23,70912.00,10.32,ouvré,automne,2,apprentissage
2016-11-17,61779.75,69661.50,10.97,ouvré,automne,3,apprentissage
2016-11-18,61978.92,69357.50,9.59,ouvré,automne,4,apprentissage
2016-11-19,57969.40,64454.00,7.77,week-end,automne,5,apprentissage
2016-11-20,53859.12,59950.50,11.12,week-end,automne,6,apprentissage
2016-11-21,59300.58,68320.50,12.61,ouvré,automne,0,apprentissage
2016-11-22,61657.65,69860.00,10.18,ouvré,automne,1,apprentissage
2016-11-23,61674.77,69192.00,10.63,ouvré,automne,2,apprentissage
2016-11-24,61285.67,69613.00,10.56,ouvré,automne,3,apprentissage
2016-11-25,62323.27,68950.50,8.66,ouvré,automne,4,apprentissage
2016-11-26,57407.77,63233.50,8.00,week-end,automne,5,apprentissage
2016-11-27,55749.38,63219.50,7.22,week-end,automne,6,apprentissage
2016-11-28,66453.67,77216.50,5.22,ouvré,automne,0,apprentissage
2016-11-29,72430.88,81489.00,2.63,ouvré,automne,1,apprentissage
2016-11-30,73148.44,80836.00,2.73,ouvré,automne,2,apprentissage
2016-12-01,73720.90,81631.50,2.58,ouvré,hiver,3,apprentissage
2016-12-02,73486.94,81022.00,3.42,ouvré,hiver,4,apprentissage
2016-12-03,66699.48,72273.50,3.90,week-end,hiver,5,apprentissage
2016-12-04,65051.06,71466.50,3.74,week-end,hiver,6,apprentissage
2016-12-05,70384.17,77705.00,5.28,ouvré,hiver,0,apprentissage
2016-12-06,70578.12,78343.00,5.32,ouvré,hiver,1,apprentissage
2016-12-07,71075.60,78422.50,4.99,ouvré,hiver,2,apprentissage
2016-12-08,70886.58,78676.00,5.41,ouvré,hiver,3,apprentissage
2016-12-09,69312.40,77525.00,5.74,ouvré,hiver,4,apprentissage
2016-12-10,64269.65,69247.00,4.97,week-end,hiver,5,apprentissage
2016-12-11,61382.31,67477.00,5.90,week-end,hiver,6,apprentissage
2016-12-12,68509.90,77480.50,5.75,ouvré,hiver,0,apprentissage
2016-12-13,69560.17,76746.50,6.09,ouvré,hiver,1,apprentissage
2016-12-14,69355.04,76840.50,5.76,ouvré,hiver,2,apprentissage
2016-12-15,70198.54,77304.00,5.31,ouvré,hiver,3,apprentissage
2016-12-16,67731.50,74525.00,6.85,ouvré,hiver,4,apprentissage
2016-12-17,64271.29,69570.00,4.71,week-end,hiver,5,apprentissage
2016-12-18,64001.65,70699.50,3.42,week-end,hiver,6,apprentissage
2016-12-19,72452.27,80585.50,3.65,ouvré,hiver,0,apprentissage
2016-12-20,72813.90,79915.00,3.71,ouvré,hiver,1,apprentissage
2016-12-21,72336.31,78317.50,4.50,ouvré,hiver,2,apprentissage
2016-12-22,69135.33,74659.50,6.03,ouvré,hiver,3,apprentissage
2016-12-23,66465.35,71958.50,6.11,ouvré,hiver,4,apprentissage
2016-12-24,58800.81,63676.50,8.10,Noël,hiver,5,apprentissage
2016-12-25,53731.94,60901.00,8.83,férié,hiver,6,apprentissage
2016-12-26,58032.98,65910.50,8.26,Noël,hiver,0,apprentissage
2016-12-27,63454.88,71396.00,4.30,Noël,hiver,1,apprentissage
2016-12-28,66906.96,73952.50,2.96,Noël,hiver,2,apprentissage
2016-12-29,70379.46,77588.00,1.26,Noël,hiver,3,apprentissage
2016-12-30,72462.12,79463.50,-0.04,Noël,hiver,4,apprentissage
2016-12-31,71891.44,77578.50,-0.89,Noël,hiver,5,apprentissage
2017-01-01,68817.60,75620.00,0.24,férié,hiver,6,apprentissage
2017-01-02,73540.21,83181.00,1.91,ouvré,hiver,0,apprentissage
2017-01-03,78466.65,87841.50,1.02,ouvré,hiver,1,apprentissage
2017-01-04,80083.27,87000.50,1.90,ouvré,hiver,2,apprentissage
2017-01-05,78534.90,86820.00,2.57,ouvré,hiver,3,apprentissage
2017-01-06,81606.92,89375.50,-1.04,ouvré,hiver,4,apprentissage
2017-01-07,78270.81,83049.50,-0.83,week-end,hiver,5,apprentissage
2017-01-08,70780.79,77225.50,3.61,week-end,hiver,6,apprentissage
2017-01-09,75208.58,82885.00,4.52,ouvré,hiver,0,apprentissage
2017-01-10,75057.83,82640.00,4.97,ouvré,hiver,1,apprentissage
2017-01-11,73526.98,80183.00,6.24,ouvré,hiver,2,apprentissage
2017-01-12,72125.02,79845.50,6.76,ouvré,hiver,3,apprentissage
2017-01-13,74686.73,82681.00,3.91,ouvré,hiver,4,apprentissage
2017-01-14,71089.81,76762.00,2.74,week-end,hiver,5,apprentissage
2017-01-15,69416.52,76242.50,2.49,week-end,hiver,6,apprentissage
2017-01-16,76330.65,85760.50,2.49,ouvré,hiver,0,apprentissage
2017-01-17,82145.92,91595.50,-1.02,ouvré,hiver,1,apprentissage
2017-01-18,85886.52,93540.00,-1.75,ouvré,hiver,2,apprentissage
2017-01-19,86614.69,93672.50,-1.81,ouvré,hiver,3,apprentissage
2017-01-20,85613.46,94186.50,-1.49,ouvré,hiver,4,apprentissage
2017-01-21,79169.92,85468.00,-0.62,week-end,hiver,5,apprentissage
2017-01-22,75799.15,81090.50,0.17,week-end,hiver,6,apprentissage
2017-01-23,81704.69,89344.00,0.45,ouvré,hiver,0,apprentissage
2017-01-24,83613.17,90782.50,-0.24,ouvré,hiver,1,apprentissage
2017-01-25,85097.94,92946.00,-1.00,ouvré,hiver,2,apprentissage
2017-01-26,84889.12,93186.50,-0.67,ouvré,hiver,3,apprentissage
2017-01-27,79787.98,87402.50,4.65,ouvré,hiver,4,apprentissage
2017-01-28,68194.73,73334.50,6.53,week-end,hiver,5,apprentissage
2017-01-29,64952.25,70443.00,5.63,week-end,hiver,6,apprentissage
2017-01-30,70150.31,77056.50,7.84,ouvré,hiver,0,apprentissage
2017-01-31,67232.92,73898.50,9.05,ouvré,hiver,1,apprentissage
2017-02-01,66074.21,73089.50,9.23,ouvré,hiver,2,apprentissage
2017-02-02,65814.77,72930.00,9.97,ouvré,hiver,3,apprentissage
2017-02-03,66409.40,73528.50,7.96,ouvré,hiver,4,apprentissage
2017-02-04,62214.56,67745.00,7.05,week-end,hiver,5,apprentissage
2017-02-05,60728.69,68058.00,6.53,week-end,hiver,6,apprentissage
2017-02-06,69382.29,77913.00,6.07,ouvré,hiver,0,apprentissage
2017-02-07,69136.17,76379.00,6.86,ouvré,hiver,1,apprentissage
2017-02-08,70754.96,78979.50,5.31,ouvré,hiver,2,apprentissage
2017-02-09,73275.42,81378.00,3.76,ouvré,hiver,3,apprentissage
2017-02-10,74026.77,80991.50,2.98,ouvré,hiver,4,apprentissage
2017-02-11,69856.27,75241.50,2.73,week-end,hiver,5,apprentissage
2017-02-12,65048.27,70641.00,5.61,week-end,hiver,6,apprentissage
2017-02-13,68067.50,75136.00,8.54,ouvré,hiver,0,apprentissage
2017-02-14,66787.62,73400.50,8.86,ouvré,hiver,1,apprentissage
2017-02-15,63848.08,70740.00,9.69,ouvré,hiver,2,apprentissage
2017-02-16,63499.98,70239.00,8.47,ouvré,hiver,3,apprentissage
2017-02-17,63532.27,70944.50,7.72,ouvré,hiver,4,apprentissage
2017-02-18,58994.19,63809.00,6.38,week-end,hiver,5,apprentissage
2017-02-19,57712.21,62746.00,6.21,week-end,hiver,6,apprentissage
2017-02-20,63732.92,71052.00,8.57,ouvré,hiver,0,apprentissage
2017-02-21,62674.48,69553.50,10.17,ouvré,hiver,1,apprentissage
2017-02-22,62278.12,69519.50,10.05,ouvré,hiver,2,apprentissage
2017-02-23,63012.17,70063.50,9.34,ouvré,hiver,3,apprentissage
2017-02-24,63530.52,70011.50,6.85,ouvré,hiver,4,apprentissage
2017-02-25,60285.06,65744.50,5.51,week-end,hiver,5,apprentissage
2017-02-26,56244.40,62249.00,8.17,week-end,hiver,6,apprentissage
2017-02-27,63205.08,72414.50,9.02,ouvré,hiver,0,apprentissage
2017-02-28,66929.33,74989.50,6.84,ouvré,hiver,1,apprentissage
2017-03-01,67502.60,73802.00,7.96,ouvré,printemps,2,apprentissage
2017-03-02,63988.44,70516.00,8.79,ouvré,printemps,3,apprentissage
2017-03-03,62156.27,68715.00,9.82,ouvré,printemps,4,apprentissage
2017-03-04,57420.83,63789.00,8.30,week-end,printemps,5,apprentissage
2017-03-05,57853.46,64376.00,7.00,week-end,printemps,6,apprentissage
2017-03-06,65166.65,73741.50,7.95,ouvré,printemps,0,apprentissage
2017-03-07,66417.27,73974.50,7.26,ouvré,printemps,1,apprentissage
2017-03-08,65362.38,71525.50,9.21,ouvré,printemps,2,apprentissage
2017-03-09,60906.75,66464.50,11.44,ouvré,printemps,3,apprentissage
2017-03-10,58427.69,65785.00,10.37,ouvré,printemps,4,apprentissage
2017-03-11,51981.77,57648.00,10.58,week-end,printemps,5,apprentissage
2017-03-12,49703.21,56339.00,10.28,week-end,printemps,6,apprentissage
2017-03-13,57099.69,63396.00,10.35,ouvré,printemps,0,apprentissage
2017-03-14,58528.35,65503.00,9.55,ouvré,printemps,1,apprentissage
2017-03-15,57517.67,63869.50,10.63,ouvré,printemps,2,apprentissage
2017-03-16,56245.62,63983.00,11.25,ouvré,printemps,3,apprentissage
2017-03-17,55478.67,61421.50,10.44,ouvré,printemps,4,apprentissage
2017-03-18,52285.58,57132.00,10.34,week-end,printemps,5,apprentissage
2017-03-19,48692.75,54773.50,11.61,week-end,printemps,6,apprentissage
2017-03-20,55938.71,63331.50,11.43,ouvré,printemps,0,apprentissage
2017-03-21,57897.90,64507.50,9.51,ouvré,printemps,1,apprentissage
2017-03-22,60207.27,65991.00,7.71,ouvré,printemps,2,apprentissage
2017-03-23,60720.23,66477.00,8.54,ouvré,printemps,3,apprentissage
2017-03-24,60444.60,67114.00,8.92,ouvré,printemps,4,apprentissage
2017-03-25,53093.60,58260.00,10.54,week-end,printemps,5,apprentissage
2017-03-26,48836.72,55450.50,10.77,week-end,printemps,6,apprentissage
2017-03-27,53923.52,61750.50,11.62,ouvré,printemps,0,apprentissage
2017-03-28,53707.46,60712.50,12.09,ouvré,printemps,1,apprentissage
2017-03-29,52834.29,59976.50,13.20,ouvré,printemps,2,apprentissage
2017-03-30,51454.42,58176.50,14.85,ouvré,printemps,3,apprentissage
2017-03-31,50159.50,55679.00,13.82,ouvré,printemps,4,apprentissage
2017-04-01,46985.42,51977.50,10.87,week-end,printemps,5,apprentissage
2017-04-02,45741.06,51397.00,10.63,week-end,printemps,6,apprentissage
2017-04-03,51927.35,59532.00,12.11,ouvré,printemps,0,apprentissage
2017-04-04,52399.71,58399.00,11.94,ouvré,printemps,1,apprentissage
2017-04-05,52873.25,58884.50,11.51,ouvré,printemps,2,apprentissage
2017-04-06,53801.83,60488.50,10.21,ouvré,printemps,3,apprentissage
2017-04-07,53021.10,61098.00,10.75,ouvré,printemps,4,apprentissage
2017-04-08,45699.42,51625.50,13.59,week-end,printemps,5,apprentissage
2017-04-09,41655.38,47664.00,15.18,week-end,printemps,6,apprentissage
2017-04-10,48256.62,54271.00,13.58,ouvré,printemps,0,apprentissage
2017-04-11,50294.33,56106.50,11.53,ouvré,printemps,1,apprentissage
2017-04-12,51007.71,56637.50,11.75,ouvré,printemps,2,apprentissage
2017-04-13,51088.69,56757.50,12.28,ouvré,printemps,3,apprentissage
2017-04-14,50082.44,55977.00,12.50,ouvré,printemps,4,apprentissage
2017-04-15,46083.35,50807.00,11.60,week-end,printemps,5,apprentissage
2017-04-16,43489.35,49781.50,11.16,week-end,printemps,6,apprentissage
2017-04-17,44962.38,51193.00,10.65,férié,printemps,0,apprentissage
2017-04-18,52991.17,59437.00,8.92,ouvré,printemps,1,apprentissage
2017-04-19,55842.88,61900.50,7.48,ouvré,printemps,2,apprentissage
2017-04-20,56803.00,64101.50,7.28,ouvré,printemps,3,apprentissage
2017-04-21,55059.71,62809.00,9.80,ouvré,printemps,4,apprentissage
2017-04-22,48017.54,53697.00,11.54,week-end,printemps,5,apprentissage
2017-04-23,44678.98,50770.00,11.26,week-end,printemps,6,apprentissage
2017-04-24,51189.67,57522.00,11.77,ouvré,printemps,0,apprentissage
2017-04-25,53468.50,59500.50,9.54,ouvré,printemps,1,apprentissage
2017-04-26,57233.19,63003.00,6.52,ouvré,printemps,2,apprentissage
2017-04-27,59001.48,65343.00,6.39,ouvré,printemps,3,apprentissage
2017-04-28,58073.94,65303.00,7.93,ouvré,printemps,4,apprentissage
2017-04-29,50113.94,57715.00,10.21,week-end,printemps,5,apprentissage
2017-04-30,46013.88,52297.00,11.35,week-end,printemps,6,apprentissage
2017-05-01,46245.67,52005.50,9.87,férié,printemps,0,apprentissage
2017-05-02,53759.81,60098.50,10.55,ouvré,printemps,1,apprentissage
2017-05-03,54747.15,60642.50,10.63,ouvré,printemps,2,apprentissage
2017-05-04,54178.08,60228.50,11.23,ouvré,printemps,3,apprentissage
2017-05-05,52326.00,58709.50,12.83,ouvré,printemps,4,apprentissage
2017-05-06,47023.69,52614.00,12.65,week-end,printemps,5,apprentissage
2017-05-07,44113.10,50077.50,12.37,week-end,printemps,6,apprentissage
2017-05-08,45512.50,50916.00,11.36,férié,printemps,0,apprentissage
2017-05-09,51379.58,57875.50,11.83,ouvré,printemps,1,apprentissage
2017-05-10,50965.19,56428.50,13.41,ouvré,printemps,2,apprentissage
2017-05-11,50508.88,56391.50,14.53,ouvré,printemps,3,apprentissage
2017-05-12,49469.71,55054.00,15.10,ouvré,printemps,4,apprentissage
2017-05-13,43527.52,49158.00,14.99,week-end,printemps,5,apprentissage
2017-05-14,40561.58,46711.50,15.29,week-end,printemps,6,apprentissage
2017-05-15,47263.46,53455.50,17.08,ouvré,printemps,0,apprentissage
2017-05-16,47610.31,53364.00,20.09,ouvré,printemps,1,apprentissage
2017-05-17,47571.96,53867.00,19.91,ouvré,printemps,2,apprentissage
2017-05-18,47870.73,54171.50,15.96,ouvré,printemps,3,apprentissage
2017-05-19,47757.62,54358.00,12.12,ouvré,printemps,4,apprentissage
2017-05-20,42850.71,48070.00,12.60,week-end,printemps,5,apprentissage
2017-05-21,39831.98,46010.00,15.13,week-end,printemps,6,apprentissage
2017-05-22,46405.67,52887.00,18.01,ouvré,printemps,0,apprentissage
2017-05-23,47182.10,53185.50,18.08,ouvré,printemps,1,apprentissage
2017-05-24,47170.25,53599.50,19.02,ouvré,printemps,2,apprentissage
2017-05-25,40968.29,46916.50,20.46,férié,printemps,3,apprentissage
2017-05-26,43065.08,49223.50,21.50,pont,printemps,4,apprentissage
2017-05-27,40843.10,45935.00,21.86,week-end,printemps,5,apprentissage
2017-05-28,38768.48,45794.00,22.39,week-end,printemps,6,apprentissage
2017-05-29,46556.44,53956.00,21.52,ouvré,printemps,0,apprentissage
2017-05-30,47576.10,54257.50,19.11,ouvré,printemps,1,apprentissage
2017-05-31,47540.17,54134.50,18.58,ouvré,printemps,2,apprentissage
2017-06-01,47844.40,54120.50,20.09,ouvré,été,3,apprentissage
2017-06-02,47425.54,54230.00,20.53,ouvré,été,4,apprentissage
2017-06-03,41542.69,46792.50,17.65,week-end,été,5,apprentissage
2017-06-04,37920.54,44393.00,15.86,week-end,été,6,apprentissage
2017-06-05,39629.50,45237.50,16.85,férié,été,0,apprentissage
2017-06-06,46151.98,53209.50,15.35,ouvré,été,1,apprentissage
2017-06-07,46896.33,53083.50,15.08,ouvré,été,2,apprentissage
2017-06-08,47344.00,53232.00,18.45,ouvré,été,3,apprentissage
2017-06-09,46958.02,53432.00,18.63,ouvré,été,4,apprentissage
2017-06-10,41723.56,46967.00,20.39,week-end,été,5,apprentissage
2017-06-11,39282.42,46162.00,21.86,week-end,été,6,apprentissage
2017-06-12,46663.35,53687.00,19.80,ouvré,été,0,apprentissage
2017-06-13,48279.27,54826.00,19.98,ouvré,été,1,apprentissage
2017-06-14,48750.04,55670.50,22.20,ouvré,été,2,apprentissage
2017-06-15,49269.44,56376.00,22.33,ouvré,été,3,apprentissage
2017-06-16,48253.98,54944.00,20.22,ouvré,été,4,apprentissage
2017-06-17,42779.23,47929.50,21.01,week-end,été,5,apprentissage
2017-06-18,40348.40,47866.00,23.29,week-end,été,6,apprentissage
2017-06-19,48849.23,56488.50,25.19,ouvré,été,0,apprentissage
2017-06-20,50852.71,57970.00,25.70,ouvré,été,1,apprentissage
2017-06-21,51487.85,58888.50,26.11,ouvré,été,2,apprentissage
2017-06-22,51796.92,59047.00,25.04,ouvré,été,3,apprentissage
2017-06-23,49700.08,56523.00,21.75,ouvré,été,4,apprentissage
2017-06-24,43420.60,48562.00,20.92,week-end,été,5,apprentissage
2017-06-25,40170.08,46996.50,21.12,week-end,été,6,apprentissage
2017-06-26,47742.92,55104.50,21.21,ouvré,été,0,apprentissage
2017-06-27,48962.35,55873.50,20.90,ouvré,été,1,apprentissage
2017-06-28,47818.48,54636.00,18.27,ouvré,été,2,apprentissage
2017-06-29,47078.92,53436.50,16.48,ouvré,été,3,apprentissage
2017-06-30,46564.77,53409.50,15.75,ouvré,été,4,apprentissage
2017-07-01,41625.42,47021.00,15.94,week-end,été,5,apprentissage
2017-07-02,39102.38,45714.00,16.93,week-end,été,6,apprentissage
2017-07-03,46445.60,53517.50,18.94,ouvré,été,0,apprentissage
2017-07-04,48105.92,54930.50,20.95,ouvré,été,1,apprentissage
2017-07-05,48924.71,56075.00,23.56,ouvré,été,2,apprentissage
2017-07-06,49672.31,56545.00,24.17,ouvré,été,3,apprentissage
2017-07-07,49747.15,56882.50,25.03,ouvré,été,4,apprentissage
2017-07-08,43906.54,49518.50,23.92,week-end,été,5,apprentissage
2017-07-09,40264.94,46471.50,22.12,week-end,été,6,apprentissage
2017-07-10,47012.31,54618.50,19.72,ouvré,été,0,apprentissage
2017-07-11,48000.56,54670.00,19.31,ouvré,été,1,apprentissage
2017-07-12,48654.85,55739.50,20.07,ouvré,été,2,apprentissage
2017-07-13,47947.23,54934.00,19.93,ouvré,été,3,apprentissage
2017-07-14,41484.27,46844.00,19.71,férié,été,4,apprentissage
2017-07-15,40896.19,46159.50,19.79,week-end,été,5,apprentissage
2017-07-16,39507.75,46774.00,21.99,week-end,été,6,apprentissage
2017-07-17,47762.27,55574.00,23.32,ouvré,été,0,apprentissage
2017-07-18,49683.35,56653.50,25.15,ouvré,été,1,apprentissage
2017-07-19,49570.88,56553.00,23.83,ouvré,été,2,apprentissage
2017-07-20,48349.46,55050.00,20.40,ouvré,été,3,apprentissage
2017-07-21,47309.94,54082.00,19.35,ouvré,été,4,apprentissage
2017-07-22,41986.48,47261.00,19.18,week-end,été,5,apprentissage
2017-07-23,39097.92,45588.00,18.67,week-end,été,6,apprentissage
2017-07-24,45735.06,52906.00,18.00,ouvré,été,0,apprentissage
2017-07-25,46730.46,53464.00,18.04,ouvré,été,1,apprentissage
2017-07-26,47022.02,53787.00,18.53,ouvré,été,2,apprentissage
2017-07-27,46973.19,53688.00,19.69,ouvré,été,3,apprentissage
2017-07-28,46021.23,52578.00,19.91,ouvré,été,4,apprentissage
2017-07-29,41239.77,46568.00,21.98,week-end,été,5,apprentissage
2017-07-30,38482.98,44642.50,21.84,week-end,été,6,apprentissage
2017-07-31,43949.52,50947.50,20.81,ouvré,été,0,apprentissage
2017-08-01,45066.54,51763.00,21.43,ouvré,été,1,apprentissage
2017-08-02,45545.21,52284.00,22.55,ouvré,été,2,apprentissage
2017-08-03,45861.12,52431.00,23.19,ouvré,été,3,apprentissage
2017-08-04,45368.40,51956.00,22.33,ouvré,été,4,apprentissage
2017-08-05,40828.25,46057.50,21.11,week-end,été,5,apprentissage
2017-08-06,37499.50,43555.00,19.17,week-end,été,6,apprentissage
2017-08-07,42030.67,48406.00,19.98,ouvré,été,0,apprentissage
2017-08-08,42240.75,48270.00,18.15,ouvré,été,1,apprentissage
2017-08-09,41799.79,47783.50,16.38,ouvré,été,2,apprentissage
2017-08-10,41767.56,47720.50,15.78,ouvré,été,3,apprentissage
2017-08-11,41566.56,47520.00,16.13,ouvré,été,4,apprentissage
2017-08-12,38412.67,43264.50,17.29,week-end,été,5,apprentissage
2017-08-13,36312.31,42386.00,18.72,week-end,été,6,apprentissage
2017-08-14,39930.42,45765.50,20.97,pont,été,0,apprentissage
2017-08-15,38094.85,43134.50,21.05,férié,été,1,apprentissage
2017-08-16,41943.25,48360.00,20.19,ouvré,été,2,apprentissage
2017-08-17,43096.44,49380.00,21.29,ouvré,été,3,apprentissage
2017-08-18,43264.31,50003.00,20.15,ouvré,été,4,apprentissage
2017-08-19,39416.65,44466.50,17.70,week-end,été,5,apprentissage
2017-08-20,37200.94,43648.00,17.18,week-end,été,6,apprentissage
2017-08-21,43541.71,50416.00,19.51,ouvré,été,0,apprentissage
2017-08-22,45326.35,51915.00,22.00,ouvré,été,1,apprentissage
2017-08-23,45768.35,52156.00,21.46,ouvré,été,2,apprentissage
2017-08-24,46179.88,52677.50,20.61,ouvré,été,3,apprentissage
2017-08-25,46146.27,52920.00,21.30,ouvré,été,4,apprentissage
2017-08-26,41786.25,47200.00,22.35,week-end,été,5,apprentissage
2017-08-27,39266.17,45277.50,23.12,week-end,été,6,apprentissage
2017-08-28,47152.10,55008.00,24.20,ouvré,été,0,apprentissage
2017-08-29,48848.33,56012.00,24.18,ouvré,été,1,apprentissage
2017-08-30,48650.52,55925.50,20.47,ouvré,été,2,apprentissage
2017-08-31,47211.58,53958.00,16.42,ouvré,été,3,apprentissage
2017-09-01,46305.46,52888.50,15.41,ouvré,automne,4,apprentissage
2017-09-02,41172.15,46386.00,15.31,week-end,automne,5,apprentissage
2017-09-03,39031.75,44381.50,15.15,week-end,automne,6,apprentissage
2017-09-04,46199.23,53200.00,18.44,ouvré,automne,0,apprentissage
2017-09-05,47632.35,54074.50,19.61,ouvré,automne,1,apprentissage
2017-09-06,47641.42,54160.50,17.90,ouvré,automne,2,apprentissage
2017-09-07,47539.67,53937.50,16.23,ouvré,automne,3,apprentissage
2017-09-08,47422.83,53971.50,16.47,ouvré,automne,4,apprentissage
2017-09-09,41860.85,47260.50,14.78,week-end,automne,5,apprentissage
2017-09-10,39392.27,44855.50,14.34,week-end,automne,6,apprentissage
2017-09-11,46831.85,53515.00,15.20,ouvré,automne,0,apprentissage
2017-09-12,47584.52,53564.00,14.99,ouvré,automne,1,apprentissage
2017-09-13,48991.71,55434.50,16.64,ouvré,automne,2,apprentissage
2017-09-14,49000.65,55537.50,14.65,ouvré,automne,3,apprentissage
2017-09-15,48648.96,54777.50,12.28,ouvré,automne,4,apprentissage
2017-09-16,43856.58,48926.00,11.53,week-end,automne,5,apprentissage
2017-09-17,42126.48,47549.50,11.65,week-end,automne,6,apprentissage
2017-09-18,49631.08,56131.00,11.99,ouvré,automne,0,apprentissage
2017-09-19,50910.40,57177.00,12.36,ouvré,automne,1,apprentissage
2017-09-20,50985.83,57196.50,12.62,ouvré,automne,2,apprentissage
2017-09-21,50070.81,55779.50,13.93,ouvré,automne,3,apprentissage
2017-09-22,49266.73,55469.00,14.60,ouvré,automne,4,apprentissage
2017-09-23,43627.10,48239.00,14.92,week-end,automne,5,apprentissage
2017-09-24,40671.06,46253.00,16.33,week-end,automne,6,apprentissage
2017-09-25,47940.75,54494.50,15.97,ouvré,automne,0,apprentissage
2017-09-26,49003.52,54952.00,15.87,ouvré,automne,1,apprentissage
2017-09-27,49133.38,55162.50,15.89,ouvré,automne,2,apprentissage
2017-09-28,48978.67,54674.00,17.22,ouvré,automne,3,apprentissage
2017-09-29,48184.21,54113.50,17.97,ouvré,automne,4,apprentissage
2017-09-30,43128.62,48443.00,14.93,week-end,automne,5,apprentissage
2017-10-01,41284.44,47657.00,14.42,week-end,automne,6,apprentissage
2017-10-02,48510.17,55189.50,16.74,ouvré,automne,0,apprentissage
2017-10-03,49323.21,55089.50,15.34,ouvré,automne,1,apprentissage
2017-10-04,50019.62,55829.00,13.19,ouvré,automne,2,apprentissage
2017-10-05,50643.40,56295.50,13.69,ouvré,automne,3,apprentissage
2017-10-06,50465.44,56402.50,12.28,ouvré,automne,4,apprentissage
2017-10-07,46191.33,50584.50,11.07,week-end,automne,5,apprentissage
2017-10-08,43202.46,49334.50,13.16,week-end,automne,6,apprentissage
2017-10-09,50025.85,56316.50,13.62,ouvré,automne,0,apprentissage
2017-10-10,50680.96,56344.00,14.14,ouvré,automne,1,apprentissage
2017-10-11,50664.54,56570.50,14.97,ouvré,automne,2,apprentissage
2017-10-12,50176.06,55544.00,15.82,ouvré,automne,3,apprentissage
2017-10-13,49317.10,55113.00,15.79,ouvré,automne,4,apprentissage
2017-10-14,43732.48,48266.50,15.58,week-end,automne,5,apprentissage
2017-10-15,40953.04,46942.50,16.68,week-end,automne,6,apprentissage
2017-10-16,47945.96,54548.00,17.77,ouvré,automne,0,apprentissage
2017-10-17,49167.46,54900.00,15.68,ouvré,automne,1,apprentissage
2017-10-18,49585.60,55935.00,15.72,ouvré,automne,2,apprentissage
2017-10-19,49578.02,55447.50,15.95,ouvré,automne,3,apprentissage
2017-10-20,49614.29,55633.50,14.82,ouvré,automne,4,apprentissage
2017-10-21,44846.62,49593.50,14.50,week-end,automne,5,apprentissage
2017-10-22,43941.75,50702.50,11.48,week-end,automne,6,apprentissage
2017-10-23,52274.79,60068.50,12.01,ouvré,automne,0,apprentissage
2017-10-24,52244.92,58342.00,14.43,ouvré,automne,1,apprentissage
2017-10-25,51390.62,57284.50,14.86,ouvré,automne,2,apprentissage
2017-10-26,51639.81,57516.50,14.23,ouvré,automne,3,apprentissage
2017-10-27,51189.85,57145.00,13.44,ouvré,automne,4,apprentissage
2017-10-28,47835.62,52236.00,10.09,week-end,automne,5,apprentissage
2017-10-29,46213.61,52983.50,11.08,week-end,automne,6,apprentissage
2017-10-30,54454.42,64064.00,9.01,ouvré,automne,0,apprentissage
2017-10-31,57952.90,64370.50,7.17,ouvré,automne,1,apprentissage
2017-11-01,52280.29,57812.00,8.81,férié,automne,2,apprentissage
2017-11-02,56177.54,63718.50,11.26,ouvré,automne,3,apprentissage
2017-11-03,55152.23,61105.50,11.60,ouvré,automne,4,apprentissage
2017-11-04,49890.44,55528.50,12.62,week-end,automne,5,apprentissage
2017-11-05,49496.77,58477.00,8.61,week-end,automne,6,apprentissage
2017-11-06,61151.06,71286.50,6.28,ouvré,automne,0,apprentissage
2017-11-07,65168.06,73460.50,5.01,ouvré,automne,1,apprentissage
2017-11-08,65918.44,74365.00,5.87,ouvré,automne,2,apprentissage
2017-11-09,65051.15,73054.00,7.10,ouvré,automne,3,apprentissage
2017-11-10,63376.44,69042.00,8.68,ouvré,automne,4,apprentissage
2017-11-11,54935.50,59764.50,10.52,férié,automne,5,apprentissage
2017-11-12,52540.50,61442.00,10.02,week-end,automne,6,apprentissage
2017-11-13,64277.85,74361.50,6.29,ouvré,automne,0,apprentissage
2017-11-14,67356.85,75255.50,5.54,ouvré,automne,1,apprentissage
2017-11-15,67336.60,74996.50,5.70,ouvré,automne,2,apprentissage
2017-11-16,67357.90,74535.00,5.67,ouvré,automne,3,apprentissage
2017-11-17,65894.06,72951.00,6.76,ouvré,automne,4,apprentissage
2017-11-18,60898.40,66551.50,5.99,week-end,automne,5,apprentissage
2017-11-19,58407.10,65165.50,6.19,week-end,automne,6,apprentissage
2017-11-20,66460.48,74925.50,6.63,ouvré,automne,0,apprentissage
2017-11-21,65644.08,72809.50,8.50,ouvré,automne,1,apprentissage
2017-11-22,63321.38,70494.50,9.97,ouvré,automne,2,apprentissage
2017-11-23,60821.17,67664.50,12.40,ouvré,automne,3,apprentissage
2017-11-24,60302.81,66648.00,10.61,ouvré,automne,4,apprentissage
2017-11-25,57565.25,65476.50,6.95,week-end,automne,5,apprentissage
2017-11-26,60316.69,67740.50,4.11,week-end,automne,6,apprentissage
2017-11-27,69142.33,77957.50,5.60,ouvré,automne,0,apprentissage
2017-11-28,69925.17,78437.00,5.33,ouvré,automne,1,apprentissage
2017-11-29,71752.04,80594.00,3.55,ouvré,automne,2,apprentissage
2017-11-30,74625.83,83464.00,2.89,ouvré,automne,3,apprentissage
2017-12-01,75914.58,82838.50,1.79,ouvré,hiver,4,apprentissage
2017-12-02,72526.75,78691.50,1.01,week-end,hiver,5,apprentissage
2017-12-03,71002.52,77270.50,1.15,week-end,hiver,6,apprentissage
2017-12-04,74420.96,81810.00,4.31,ouvré,hiver,0,apprentissage
2017-12-05,73764.60,80911.50,4.67,ouvré,hiver,1,apprentissage
2017-12-06,74280.08,82070.50,4.08,ouvré,hiver,2,apprentissage
2017-12-07,75154.25,81678.00,5.08,ouvré,hiver,3,apprentissage
2017-12-08,72673.02,80535.50,5.10,ouvré,hiver,4,apprentissage
2017-12-09,70170.50,75934.50,2.32,week-end,hiver,5,apprentissage
2017-12-10,66323.98,71513.00,5.90,week-end,hiver,6,apprentissage
2017-12-11,70550.08,80982.50,7.14,ouvré,hiver,0,apprentissage
2017-12-12,73970.15,82202.50,3.76,ouvré,hiver,1,apprentissage
2017-12-13,74981.88,81230.50,5.70,ouvré,hiver,2,apprentissage
2017-12-14,72105.58,79888.50,7.22,ouvré,hiver,3,apprentissage
2017-12-15,71941.62,78824.50,5.52,ouvré,hiver,4,apprentissage
2017-12-16,68049.85,74513.50,3.93,week-end,hiver,5,apprentissage
2017-12-17,67240.90,74090.00,3.58,week-end,hiver,6,apprentissage
2017-12-18,72761.29,80987.00,5.44,ouvré,hiver,0,apprentissage
2017-12-19,75088.21,82500.50,3.48,ouvré,hiver,1,apprentissage
2017-12-20,74317.25,80381.50,5.09,ouvré,hiver,2,apprentissage
2017-12-21,70497.60,76611.00,7.37,ouvré,hiver,3,apprentissage
2017-12-22,66523.67,72457.50,8.10,ouvré,hiver,4,apprentissage
2017-12-23,59685.73,65021.50,7.95,week-end,hiver,5,apprentissage
2017-12-24,58254.25,63396.00,6.81,Noël,hiver,6,apprentissage
2017-12-25,58095.40,63126.50,5.34,férié,hiver,0,apprentissage
2017-12-26,63104.60,70372.00,6.78,Noël,hiver,1,apprentissage
2017-12-27,65802.29,75039.00,5.49,Noël,hiver,2,apprentissage
2017-12-28,69261.81,76686.50,2.76,Noël,hiver,3,apprentissage
2017-12-29,69487.46,75937.50,4.46,Noël,hiver,4,apprentissage
2017-12-30,59893.69,66188.50,10.75,Noël,hiver,5,apprentissage
2017-12-31,55543.52,61554.00,10.66,Noël,hiver,6,apprentissage
2018-01-01,56302.04,62987.50,7.92,férié,hiver,0,apprentissage
2018-01-02,63102.96,70991.00,8.19,ouvré,hiver,1,apprentissage
2018-01-03,63761.27,72225.50,10.59,ouvré,hiver,2,apprentissage
2018-01-04,63169.19,70013.50,11.33,ouvré,hiver,3,apprentissage
2018-01-05,62318.71,69214.50,9.57,ouvré,hiver,4,apprentissage
2018-01-06,59227.12,65257.50,7.58,week-end,hiver,5,apprentissage
2018-01-07,58761.98,66407.00,7.54,week-end,hiver,6,apprentissage
2018-01-08,67164.83,76324.50,6.82,ouvré,hiver,0,apprentissage
2018-01-09,68683.54,76162.00,6.35,ouvré,hiver,1,apprentissage
2018-01-10,67405.12,74958.00,7.47,ouvré,hiver,2,apprentissage
2018-01-11,68516.17,76900.50,6.06,ouvré,hiver,3,apprentissage
2018-01-12,69889.92,76449.50,5.38,ouvré,hiver,4,apprentissage
2018-01-13,65975.46,71960.50,4.30,week-end,hiver,5,apprentissage
2018-01-14,63638.56,70462.00,4.57,week-end,hiver,6,apprentissage
2018-01-15,70662.42,78602.00,6.42,ouvré,hiver,0,apprentissage
2018-01-16,68532.27,76692.50,9.02,ouvré,hiver,1,apprentissage
2018-01-17,70484.10,79151.00,6.61,ouvré,hiver,2,apprentissage
2018-01-18,69634.88,76262.00,8.03,ouvré,hiver,3,apprentissage
2018-01-19,68817.38,75599.00,6.26,ouvré,hiver,4,apprentissage
2018-01-20,64436.00,70333.00,7.06,week-end,hiver,5,apprentissage
2018-01-21,59333.96,66338.00,8.49,week-end,hiver,6,apprentissage
2018-01-22,64262.81,72726.00,10.49,ouvré,hiver,0,apprentissage
2018-01-23,64893.62,72235.00,9.43,ouvré,hiver,1,apprentissage
2018-01-24,63726.15,71713.50,10.54,ouvré,hiver,2,apprentissage
2018-01-25,65070.62,73343.00,8.87,ouvré,hiver,3,apprentissage
2018-01-26,66985.75,73741.50,6.44,ouvré,hiver,4,apprentissage
2018-01-27,63842.77,69528.50,5.12,week-end,hiver,5,apprentissage
2018-01-28,60005.75,66038.50,7.07,week-end,hiver,6,apprentissage
2018-01-29,65833.21,74212.50,8.23,ouvré,hiver,0,apprentissage
2018-01-30,66266.48,73873.50,7.83,ouvré,hiver,1,apprentissage
2018-01-31,67475.35,76270.50,7.55,ouvré,hiver,2,apprentissage
2018-02-01,70213.65,79066.50,4.84,ouvré,hiver,3,apprentissage
2018-02-02,72491.27,79607.00,3.56,ouvré,hiver,4,apprentissage
2018-02-03,67554.96,72906.50,3.65,week-end,hiver,5,apprentissage
2018-02-04,66343.69,74429.00,3.07,week-end,hiver,6,apprentissage
2018-02-05,77231.02,86685.50,1.54,ouvré,hiver,0,apprentissage
2018-02-06,78708.94,87200.00,1.60,ouvré,hiver,1,apprentissage
2018-02-07,80049.06,88637.00,0.69,ouvré,hiver,2,apprentissage
2018-02-08,80230.21,87239.50,0.68,ouvré,hiver,3,apprentissage
2018-02-09,79876.60,87174.50,1.24,ouvré,hiver,4,apprentissage
2018-02-10,72386.10,76982.50,2.65,week-end,hiver,5,apprentissage
2018-02-11,67135.00,73472.50,4.88,week-end,hiver,6,apprentissage
2018-02-12,74370.04,82746.50,2.85,ouvré,hiver,0,apprentissage
2018-02-13,79028.17,86475.00,1.56,ouvré,hiver,1,apprentissage
2018-02-14,78045.60,84614.00,3.23,ouvré,hiver,2,apprentissage
2018-02-15,71888.65,77434.00,8.07,ouvré,hiver,3,apprentissage
2018-02-16,68817.90,76755.50,7.11,ouvré,hiver,4,apprentissage
2018-02-17,62918.58,68077.50,6.43,week-end,hiver,5,apprentissage
2018-02-18,62391.96,68662.50,4.50,week-end,hiver,6,apprentissage
2018-02-19,70529.04,78533.50,4.56,ouvré,hiver,0,apprentissage
2018-02-20,70390.15,78303.00,5.61,ouvré,hiver,1,apprentissage
2018-02-21,73132.08,81532.00,3.14,ouvré,hiver,2,apprentissage
2018-02-22,76916.21,83951.00,1.62,ouvré,hiver,3,apprentissage
2018-02-23,77731.46,85306.50,1.15,ouvré,hiver,4,apprentissage
2018-02-24,72350.27,77244.00,1.85,week-end,hiver,5,apprentissage
2018-02-25,70274.54,76684.50,1.13,week-end,hiver,6,apprentissage
2018-02-26,81881.56,91236.50,-2.01,ouvré,hiver,0,apprentissage
2018-02-27,87012.25,93674.50,-4.14,ouvré,hiver,1,apprentissage
2018-02-28,89600.08,96129.50,-3.84,ouvré,hiver,2,apprentissage
2018-03-01,84582.27,90948.50,1.50,ouvré,printemps,3,apprentissage
2018-03-02,76882.62,84372.00,4.55,ouvré,printemps,4,apprentissage
2018-03-03,66938.27,73758.50,5.97,week-end,printemps,5,apprentissage
2018-03-04,62062.75,67066.50,6.56,week-end,printemps,6,apprentissage
2018-03-05,67215.79,74086.00,7.39,ouvré,printemps,0,apprentissage
2018-03-06,66901.52,73679.00,7.12,ouvré,printemps,1,apprentissage
2018-03-07,67873.17,74160.50,6.50,ouvré,printemps,2,apprentissage
2018-03-08,67788.19,74510.50,7.24,ouvré,printemps,3,apprentissage
2018-03-09,64220.48,70216.50,9.92,ouvré,printemps,4,apprentissage
2018-03-10,55351.21,60918.50,12.33,week-end,printemps,5,apprentissage
2018-03-11,50928.35,56774.50,12.16,week-end,printemps,6,apprentissage
2018-03-12,60062.52,68608.50,9.88,ouvré,printemps,0,apprentissage
2018-03-13,62450.02,68589.50,8.51,ouvré,printemps,1,apprentissage
2018-03-14,62423.40,69371.50,8.79,ouvré,printemps,2,apprentissage
2018-03-15,62012.15,68051.50,9.25,ouvré,printemps,3,apprentissage
2018-03-16,61202.21,67624.50,8.47,ouvré,printemps,4,apprentissage
2018-03-17,59760.92,66024.50,5.09,week-end,printemps,5,apprentissage
2018-03-18,61730.33,69069.00,2.90,week-end,printemps,6,apprentissage
2018-03-19,72389.48,80768.50,2.26,ouvré,printemps,0,apprentissage
2018-03-20,74346.77,80985.00,3.15,ouvré,printemps,1,apprentissage
2018-03-21,73350.62,80811.50,3.78,ouvré,printemps,2,apprentissage
2018-03-22,72089.19,78670.00,4.14,ouvré,printemps,3,apprentissage
2018-03-23,69088.23,75771.50,6.22,ouvré,printemps,4,apprentissage
2018-03-24,60309.75,66314.50,7.59,week-end,printemps,5,apprentissage
2018-03-25,55699.30,61121.50,8.78,week-end,printemps,6,apprentissage
2018-03-26,62077.46,69750.00,8.55,ouvré,printemps,0,apprentissage
2018-03-27,64169.27,71074.50,8.43,ouvré,printemps,1,apprentissage
2018-03-28,62737.69,69093.00,9.85,ouvré,printemps,2,apprentissage
2018-03-29,63105.71,70647.50,7.93,ouvré,printemps,3,apprentissage
2018-03-30,63157.71,70180.00,7.45,ouvré,printemps,4,apprentissage
2018-03-31,58258.35,63123.00,6.83,week-end,printemps,5,apprentissage
2018-04-01,54856.96,61489.00,7.91,week-end,printemps,6,apprentissage
2018-04-02,53712.60,58262.50,10.13,férié,printemps,0,apprentissage
2018-04-03,57779.52,64315.50,12.12,ouvré,printemps,1,apprentissage
2018-04-04,58139.58,64072.50,11.30,ouvré,printemps,2,apprentissage
2018-04-05,58601.67,65778.00,9.92,ouvré,printemps,3,apprentissage
2018-04-06,56631.29,65761.50,11.60,ouvré,printemps,4,apprentissage
2018-04-07,48548.27,53759.50,13.98,week-end,printemps,5,apprentissage
2018-04-08,45271.52,50633.50,13.71,week-end,printemps,6,apprentissage
2018-04-09,52922.92,59740.00,12.09,ouvré,printemps,0,apprentissage
2018-04-10,55150.10,61063.50,11.02,ouvré,printemps,1,apprentissage
2018-04-11,56084.83,62557.00,10.99,ouvré,printemps,2,apprentissage
2018-04-12,56018.56,61899.50,10.74,ouvré,printemps,3,apprentissage
2018-04-13,54375.21,61124.00,11.28,ouvré,printemps,4,apprentissage
2018-04-14,48535.92,53956.50,11.83,week-end,printemps,5,apprentissage
2018-04-15,45253.92,51110.00,12.88,week-end,printemps,6,apprentissage
2018-04-16,51310.88,57607.50,12.60,ouvré,printemps,0,apprentissage
2018-04-17,51092.96,57579.00,14.09,ouvré,printemps,1,apprentissage
2018-04-18,48493.94,53706.50,17.40,ouvré,printemps,2,apprentissage
2018-04-19,47315.10,52939.00,18.58,ouvré,printemps,3,apprentissage
2018-04-20,47236.48,53307.00,18.76,ouvré,printemps,4,apprentissage
2018-04-21,41829.96,46781.50,19.17,week-end,printemps,5,apprentissage
2018-04-22,39012.31,44711.50,18.30,week-end,printemps,6,apprentissage
2018-04-23,45426.98,51838.00,15.18,ouvré,printemps,0,apprentissage
2018-04-24,46849.90,52778.50,14.96,ouvré,printemps,1,apprentissage
2018-04-25,47722.79,54049.00,14.28,ouvré,printemps,2,apprentissage
2018-04-26,48564.67,54498.50,12.32,ouvré,printemps,3,apprentissage
2018-04-27,48608.00,54376.00,12.73,ouvré,printemps,4,apprentissage
2018-04-28,43579.40,48699.50,12.65,week-end,printemps,5,apprentissage
2018-04-29,42856.96,49396.50,11.53,week-end,printemps,6,apprentissage
2018-04-30,50589.79,57900.00,9.31,pont,printemps,0,apprentissage
2018-05-01,45796.42,52379.50,9.22,férié,printemps,1,apprentissage
2018-05-02,52406.15,58847.00,10.55,ouvré,printemps,2,apprentissage
2018-05-03,51819.75,57449.50,11.92,ouvré,printemps,3,apprentissage
2018-05-04,50296.23,56530.50,13.49,ouvré,printemps,4,apprentissage
2018-05-05,43742.48,49461.00,16.06,week-end,printemps,5,apprentissage
2018-05-06,39735.77,45537.50,18.45,week-end,printemps,6,apprentissage
2018-05-07,44069.62,50302.00,19.19,pont,printemps,0,apprentissage
2018-05-08,40798.44,45930.50,17.62,férié,printemps,1,apprentissage
2018-05-09,43940.21,50224.50,15.70,ouvré,printemps,2,apprentissage
2018-05-10,41078.44,46446.00,13.68,férié,printemps,3,apprentissage
2018-05-11,44139.77,49507.50,14.26,pont,printemps,4,apprentissage
2018-05-12,41895.12,47421.50,14.11,week-end,printemps,5,apprentissage
2018-05-13,41563.62,48042.50,10.21,week-end,printemps,6,apprentissage
2018-05-14,50479.19,57786.50,10.91,ouvré,printemps,0,apprentissage
2018-05-15,51005.40,57768.00,13.70,ouvré,printemps,1,apprentissage
2018-05-16,49588.85,55747.00,14.54,ouvré,printemps,2,apprentissage
2018-05-17,49093.42,55066.00,14.00,ouvré,printemps,3,apprentissage
2018-05-18,47877.75,53874.00,14.30,ouvré,printemps,4,apprentissage
2018-05-19,42357.92,47703.00,14.61,week-end,printemps,5,apprentissage
2018-05-20,39319.10,45178.00,15.57,week-end,printemps,6,apprentissage
2018-05-21,40704.60,46194.00,17.05,férié,printemps,0,apprentissage
2018-05-22,46571.73,53218.50,16.83,ouvré,printemps,1,apprentissage
2018-05-23,47044.79,53409.00,16.47,ouvré,printemps,2,apprentissage
2018-05-24,47270.42,53416.50,17.96,ouvré,printemps,3,apprentissage
2018-05-25,47193.31,53661.00,18.39,ouvré,printemps,4,apprentissage
2018-05-26,41613.40,47265.50,20.10,week-end,printemps,5,apprentissage
2018-05-27,38887.75,44964.50,20.23,week-end,printemps,6,apprentissage
2018-05-28,45889.42,53073.50,19.10,ouvré,printemps,0,apprentissage
2018-05-29,46763.71,53148.00,18.21,ouvré,printemps,1,apprentissage
2018-05-30,47341.29,53930.50,18.49,ouvré,printemps,2,apprentissage
2018-05-31,47327.29,53539.00,18.18,ouvré,printemps,3,apprentissage
2018-06-01,46714.46,53387.00,17.75,ouvré,été,4,apprentissage
2018-06-02,41202.25,46691.00,18.70,week-end,été,5,apprentissage
2018-06-03,38488.75,44449.50,19.28,week-end,été,6,apprentissage
2018-06-04,45924.62,53030.50,18.82,ouvré,été,0,apprentissage
2018-06-05,47087.73,53683.50,18.17,ouvré,été,1,apprentissage
2018-06-06,47363.85,54282.50,17.93,ouvré,été,2,apprentissage
2018-06-07,47079.98,53514.00,18.62,ouvré,été,3,apprentissage
2018-06-08,46708.96,53374.00,19.41,ouvré,été,4,apprentissage
2018-06-09,41659.71,47178.00,20.04,week-end,été,5,apprentissage
2018-06-10,39055.33,45202.00,19.70,week-end,été,6,apprentissage
2018-06-11,46230.02,53327.50,18.36,ouvré,été,0,apprentissage
2018-06-12,46775.92,53454.50,17.32,ouvré,été,1,apprentissage
2018-06-13,46552.69,53209.50,16.17,ouvré,été,2,apprentissage
2018-06-14,46978.12,53209.00,16.40,ouvré,été,3,apprentissage
2018-06-15,46681.73,53661.00,17.82,ouvré,été,4,apprentissage
2018-06-16,41294.06,47125.50,18.05,week-end,été,5,apprentissage
2018-06-17,38432.27,44577.50,17.73,week-end,été,6,apprentissage
2018-06-18,45616.62,52823.50,18.41,ouvré,été,0,apprentissage
2018-06-19,47419.02,54164.50,19.98,ouvré,été,1,apprentissage
2018-06-20,48333.88,55791.00,22.14,ouvré,été,2,apprentissage
2018-06-21,47887.15,54869.50,20.15,ouvré,été,3,apprentissage
2018-06-22,46238.96,52811.00,17.07,ouvré,été,4,apprentissage
2018-06-23,40929.38,46199.00,17.37,week-end,été,5,apprentissage
2018-06-24,38570.96,44829.50,18.47,week-end,été,6,apprentissage
2018-06-25,45996.12,53254.50,19.46,ouvré,été,0,apprentissage
2018-06-26,47690.96,54510.00,21.15,ouvré,été,1,apprentissage
2018-06-27,48064.40,55128.50,21.91,ouvré,été,2,apprentissage
2018-06-28,48097.27,54729.00,22.08,ouvré,été,3,apprentissage
2018-06-29,47963.96,54950.50,22.40,ouvré,été,4,apprentissage
2018-06-30,43454.56,49233.50,24.02,week-end,été,5,apprentissage
2018-07-01,40760.69,46942.00,24.89,week-end,été,6,apprentissage
2018-07-02,47835.15,55763.00,23.33,ouvré,été,0,apprentissage
2018-07-03,49297.58,56675.50,22.75,ouvré,été,1,apprentissage
2018-07-04,49234.29,56753.50,22.30,ouvré,été,2,apprentissage
2018-07-05,48270.94,55274.50,20.36,ouvré,été,3,apprentissage
2018-07-06,47703.81,54920.50,21.21,ouvré,été,4,apprentissage
2018-07-07,42885.10,48664.00,22.98,week-end,été,5,apprentissage
2018-07-08,40425.73,46748.50,23.59,week-end,été,6,apprentissage
2018-07-09,47794.42,55797.50,22.76,ouvré,été,0,apprentissage
2018-07-10,48779.58,56094.50,21.01,ouvré,été,1,apprentissage
2018-07-11,48300.94,55011.00,19.61,ouvré,été,2,apprentissage
2018-07-12,48567.88,55408.50,20.16,ouvré,été,3,apprentissage
2018-07-13,48446.02,55950.00,21.98,ouvré,été,4,apprentissage
2018-07-14,42230.67,47729.50,22.96,férié,été,5,apprentissage
2018-07-15,40148.17,46274.00,23.21,week-end,été,6,apprentissage
2018-07-16,46724.65,54231.00,21.85,ouvré,été,0,apprentissage
2018-07-17,48196.27,55084.00,21.67,ouvré,été,1,apprentissage
2018-07-18,48653.50,55789.00,21.88,ouvré,été,2,apprentissage
2018-07-19,48960.08,56381.50,22.96,ouvré,été,3,apprentissage
2018-07-20,47840.25,55024.00,20.76,ouvré,été,4,apprentissage
2018-07-21,41889.12,47246.00,19.98,week-end,été,5,apprentissage
2018-07-22,39381.21,45549.50,21.06,week-end,été,6,apprentissage
2018-07-23,46958.69,54777.50,23.07,ouvré,été,0,apprentissage
2018-07-24,48783.67,56202.50,24.07,ouvré,été,1,apprentissage
2018-07-25,49453.96,56808.50,24.80,ouvré,été,2,apprentissage
2018-07-26,49864.67,57318.50,25.89,ouvré,été,3,apprentissage
2018-07-27,48772.54,56302.00,24.89,ouvré,été,4,apprentissage
2018-07-28,42229.69,47085.50,21.78,week-end,été,5,apprentissage
2018-07-29,39665.15,45624.50,22.26,week-end,été,6,apprentissage
2018-07-30,45994.94,53412.00,23.59,ouvré,été,0,apprentissage
2018-07-31,47459.44,54546.50,23.57,ouvré,été,1,apprentissage
2018-08-01,47561.52,54595.50,23.43,ouvré,été,2,apprentissage
2018-08-02,47896.06,55147.50,24.74,ouvré,été,3,apprentissage
2018-08-03,47669.15,55076.50,26.60,ouvré,été,4,apprentissage
2018-08-04,43193.27,48934.00,26.51,week-end,été,5,apprentissage
2018-08-05,40491.12,45703.00,25.41,week-end,été,6,apprentissage
2018-08-06,45335.90,52976.00,26.04,ouvré,été,0,apprentissage
2018-08-07,45861.06,53188.50,25.68,ouvré,été,1,apprentissage
2018-08-08,44592.94,50531.00,22.60,ouvré,été,2,apprentissage
2018-08-09,43254.29,49393.50,19.02,ouvré,été,3,apprentissage
2018-08-10,42073.23,48002.50,18.33,ouvré,été,4,apprentissage
2018-08-11,39000.40,43891.00,19.60,week-end,été,5,apprentissage
2018-08-12,36955.71,42528.50,21.57,week-end,été,6,apprentissage
2018-08-13,41075.98,47193.00,20.31,ouvré,été,0,apprentissage
2018-08-14,41710.54,47771.00,19.94,ouvré,été,1,apprentissage
2018-08-15,38719.94,43397.50,20.27,férié,été,2,apprentissage
2018-08-16,42358.77,48963.50,21.60,ouvré,été,3,apprentissage
2018-08-17,42190.10,48235.00,19.83,ouvré,été,4,apprentissage
2018-08-18,39325.77,44444.50,19.63,week-end,été,5,apprentissage
2018-08-19,37774.60,43703.50,21.11,week-end,été,6,apprentissage
2018-08-20,43755.29,50820.00,21.89,ouvré,été,0,apprentissage
2018-08-21,45494.21,52179.50,22.74,ouvré,été,1,apprentissage
2018-08-22,46030.81,53130.50,23.04,ouvré,été,2,apprentissage
2018-08-23,45936.08,52612.00,21.92,ouvré,été,3,apprentissage
2018-08-24,44626.75,51009.50,18.67,ouvré,été,4,apprentissage
2018-08-25,39939.56,45042.00,15.93,week-end,été,5,apprentissage
2018-08-26,37733.10,43705.00,16.22,week-end,été,6,apprentissage
2018-08-27,44692.33,51810.50,19.18,ouvré,été,0,apprentissage
2018-08-28,46689.08,53453.50,20.49,ouvré,été,1,apprentissage
2018-08-29,46796.85,54030.00,19.56,ouvré,été,2,apprentissage
2018-08-30,46620.67,53167.00,17.46,ouvré,été,3,apprentissage
2018-08-31,46149.81,52769.00,17.74,ouvré,été,4,apprentissage
2018-09-01,41109.67,46497.00,17.41,week-end,automne,5,apprentissage
2018-09-02,38781.98,43766.50,17.76,week-end,automne,6,apprentissage
2018-09-03,45594.71,52518.00,18.50,ouvré,automne,0,apprentissage
2018-09-04,47143.98,53537.50,19.18,ouvré,automne,1,apprentissage
2018-09-05,47506.00,54286.00,19.81,ouvré,automne,2,apprentissage
2018-09-06,47391.33,54021.00,18.46,ouvré,automne,3,apprentissage
2018-09-07,46750.94,53345.50,17.40,ouvré,automne,4,apprentissage
2018-09-08,41376.98,46791.50,17.36,week-end,automne,5,apprentissage
2018-09-09,39115.90,44215.00,19.09,week-end,automne,6,apprentissage
2018-09-10,46157.46,52963.50,19.63,ouvré,automne,0,apprentissage
2018-09-11,47808.33,54355.50,20.46,ouvré,automne,1,apprentissage
2018-09-12,48045.08,55065.50,20.23,ouvré,automne,2,apprentissage
2018-09-13,47893.02,54321.00,18.63,ouvré,automne,3,apprentissage
2018-09-14,47002.00,53651.50,17.59,ouvré,automne,4,apprentissage
2018-09-15,41611.92,47052.50,16.84,week-end,automne,5,apprentissage
2018-09-16,39256.06,44187.00,17.62,week-end,automne,6,apprentissage
2018-09-17,46466.15,53280.00,19.67,ouvré,automne,0,apprentissage
2018-09-18,47533.00,53927.00,20.43,ouvré,automne,1,apprentissage
2018-09-19,47847.33,54615.00,20.50,ouvré,automne,2,apprentissage
2018-09-20,47787.52,54092.50,20.52,ouvré,automne,3,apprentissage
2018-09-21,47173.60,53801.50,18.01,ouvré,automne,4,apprentissage
2018-09-22,41558.48,46882.00,15.76,week-end,automne,5,apprentissage
2018-09-23,39860.69,45514.00,18.72,week-end,automne,6,apprentissage
2018-09-24,46477.60,53216.00,13.44,ouvré,automne,0,apprentissage
2018-09-25,48047.48,54170.50,12.85,ouvré,automne,1,apprentissage
2018-09-26,48629.08,55008.50,14.35,ouvré,automne,2,apprentissage
2018-09-27,48468.31,54326.50,16.30,ouvré,automne,3,apprentissage
2018-09-28,47554.42,53598.50,16.49,ouvré,automne,4,apprentissage
2018-09-29,42560.27,47781.00,14.49,week-end,automne,5,apprentissage
2018-09-30,40728.94,46276.50,13.37,week-end,automne,6,apprentissage
2018-10-01,48113.65,54811.50,12.45,ouvré,automne,0,apprentissage
2018-10-02,50631.56,57017.50,12.06,ouvré,automne,1,apprentissage
2018-10-03,49862.90,56404.50,15.12,ouvré,automne,2,apprentissage
2018-10-04,49339.69,55272.50,15.08,ouvré,automne,3,apprentissage
2018-10-05,48565.48,54714.00,16.04,ouvré,automne,4,apprentissage
2018-10-06,42686.75,47886.50,16.24,week-end,automne,5,apprentissage
2018-10-07,41198.48,47413.50,13.75,week-end,automne,6,apprentissage
2018-10-08,48557.77,55404.00,13.24,ouvré,automne,0,apprentissage
2018-10-09,49326.88,55395.00,14.66,ouvré,automne,1,apprentissage
2018-10-10,49000.27,55347.00,16.20,ouvré,automne,2,apprentissage
2018-10-11,48533.90,54325.50,17.68,ouvré,automne,3,apprentissage
2018-10-12,47880.88,54117.00,18.45,ouvré,automne,4,apprentissage
2018-10-13,42226.94,47705.50,19.16,week-end,automne,5,apprentissage
2018-10-14,39921.92,45888.50,18.37,week-end,automne,6,apprentissage
2018-10-15,46868.73,53428.50,17.09,ouvré,automne,0,apprentissage
2018-10-16,48215.75,54397.00,15.98,ouvré,automne,1,apprentissage
2018-10-17,48674.79,55018.00,14.83,ouvré,automne,2,apprentissage
2018-10-18,48683.35,54478.00,15.54,ouvré,automne,3,apprentissage
2018-10-19,48500.21,54736.00,14.34,ouvré,automne,4,apprentissage
2018-10-20,43668.27,48595.00,13.35,week-end,automne,5,apprentissage
2018-10-21,42060.56,47519.00,12.47,week-end,automne,6,apprentissage
2018-10-22,50087.56,57228.50,12.44,ouvré,automne,0,apprentissage
2018-10-23,52395.46,59369.00,11.30,ouvré,automne,1,apprentissage
2018-10-24,52429.33,58764.00,12.50,ouvré,automne,2,apprentissage
2018-10-25,51719.42,58116.50,12.72,ouvré,automne,3,apprentissage
2018-10-26,52943.90,59440.00,10.63,ouvré,automne,4,apprentissage
2018-10-27,50730.02,56744.50,7.48,week-end,automne,5,apprentissage
2018-10-28,52531.92,60591.50,6.08,week-end,automne,6,apprentissage
2018-10-29,63478.29,73552.50,5.12,ouvré,automne,0,apprentissage
2018-10-30,64205.06,71234.00,6.52,ouvré,automne,1,apprentissage
2018-10-31,62362.83,68727.00,8.40,ouvré,automne,2,apprentissage
2018-11-01,53772.65,59745.00,10.03,férié,automne,3,apprentissage
2018-11-02,56679.15,63902.50,8.52,pont,automne,4,apprentissage
2018-11-03,55908.17,61196.50,7.24,week-end,automne,5,apprentissage
2018-11-04,53084.73,58738.50,8.72,week-end,automne,6,apprentissage
2018-11-05,57243.96,64978.00,12.31,ouvré,automne,0,apprentissage
2018-11-06,57135.19,65225.50,12.07,ouvré,automne,1,apprentissage
2018-11-07,58859.17,67184.50,10.80,ouvré,automne,2,apprentissage
2018-11-08,59689.54,67226.00,9.45,ouvré,automne,3,apprentissage
2018-11-09,58382.10,64684.50,10.81,ouvré,automne,4,apprentissage
2018-11-10,52036.67,57306.50,12.26,week-end,automne,5,apprentissage
2018-11-11,48865.15,55459.50,12.75,férié,automne,6,apprentissage
2018-11-12,55486.79,64199.00,12.92,ouvré,automne,0,apprentissage
2018-11-13,56651.67,64715.00,11.72,ouvré,automne,1,apprentissage
2018-11-14,58050.73,65607.00,10.09,ouvré,automne,2,apprentissage
2018-11-15,58264.00,66027.50,10.27,ouvré,automne,3,apprentissage
2018-11-16,59217.00,65889.00,8.90,ouvré,automne,4,apprentissage
2018-11-17,56324.65,63054.00,6.92,week-end,automne,5,apprentissage
2018-11-18,56732.56,63795.00,5.45,week-end,automne,6,apprentissage
2018-11-19,68514.69,78519.00,3.46,ouvré,automne,0,apprentissage
2018-11-20,71803.46,79883.50,3.07,ouvré,automne,1,apprentissage
2018-11-21,71786.48,79230.50,3.60,ouvré,automne,2,apprentissage
2018-11-22,70453.79,77078.50,5.10,ouvré,automne,3,apprentissage
2018-11-23,68402.83,74882.50,6.04,ouvré,automne,4,apprentissage
2018-11-24,60360.77,65497.50,7.23,week-end,automne,5,apprentissage
2018-11-25,59028.38,65883.50,6.37,week-end,automne,6,apprentissage
2018-11-26,67217.94,76802.50,6.02,ouvré,automne,0,apprentissage
2018-11-27,68621.58,76176.50,6.54,ouvré,automne,1,apprentissage
2018-11-28,66627.98,73496.50,8.57,ouvré,automne,2,apprentissage
2018-11-29,64280.40,71003.00,10.02,ouvré,automne,3,apprentissage
2018-11-30,63119.65,69187.50,8.98,ouvré,automne,4,apprentissage
2018-12-01,58613.48,63655.00,8.39,week-end,hiver,5,apprentissage
2018-12-02,54169.60,59790.50,11.75,week-end,hiver,6,apprentissage
2018-12-03,58829.48,67255.00,12.63,ouvré,hiver,0,apprentissage
2018-12-04,59891.81,68282.00,10.45,ouvré,hiver,1,apprentissage
2018-12-05,61798.46,69267.50,9.49,ouvré,hiver,2,apprentissage
2018-12-06,60568.42,67691.50,11.64,ouvré,hiver,3,apprentissage
2018-12-07,60785.65,67876.00,10.40,ouvré,hiver,4,apprentissage
2018-12-08,57977.23,62934.50,9.21,week-end,hiver,5,apprentissage
2018-12-09,55424.90,62817.50,9.92,week-end,hiver,6,apprentissage
2018-12-10,63999.58,73518.50,7.77,ouvré,hiver,0,apprentissage
2018-12-11,68256.77,76680.50,4.73,ouvré,hiver,1,apprentissage
2018-12-12,71793.52,80288.00,2.77,ouvré,hiver,2,apprentissage
2018-12-13,75093.98,84114.50,2.01,ouvré,hiver,3,apprentissage
2018-12-14,76260.94,83244.50,1.20,ouvré,hiver,4,apprentissage
2018-12-15,71726.62,77119.00,1.95,week-end,hiver,5,apprentissage
2018-12-16,65146.96,70678.50,5.67,week-end,hiver,6,apprentissage
2018-12-17,69197.40,77441.50,6.69,ouvré,hiver,0,apprentissage
2018-12-18,70737.29,78145.00,6.14,ouvré,hiver,1,apprentissage
2018-12-19,68134.12,75328.00,7.92,ouvré,hiver,2,apprentissage
2018-12-20,67425.75,74168.00,7.45,ouvré,hiver,3,apprentissage
2018-12-21,64212.52,70595.50,10.24,ouvré,hiver,4,apprentissage
2018-12-22,55893.79,60998.50,11.10,week-end,hiver,5,apprentissage
2018-12-23,53138.21,58110.50,10.76,week-end,hiver,6,apprentissage
2018-12-24,54331.12,59556.50,9.40,pont,hiver,0,apprentissage
2018-12-25,54584.19,62293.00,4.37,férié,hiver,1,apprentissage
2018-12-26,65192.44,73261.50,1.71,Noël,hiver,2,apprentissage
2018-12-27,68783.94,75434.00,1.80,Noël,hiver,3,apprentissage
2018-12-28,68388.35,74456.50,3.11,Noël,hiver,4,apprentissage
2018-12-29,65269.15,70642.00,4.00,Noël,hiver,5,apprentissage
2018-12-30,61559.04,66983.50,5.46,Noël,hiver,6,apprentissage
2018-12-31,62406.19,68003.00,6.51,pont,hiver,0,apprentissage
2019-01-01,58456.85,64288.00,6.59,férié,hiver,1,apprentissage
2019-01-02,66135.67,75837.50,5.37,ouvré,hiver,2,apprentissage
2019-01-03,72429.92,80206.50,2.79,ouvré,hiver,3,apprentissage
2019-01-04,75035.77,81498.50,2.16,ouvré,hiver,4,apprentissage
2019-01-05,70525.54,75463.00,3.05,week-end,hiver,5,apprentissage
2019-01-06,67694.65,74583.00,3.79,week-end,hiver,6,apprentissage
2019-01-07,73510.17,81581.00,5.01,ouvré,hiver,0,apprentissage
2019-01-08,72492.60,80050.00,6.29,ouvré,hiver,1,apprentissage
2019-01-09,74101.25,83123.00,4.38,ouvré,hiver,2,apprentissage
2019-01-10,77473.62,85984.00,2.41,ouvré,hiver,3,apprentissage
2019-01-11,76533.23,83544.00,3.19,ouvré,hiver,4,apprentissage
2019-01-12,68562.58,73222.50,5.55,week-end,hiver,5,apprentissage
2019-01-13,62183.69,68033.00,8.47,week-end,hiver,6,apprentissage
2019-01-14,68072.21,77349.50,7.94,ouvré,hiver,0,apprentissage
2019-01-15,70619.90,78233.50,5.75,ouvré,hiver,1,apprentissage
2019-01-16,72926.15,81083.00,4.62,ouvré,hiver,2,apprentissage
2019-01-17,71392.71,80108.50,5.74,ouvré,hiver,3,apprentissage
2019-01-18,74970.71,82912.00,2.08,ouvré,hiver,4,apprentissage
2019-01-19,70531.98,75706.00,1.94,week-end,hiver,5,apprentissage
2019-01-20,67246.56,74127.50,3.25,week-end,hiver,6,apprentissage
2019-01-21,76809.08,86218.50,1.28,ouvré,hiver,0,apprentissage
2019-01-22,79380.17,86695.00,1.25,ouvré,hiver,1,apprentissage
2019-01-23,78659.21,87514.00,1.95,ouvré,hiver,2,apprentissage
2019-01-24,80309.92,88106.00,1.36,ouvré,hiver,3,apprentissage
2019-01-25,77510.58,84354.50,3.14,ouvré,hiver,4,apprentissage
2019-01-26,67508.29,72359.00,6.46,week-end,hiver,5,apprentissage
2019-01-27,64431.62,72859.50,5.97,week-end,hiver,6,apprentissage
2019-01-28,73855.85,82917.50,4.05,ouvré,hiver,0,apprentissage
2019-01-29,76675.40,84453.50,2.72,ouvré,hiver,1,apprentissage
2019-01-30,77216.08,85505.00,2.68,ouvré,hiver,2,apprentissage
2019-01-31,78307.60,84908.00,2.63,ouvré,hiver,3,apprentissage
2019-02-01,73943.81,80152.00,5.39,ouvré,hiver,4,apprentissage
2019-02-02,69333.00,75765.00,3.91,week-end,hiver,5,apprentissage
2019-02-03,68711.17,75625.00,3.04,week-end,hiver,6,apprentissage
2019-02-04,78172.60,86067.00,2.30,ouvré,hiver,0,apprentissage
2019-02-05,75308.56,82407.50,4.53,ouvré,hiver,1,apprentissage
2019-02-06,72370.92,79472.50,6.33,ouvré,hiver,2,apprentissage
2019-02-07,70569.65,77773.50,7.06,ouvré,hiver,3,apprentissage
2019-02-08,69949.90,76903.50,7.47,ouvré,hiver,4,apprentissage
2019-02-09,62651.73,67432.50,8.71,week-end,hiver,5,apprentissage
2019-02-10,60343.38,68227.50,8.05,week-end,hiver,6,apprentissage
2019-02-11,69734.85,77719.50,5.83,ouvré,hiver,0,apprentissage
2019-02-12,71763.17,80617.50,4.37,ouvré,hiver,1,apprentissage
2019-02-13,71857.17,81463.50,4.19,ouvré,hiver,2,apprentissage
2019-02-14,69983.79,79843.00,5.84,ouvré,hiver,3,apprentissage
2019-02-15,66930.29,77153.00,7.20,ouvré,hiver,4,apprentissage
2019-02-16,60210.52,66171.00,7.55,week-end,hiver,5,apprentissage
2019-02-17,56327.40,61609.50,8.66,week-end,hiver,6,apprentissage
2019-02-18,63091.69,70718.50,7.98,ouvré,hiver,0,apprentissage
2019-02-19,64697.94,71418.50,7.23,ouvré,hiver,1,apprentissage
2019-02-20,65548.25,74254.50,6.72,ouvré,hiver,2,apprentissage
2019-02-21,64367.69,72900.00,8.00,ouvré,hiver,3,apprentissage
2019-02-22,62148.88,71507.50,9.33,ouvré,hiver,4,apprentissage
2019-02-23,55160.08,59977.50,9.67,week-end,hiver,5,apprentissage
2019-02-24,53696.25,58690.00,8.37,week-end,hiver,6,apprentissage
2019-02-25,60462.90,69341.50,9.08,ouvré,hiver,0,apprentissage
2019-02-26,59825.33,68348.00,10.15,ouvré,hiver,1,apprentissage
2019-02-27,58780.23,67220.00,10.78,ouvré,hiver,2,apprentissage
2019-02-28,59140.81,65781.00,10.20,ouvré,hiver,3,apprentissage
2019-03-01,59320.77,64914.50,9.79,ouvré,printemps,4,apprentissage
2019-03-02,54647.33,59171.00,9.50,week-end,printemps,5,apprentissage
2019-03-03,51936.42,57063.50,11.11,week-end,printemps,6,apprentissage
2019-03-04,60229.10,69182.50,9.50,ouvré,printemps,0,apprentissage
2019-03-05,61895.17,68504.50,8.95,ouvré,printemps,1,apprentissage
2019-03-06,61692.83,68475.00,10.49,ouvré,printemps,2,apprentissage
2019-03-07,61069.62,67619.00,9.53,ouvré,printemps,3,apprentissage
2019-03-08,61395.94,68267.00,8.52,ouvré,printemps,4,apprentissage
2019-03-09,55084.10,60226.00,10.64,week-end,printemps,5,apprentissage
2019-03-10,51253.92,58096.50,11.21,week-end,printemps,6,apprentissage
2019-03-11,61074.04,67938.50,7.32,ouvré,printemps,0,apprentissage
2019-03-12,63878.83,70884.50,7.31,ouvré,printemps,1,apprentissage
2019-03-13,64255.23,70945.50,7.59,ouvré,printemps,2,apprentissage
2019-03-14,65125.33,71703.50,8.59,ouvré,printemps,3,apprentissage
2019-03-15,61550.42,67116.50,11.11,ouvré,printemps,4,apprentissage
2019-03-16,53494.06,59037.00,11.33,week-end,printemps,5,apprentissage
2019-03-17,52584.52,60486.00,8.61,week-end,printemps,6,apprentissage
2019-03-18,62325.94,69221.00,6.83,ouvré,printemps,0,apprentissage
2019-03-19,62870.85,69847.00,7.03,ouvré,printemps,1,apprentissage
2019-03-20,62042.50,69672.50,7.82,ouvré,printemps,2,apprentissage
2019-03-21,60067.29,67886.00,8.93,ouvré,printemps,3,apprentissage
2019-03-22,57730.58,66723.50,10.22,ouvré,printemps,4,apprentissage
2019-03-23,51469.60,55930.00,10.51,week-end,printemps,5,apprentissage
2019-03-24,48818.27,54463.00,10.21,week-end,printemps,6,apprentissage
2019-03-25,57077.25,63286.00,8.57,ouvré,printemps,0,apprentissage
2019-03-26,58960.77,65753.00,8.14,ouvré,printemps,1,apprentissage
2019-03-27,58837.65,65260.00,8.53,ouvré,printemps,2,apprentissage
2019-03-28,57769.50,64333.50,9.22,ouvré,printemps,3,apprentissage
2019-03-29,55647.67,63220.00,10.69,ouvré,printemps,4,apprentissage
2019-03-30,48922.10,54082.50,11.51,week-end,printemps,5,apprentissage
2019-03-31,46174.30,51227.00,11.75,week-end,printemps,6,apprentissage
2019-04-01,52171.00,59529.00,12.32,ouvré,printemps,0,apprentissage
2019-04-02,53982.83,59534.00,10.96,ouvré,printemps,1,apprentissage
2019-04-03,58972.46,65393.00,6.72,ouvré,printemps,2,apprentissage
2019-04-04,61336.15,69440.00,5.91,ouvré,printemps,3,apprentissage
2019-04-05,60028.50,68570.50,7.91,ouvré,printemps,4,apprentissage
2019-04-06,53908.19,58952.50,9.09,week-end,printemps,5,apprentissage
2019-04-07,50750.35,56062.00,9.47,week-end,printemps,6,apprentissage
2019-04-08,56627.08,64228.00,10.01,ouvré,printemps,0,apprentissage
2019-04-09,56538.12,64050.00,10.16,ouvré,printemps,1,apprentissage
2019-04-10,56855.60,62956.00,9.97,ouvré,printemps,2,apprentissage
2019-04-11,57170.69,64398.50,9.51,ouvré,printemps,3,apprentissage
2019-04-12,57216.75,65635.00,8.29,ouvré,printemps,4,apprentissage
2019-04-13,53152.60,57676.50,7.16,week-end,printemps,5,apprentissage
2019-04-14,52241.04,57704.00,6.27,week-end,printemps,6,apprentissage
2019-04-15,57452.73,65696.50,9.35,ouvré,printemps,0,apprentissage
2019-04-16,56242.29,62451.50,11.25,ouvré,printemps,1,apprentissage
2019-04-17,54358.12,61081.50,12.34,ouvré,printemps,2,apprentissage
2019-04-18,51483.90,57299.50,15.33,ouvré,printemps,3,apprentissage
2019-04-19,48949.67,54320.50,16.62,ouvré,printemps,4,apprentissage
2019-04-20,43281.73,48258.50,16.45,week-end,printemps,5,apprentissage
2019-04-21,40540.58,46024.00,15.63,week-end,printemps,6,apprentissage
2019-04-22,41141.44,46207.50,16.16,férié,printemps,0,apprentissage
2019-04-23,47849.69,54338.00,15.38,ouvré,printemps,1,apprentissage
2019-04-24,49254.65,55746.50,13.26,ouvré,printemps,2,apprentissage
2019-04-25,50926.35,56931.00,11.75,ouvré,printemps,3,apprentissage
2019-04-26,51251.60,57137.00,10.78,ouvré,printemps,4,apprentissage
2019-04-27,46814.23,51508.00,10.85,week-end,printemps,5,apprentissage
2019-04-28,46394.60,52276.00,9.52,week-end,printemps,6,apprentissage
2019-04-29,52229.04,59042.50,10.29,ouvré,printemps,0,apprentissage
2019-04-30,51253.52,57797.50,11.69,ouvré,printemps,1,apprentissage
2019-05-01,42965.77,49507.50,12.76,férié,printemps,2,apprentissage
2019-05-02,49840.85,56421.00,11.85,ouvré,printemps,3,apprentissage
2019-05-03,51112.85,57169.00,11.22,ouvré,printemps,4,apprentissage
2019-05-04,48698.79,54639.00,8.78,week-end,printemps,5,apprentissage
2019-05-05,48957.12,54661.00,7.33,week-end,printemps,6,apprentissage
2019-05-06,55150.08,62057.00,8.57,ouvré,printemps,0,apprentissage
2019-05-07,53679.79,60466.00,11.01,ouvré,printemps,1,apprentissage
2019-05-08,47370.12,52575.00,12.05,férié,printemps,2,apprentissage
2019-05-09,52171.62,58331.00,12.18,ouvré,printemps,3,apprentissage
2019-05-10,51591.69,57391.00,13.19,ouvré,printemps,4,apprentissage
2019-05-11,45825.40,50850.50,12.89,week-end,printemps,5,apprentissage
2019-05-12,43723.81,49115.00,11.55,week-end,printemps,6,apprentissage
2019-05-13,49934.40,55924.50,12.54,ouvré,printemps,0,apprentissage
2019-05-14,49668.21,55086.00,13.48,ouvré,printemps,1,apprentissage
2019-05-15,49312.71,54834.00,13.21,ouvré,printemps,2,apprentissage
2019-05-16,49207.04,54275.00,12.95,ouvré,printemps,3,apprentissage
2019-05-17,49432.27,55392.50,12.88,ouvré,printemps,4,apprentissage
2019-05-18,44623.17,49553.00,13.17,week-end,printemps,5,apprentissage
2019-05-19,42723.44,47927.50,12.78,week-end,printemps,6,apprentissage
2019-05-20,49223.23,56168.00,13.61,ouvré,printemps,0,apprentissage
2019-05-21,49111.77,54655.00,14.65,ouvré,printemps,1,apprentissage
2019-05-22,48312.04,54137.00,15.58,ouvré,printemps,2,apprentissage
2019-05-23,47666.92,53056.00,16.38,ouvré,printemps,3,apprentissage
2019-05-24,46872.65,53044.00,16.47,ouvré,printemps,4,apprentissage
2019-05-25,41604.83,46766.00,16.17,week-end,printemps,5,apprentissage
2019-05-26,39343.60,44947.50,15.91,week-end,printemps,6,apprentissage
2019-05-27,46084.88,52816.50,16.03,ouvré,printemps,0,apprentissage
2019-05-28,47528.42,53766.00,13.94,ouvré,printemps,1,apprentissage
2019-05-29,47937.67,54219.50,13.89,ouvré,printemps,2,apprentissage
2019-05-30,41510.06,47100.00,16.27,férié,printemps,3,apprentissage
2019-05-31,43175.42,48973.00,18.23,pont,printemps,4,apprentissage
2019-06-01,40746.56,45696.00,20.54,week-end,été,5,apprentissage
2019-06-02,38540.02,44464.50,21.97,week-end,été,6,apprentissage
2019-06-03,45294.69,52181.00,19.12,ouvré,été,0,apprentissage
2019-06-04,46523.48,53232.50,19.36,ouvré,été,1,apprentissage
2019-06-05,46824.00,53948.00,16.05,ouvré,été,2,apprentissage
2019-06-06,46677.00,52837.50,14.59,ouvré,été,3,apprentissage
2019-06-07,46385.15,53119.50,15.13,ouvré,été,4,apprentissage
2019-06-08,41315.15,46593.00,15.45,week-end,été,5,apprentissage
2019-06-09,38678.98,44365.00,15.50,week-end,été,6,apprentissage
2019-06-10,40629.40,46489.00,14.92,férié,été,0,apprentissage
2019-06-11,47087.38,54032.00,12.84,ouvré,été,1,apprentissage
2019-06-12,47901.85,54721.00,13.92,ouvré,été,2,apprentissage
2019-06-13,47452.42,53655.00,15.64,ouvré,été,3,apprentissage
2019-06-14,46881.25,53663.00,17.06,ouvré,été,4,apprentissage
2019-06-15,41408.65,47092.50,16.77,week-end,été,5,apprentissage
2019-06-16,38932.90,44876.50,17.40,week-end,été,6,apprentissage
2019-06-17,45782.17,52867.50,19.54,ouvré,été,0,apprentissage
2019-06-18,47095.35,53862.00,21.54,ouvré,été,1,apprentissage
2019-06-19,47055.69,54454.00,20.61,ouvré,été,2,apprentissage
2019-06-20,46737.79,53288.50,18.20,ouvré,été,3,apprentissage
2019-06-21,46098.00,52927.50,17.54,ouvré,été,4,apprentissage
2019-06-22,41060.90,46727.50,18.67,week-end,été,5,apprentissage
2019-06-23,39076.96,45755.00,21.71,week-end,été,6,apprentissage
2019-06-24,47208.21,54819.50,23.11,ouvré,été,0,apprentissage
2019-06-25,49374.50,56694.00,24.33,ouvré,été,1,apprentissage
2019-06-26,50320.73,57934.50,26.13,ouvré,été,2,apprentissage
2019-06-27,50982.17,58428.00,26.84,ouvré,été,3,apprentissage
2019-06-28,50134.96,57330.00,25.84,ouvré,été,4,apprentissage
2019-06-29,45184.88,51209.00,26.25,week-end,été,5,apprentissage
2019-06-30,42028.33,47555.50,24.08,week-end,été,6,apprentissage
2019-07-01,47997.67,55667.50,21.90,ouvré,été,0,apprentissage
2019-07-02,48585.71,55548.50,20.85,ouvré,été,1,apprentissage
2019-07-03,48785.29,55726.50,21.66,ouvré,été,2,apprentissage
2019-07-04,49167.60,55987.00,22.61,ouvré,été,3,apprentissage
2019-07-05,49485.92,56761.50,24.10,ouvré,été,4,apprentissage
2019-07-06,44176.81,49805.00,23.87,week-end,été,5,apprentissage
2019-07-07,41045.92,46837.00,21.94,week-end,été,6,apprentissage
2019-07-08,47473.02,55211.50,20.86,ouvré,été,0,apprentissage
2019-07-09,47392.12,53602.00,19.85,ouvré,été,1,apprentissage
2019-07-10,47867.73,54513.00,21.19,ouvré,été,2,apprentissage
2019-07-11,48279.40,55049.00,21.63,ouvré,été,3,apprentissage
2019-07-12,47991.83,54942.00,21.85,ouvré,été,4,apprentissage
2019-07-13,42687.96,47895.50,21.08,week-end,été,5,apprentissage
2019-07-14,39519.69,44563.50,20.01,férié,été,6,apprentissage
2019-07-15,45962.79,53064.50,19.27,ouvré,été,0,apprentissage
2019-07-16,47671.19,54248.50,20.38,ouvré,été,1,apprentissage
2019-07-17,48111.65,54881.00,21.44,ouvré,été,2,apprentissage
2019-07-18,48082.58,54588.00,21.00,ouvré,été,3,apprentissage
2019-07-19,47841.29,54456.00,21.97,ouvré,été,4,apprentissage
2019-07-20,42823.08,47994.00,22.44,week-end,été,5,apprentissage
2019-07-21,40428.08,46544.00,22.49,week-end,été,6,apprentissage
2019-07-22,48263.83,56071.00,24.58,ouvré,été,0,apprentissage
2019-07-23,50561.90,58183.50,27.72,ouvré,été,1,apprentissage
2019-07-24,51247.83,58800.00,28.19,ouvré,été,2,apprentissage
2019-07-25,51166.00,58810.50,29.22,ouvré,été,3,apprentissage
2019-07-26,48523.42,55771.50,24.39,ouvré,été,4,apprentissage
2019-07-27,41070.50,46083.00,19.44,week-end,été,5,apprentissage
2019-07-28,37427.52,42908.00,18.93,week-end,été,6,apprentissage
2019-07-29,43619.10,50554.00,20.46,ouvré,été,0,apprentissage
2019-07-30,44691.62,51181.50,20.27,ouvré,été,1,apprentissage
2019-07-31,44490.40,50671.00,19.35,ouvré,été,2,apprentissage
2019-08-01,44697.69,51123.50,20.17,ouvré,été,3,apprentissage
2019-08-02,44197.46,50648.00,21.43,ouvré,été,4,apprentissage
2019-08-03,40177.73,45440.50,21.68,week-end,été,5,apprentissage
2019-08-04,38201.52,43540.50,22.74,week-end,été,6,apprentissage
2019-08-05,42761.52,49527.50,22.63,ouvré,été,0,apprentissage
2019-08-06,43339.65,49528.00,21.83,ouvré,été,1,apprentissage
2019-08-07,42808.25,48702.00,21.00,ouvré,été,2,apprentissage
2019-08-08,43422.56,49657.50,22.57,ouvré,été,3,apprentissage
2019-08-09,43692.98,50714.00,23.70,ouvré,été,4,apprentissage
2019-08-10,39245.62,44251.00,21.78,week-end,été,5,apprentissage
2019-08-11,36757.27,41604.00,18.73,week-end,été,6,apprentissage
2019-08-12,40299.69,46447.50,17.62,ouvré,été,0,apprentissage
2019-08-13,40737.04,46454.00,16.82,ouvré,été,1,apprentissage
2019-08-14,41008.48,46919.00,18.28,ouvré,été,2,apprentissage
2019-08-15,37609.06,42394.00,19.39,férié,été,3,apprentissage
2019-08-16,39850.12,45686.00,19.30,pont,été,4,apprentissage
2019-08-17,38449.44,43617.50,20.15,week-end,été,5,apprentissage
2019-08-18,37057.12,41887.00,20.79,week-end,été,6,apprentissage
2019-08-19,41705.81,48388.50,18.42,ouvré,été,0,apprentissage
2019-08-20,42751.12,49091.00,17.54,ouvré,été,1,apprentissage
2019-08-21,43140.58,49408.50,18.12,ouvré,été,2,apprentissage
2019-08-22,43517.79,49678.00,19.50,ouvré,été,3,apprentissage
2019-08-23,43763.48,50454.00,21.18,ouvré,été,4,apprentissage
2019-08-24,40352.06,45928.00,22.90,week-end,été,5,apprentissage
2019-08-25,38570.88,44121.50,23.11,week-end,été,6,apprentissage
2019-08-26,45624.00,53753.50,23.82,ouvré,été,0,apprentissage
2019-08-27,47153.67,54356.00,23.47,ouvré,été,1,apprentissage
2019-08-28,47414.04,54459.00,22.37,ouvré,été,2,apprentissage
2019-08-29,47377.56,54307.00,21.31,ouvré,été,3,apprentissage
2019-08-30,47098.56,54309.00,21.63,ouvré,été,4,apprentissage
2019-08-31,42103.81,48044.00,22.03,week-end,été,5,apprentissage
2019-09-01,39245.25,44234.50,19.08,week-end,automne,6,apprentissage
2019-09-02,45118.94,52331.50,17.68,ouvré,automne,0,apprentissage
2019-09-03,46532.81,53098.00,18.04,ouvré,automne,1,apprentissage
2019-09-04,46835.12,53995.00,18.23,ouvré,automne,2,apprentissage
2019-09-05,46408.75,52699.50,16.16,ouvré,automne,3,apprentissage
2019-09-06,45929.92,52406.00,15.09,ouvré,automne,4,apprentissage
2019-09-07,40733.69,46176.00,15.89,week-end,automne,5,apprentissage
2019-09-08,38817.54,43932.00,14.39,week-end,automne,6,apprentissage
2019-09-09,45825.73,52442.00,13.41,ouvré,automne,0,apprentissage
2019-09-10,46845.75,52976.50,15.33,ouvré,automne,1,apprentissage
2019-09-11,46993.29,53553.50,16.81,ouvré,automne,2,apprentissage
2019-09-12,47074.62,53268.00,18.89,ouvré,automne,3,apprentissage
2019-09-13,46456.12,53342.00,19.61,ouvré,automne,4,apprentissage
2019-09-14,41222.46,46869.50,20.15,week-end,automne,5,apprentissage
2019-09-15,39042.42,44173.00,20.56,week-end,automne,6,apprentissage
2019-09-16,45936.54,53015.50,20.52,ouvré,automne,0,apprentissage
2019-09-17,46850.73,53456.50,19.59,ouvré,automne,1,apprentissage
2019-09-18,46620.81,53078.00,17.11,ouvré,automne,2,apprentissage
2019-09-19,46493.58,52749.50,16.29,ouvré,automne,3,apprentissage
2019-09-20,46185.38,52658.00,17.29,ouvré,automne,4,apprentissage
2019-09-21,41068.88,46737.00,19.43,week-end,automne,5,apprentissage
2019-09-22,38525.56,43903.00,18.12,week-end,automne,6,apprentissage
2019-09-23,44896.98,51718.50,16.31,ouvré,automne,0,apprentissage
2019-09-24,46167.73,52750.50,16.26,ouvré,automne,1,apprentissage
2019-09-25,46891.15,53727.00,16.26,ouvré,automne,2,apprentissage
2019-09-26,47239.38,53741.50,17.77,ouvré,automne,3,apprentissage
2019-09-27,46458.31,52762.00,16.94,ouvré,automne,4,apprentissage
2019-09-28,41438.65,46869.50,16.44,week-end,automne,5,apprentissage
2019-09-29,39592.02,45385.50,16.76,week-end,automne,6,apprentissage
2019-09-30,46229.31,53021.50,16.77,ouvré,automne,0,apprentissage
2019-10-01,47485.31,54079.50,17.04,ouvré,automne,1,apprentissage
2019-10-02,47883.44,54561.00,14.55,ouvré,automne,2,apprentissage
2019-10-03,49402.88,55929.00,11.38,ouvré,automne,3,apprentissage
2019-10-04,49027.52,55423.50,13.64,ouvré,automne,4,apprentissage
2019-10-05,43600.44,49365.00,14.77,week-end,automne,5,apprentissage
2019-10-06,41335.15,47489.00,14.76,week-end,automne,6,apprentissage
2019-10-07,48396.62,55588.50,13.38,ouvré,automne,0,apprentissage
2019-10-08,49387.92,55800.00,14.75,ouvré,automne,1,apprentissage
2019-10-09,49864.12,56744.00,13.67,ouvré,automne,2,apprentissage
2019-10-10,49934.60,55771.50,13.85,ouvré,automne,3,apprentissage
2019-10-11,49007.54,55403.50,14.99,ouvré,automne,4,apprentissage
2019-10-12,43138.33,48953.50,16.45,week-end,automne,5,apprentissage
2019-10-13,40471.06,46496.00,18.44,week-end,automne,6,apprentissage
2019-10-14,46881.90,53649.50,17.48,ouvré,automne,0,apprentissage
2019-10-15,48482.33,54918.50,14.01,ouvré,automne,1,apprentissage
2019-10-16,49882.17,56619.00,13.49,ouvré,automne,2,apprentissage
2019-10-17,50008.31,56460.00,14.25,ouvré,automne,3,apprentissage
2019-10-18,49516.33,56037.00,14.33,ouvré,automne,4,apprentissage
2019-10-19,44707.44,50438.50,14.19,week-end,automne,5,apprentissage
2019-10-20,43168.71,48978.00,13.64,week-end,automne,6,apprentissage
2019-10-21,50711.46,58291.00,12.28,ouvré,automne,0,apprentissage
2019-10-22,53200.48,60674.00,11.44,ouvré,automne,1,apprentissage
2019-10-23,52503.90,59651.50,13.58,ouvré,automne,2,apprentissage
2019-10-24,51652.31,58217.50,14.00,ouvré,automne,3,apprentissage
2019-10-25,50957.85,57553.00,13.71,ouvré,automne,4,apprentissage
2019-10-26,45315.25,49980.50,14.55,week-end,automne,5,apprentissage
2019-10-27,43768.83,51437.00,12.84,week-end,automne,6,apprentissage
2019-10-28,52447.48,61227.00,11.45,ouvré,automne,0,apprentissage
2019-10-29,54269.02,62250.50,11.56,ouvré,automne,1,apprentissage
2019-10-30,54700.94,62214.00,11.35,ouvré,automne,2,apprentissage
2019-10-31,54120.40,60796.00,11.76,ouvré,automne,3,apprentissage
2019-11-01,47417.44,52551.00,13.26,férié,automne,4,apprentissage
2019-11-02,46340.54,53046.00,13.68,week-end,automne,5,apprentissage
2019-11-03,46418.06,54063.00,11.79,week-end,automne,6,apprentissage
2019-11-04,54180.81,63587.50,11.47,ouvré,automne,0,apprentissage
2019-11-05,56959.40,65804.00,9.86,ouvré,automne,1,apprentissage
2019-11-06,57945.46,66833.00,9.69,ouvré,automne,2,apprentissage
2019-11-07,59836.35,69108.00,8.17,ouvré,automne,3,apprentissage
2019-11-08,61771.12,68727.50,6.49,ouvré,automne,4,apprentissage
2019-11-09,57556.77,63374.00,6.44,week-end,automne,5,apprentissage
2019-11-10,55681.77,61384.50,6.43,week-end,automne,6,apprentissage
2019-11-11,57542.60,65432.50,6.53,férié,automne,0,apprentissage
2019-11-12,64653.08,74079.00,6.54,ouvré,automne,1,apprentissage
2019-11-13,66392.90,74809.00,6.07,ouvré,automne,2,apprentissage
2019-11-14,68430.65,77150.50,5.02,ouvré,automne,3,apprentissage
2019-11-15,69615.21,77016.50,3.96,ouvré,automne,4,apprentissage
2019-11-16,63850.92,69324.50,4.73,week-end,automne,5,apprentissage
2019-11-17,61159.08,68382.50,4.80,week-end,automne,6,apprentissage
2019-11-18,68871.21,77855.50,5.35,ouvré,automne,0,apprentissage
2019-11-19,70053.21,78020.00,5.03,ouvré,automne,1,apprentissage
2019-11-20,71266.46,79111.50,3.81,ouvré,automne,2,apprentissage
2019-11-21,69913.31,76517.00,5.66,ouvré,automne,3,apprentissage
2019-11-22,66054.38,72795.50,8.42,ouvré,automne,4,apprentissage
2019-11-23,58145.15,63465.50,9.38,week-end,automne,5,apprentissage
2019-11-24,55944.60,62516.50,8.15,week-end,automne,6,apprentissage
2019-11-25,61693.96,69646.50,9.25,ouvré,automne,0,apprentissage
2019-11-26,61151.08,68364.50,10.64,ouvré,automne,1,apprentissage
2019-11-27,60723.44,68846.50,11.15,ouvré,automne,2,apprentissage
2019-11-28,60913.25,68922.50,10.56,ouvré,automne,3,apprentissage
2019-11-29,61032.98,67295.50,9.07,ouvré,automne,4,apprentissage
2019-11-30,59279.38,65084.50,6.19,week-end,automne,5,apprentissage
2019-12-01,58944.62,66367.50,5.81,week-end,hiver,6,apprentissage
2019-12-02,68387.56,77575.50,4.49,ouvré,hiver,0,apprentissage
2019-12-03,72277.33,79992.50,3.02,ouvré,hiver,1,apprentissage
2019-12-04,73649.52,80388.50,2.24,ouvré,hiver,2,apprentissage
2019-12-05,73344.96,79370.50,2.24,ouvré,hiver,3,apprentissage
2019-12-06,72251.69,78658.00,5.19,ouvré,hiver,4,apprentissage
2019-12-07,61504.83,67083.00,8.87,week-end,hiver,5,apprentissage
2019-12-08,57865.81,63830.00,9.62,week-end,hiver,6,apprentissage
2019-12-09,66388.75,74748.00,8.08,ouvré,hiver,0,apprentissage
2019-12-10,69837.79,76653.50,5.15,ouvré,hiver,1,apprentissage
2019-12-11,70653.92,77530.50,5.61,ouvré,hiver,2,apprentissage
2019-12-12,70857.04,77718.50,5.66,ouvré,hiver,3,apprentissage
2019-12-13,67718.04,73110.50,8.16,ouvré,hiver,4,apprentissage
2019-12-14,60104.25,64564.50,9.82,week-end,hiver,5,apprentissage
2019-12-15,56425.75,63009.50,9.85,week-end,hiver,6,apprentissage
2019-12-16,62644.52,70167.50,10.08,ouvré,hiver,0,apprentissage
2019-12-17,61163.25,67903.50,11.46,ouvré,hiver,1,apprentissage
2019-12-18,61595.83,68183.00,9.87,ouvré,hiver,2,apprentissage
2019-12-19,60134.79,65964.00,12.03,ouvré,hiver,3,apprentissage
2019-12-20,58856.46,64559.50,10.51,ouvré,hiver,4,apprentissage
2019-12-21,56222.40,61588.50,8.80,week-end,hiver,5,apprentissage
2019-12-22,54881.33,61062.50,9.19,week-end,hiver,6,apprentissage
2019-12-23,59111.73,64854.00,8.73,ouvré,hiver,0,apprentissage
2019-12-24,55739.54,60651.00,10.06,Noël,hiver,1,apprentissage
2019-12-25,50828.42,57015.00,7.95,férié,hiver,2,apprentissage
2019-12-26,57998.17,63974.00,6.79,Noël,hiver,3,apprentissage
2019-12-27,57654.54,63447.00,8.95,Noël,hiver,4,apprentissage
2019-12-28,56572.77,63076.00,6.81,Noël,hiver,5,apprentissage
2019-12-29,59809.79,66451.00,2.92,Noël,hiver,6,apprentissage
2019-12-30,65938.83,72237.50,2.85,Noël,hiver,0,apprentissage
2019-12-31,66632.50,72591.00,2.68,Noël,hiver,1,apprentissage
2020-01-01,60785.96,66585.50,3.59,férié,hiver,2,apprentissage
2020-01-02,64966.58,71610.50,5.61,ouvré,hiver,3,apprentissage
2020-01-03,63830.42,69212.50,7.97,ouvré,hiver,4,apprentissage
2020-01-04,60931.56,66866.00,6.42,week-end,hiver,5,apprentissage
2020-01-05,60551.50,67803.50,5.21,week-end,hiver,6,apprentissage
2020-01-06,69904.62,77924.50,4.23,ouvré,hiver,0,apprentissage
2020-01-07,68540.19,74945.00,7.18,ouvré,hiver,1,apprentissage
2020-01-08,65545.88,71705.00,9.53,ouvré,hiver,2,apprentissage
2020-01-09,63750.77,70493.50,9.94,ouvré,hiver,3,apprentissage
2020-01-10,64752.52,71388.00,7.87,ouvré,hiver,4,apprentissage
2020-01-11,62084.73,67791.00,5.52,week-end,hiver,5,apprentissage
2020-01-12,61293.56,67198.00,5.58,week-end,hiver,6,apprentissage
2020-01-13,67812.60,75791.00,6.72,ouvré,hiver,0,apprentissage
2020-01-14,67291.67,73651.00,9.21,ouvré,hiver,1,apprentissage
2020-01-15,65833.92,72938.00,9.36,ouvré,hiver,2,apprentissage
2020-01-16,64789.52,72815.00,8.62,ouvré,hiver,3,apprentissage
2020-01-17,64754.56,72007.00,8.18,ouvré,hiver,4,apprentissage
2020-01-18,62903.04,68365.00,4.90,week-end,hiver,5,apprentissage
2020-01-19,63907.85,71282.00,3.74,week-end,hiver,6,apprentissage
2020-01-20,73132.60,81689.00,3.50,ouvré,hiver,0,apprentissage
2020-01-21,74866.67,82941.50,2.99,ouvré,hiver,1,apprentissage
2020-01-22,75599.69,83358.00,3.06,ouvré,hiver,2,apprentissage
2020-01-23,75191.10,82235.50,3.74,ouvré,hiver,3,apprentissage
2020-01-24,73312.17,80845.00,3.65,ouvré,hiver,4,apprentissage
2020-01-25,66715.02,71897.00,4.67,week-end,hiver,5,apprentissage
2020-01-26,61810.58,67541.00,6.46,week-end,hiver,6,apprentissage
2020-01-27,68214.31,76530.00,7.58,ouvré,hiver,0,apprentissage
2020-01-28,69240.27,77634.00,7.34,ouvré,hiver,1,apprentissage
2020-01-29,68410.85,75272.00,7.29,ouvré,hiver,2,apprentissage
2020-01-30,67455.67,73881.50,8.36,ouvré,hiver,3,apprentissage
2020-01-31,61826.21,68081.50,11.48,ouvré,hiver,4,apprentissage
2020-02-01,55672.00,60790.00,11.30,week-end,hiver,5,apprentissage
2020-02-02,52669.69,58532.50,12.21,week-end,hiver,6,apprentissage
2020-02-03,58398.35,66227.00,12.34,ouvré,hiver,0,apprentissage
2020-02-04,63533.38,73160.00,7.90,ouvré,hiver,1,apprentissage
2020-02-05,66248.85,73981.00,6.47,ouvré,hiver,2,apprentissage
2020-02-06,68359.02,77503.50,4.54,ouvré,hiver,3,apprentissage
2020-02-07,68208.44,78090.50,5.69,ouvré,hiver,4,apprentissage
2020-02-08,60175.75,64448.50,7.87,week-end,hiver,5,apprentissage
2020-02-09,57084.48,62639.50,9.73,week-end,hiver,6,apprentissage
2020-02-10,61772.96,70433.00,11.26,ouvré,hiver,0,apprentissage
2020-02-11,64842.06,73535.00,8.43,ouvré,hiver,1,apprentissage
2020-02-12,66509.48,73740.00,6.49,ouvré,hiver,2,apprentissage
2020-02-13,67225.73,73706.00,7.69,ouvré,hiver,3,apprentissage
2020-02-14,63440.02,70838.00,8.99,ouvré,hiver,4,apprentissage
2020-02-15,57481.73,61953.00,9.24,week-end,hiver,5,apprentissage
2020-02-16,52842.90,58123.50,12.18,week-end,hiver,6,apprentissage
2020-02-17,60800.81,69744.00,9.19,ouvré,hiver,0,apprentissage
2020-02-18,64212.67,71151.50,7.34,ouvré,hiver,1,apprentissage
2020-02-19,64832.27,71489.00,7.70,ouvré,hiver,2,apprentissage
2020-02-20,63993.83,70306.00,8.40,ouvré,hiver,3,apprentissage
2020-02-21,64359.08,72144.50,6.94,ouvré,hiver,4,apprentissage
2020-02-22,58595.02,63698.00,8.21,week-end,hiver,5,apprentissage
2020-02-23,53827.67,58835.00,10.54,week-end,hiver,6,apprentissage
2020-02-24,59050.06,66057.50,10.72,ouvré,hiver,0,apprentissage
2020-02-25,61552.75,69852.50,8.58,ouvré,hiver,1,apprentissage
2020-02-26,66679.04,74568.50,5.75,ouvré,hiver,2,apprentissage
2020-02-27,68286.85,74967.00,6.03,ouvré,hiver,3,apprentissage
2020-02-28,67109.19,74092.00,6.78,ouvré,hiver,4,apprentissage
2020-02-29,58728.98,63870.00,9.42,week-end,hiver,5,apprentissage
2020-03-01,56973.27,63680.00,7.96,week-end,printemps,6,apprentissage
2020-03-02,64943.69,73670.50,7.00,ouvré,printemps,0,apprentissage
2020-03-03,67779.25,74222.50,5.53,ouvré,printemps,1,apprentissage
2020-03-04,67581.17,73695.00,6.49,ouvré,printemps,2,apprentissage
2020-03-05,65386.88,72816.00,8.88,ouvré,printemps,3,apprentissage
2020-03-06,66287.88,72589.50,6.69,ouvré,printemps,4,apprentissage
2020-03-07,60446.15,65205.00,7.20,week-end,printemps,5,apprentissage
2020-03-08,56522.67,61796.50,8.58,week-end,printemps,6,apprentissage
2020-03-09,62808.27,70269.50,8.07,ouvré,printemps,0,apprentissage
2020-03-10,63158.35,68953.00,10.10,ouvré,printemps,1,apprentissage
2020-03-11,58516.73,64316.00,12.71,ouvré,printemps,2,apprentissage
2020-03-12,58289.79,64927.00,10.88,ouvré,printemps,3,apprentissage
2020-03-13,59280.81,66302.00,8.52,ouvré,printemps,4,apprentissage
2020-03-14,54836.60,58743.50,8.27,week-end,printemps,5,apprentissage
2020-03-15,50592.06,56787.50,9.92,week-end,printemps,6,apprentissage
2020-03-16,56022.73,61510.00,9.86,ouvré,printemps,0,apprentissage
2020-03-17,53727.02,58760.50,10.86,ouvré,printemps,1,apprentissage
2020-03-18,49797.19,53431.00,11.53,ouvré,printemps,2,apprentissage
2020-03-19,47393.88,50950.50,12.47,ouvré,printemps,3,apprentissage
2020-03-20,46204.94,50404.50,11.92,ouvré,printemps,4,apprentissage
2020-03-21,45778.00,51447.00,9.22,week-end,printemps,5,apprentissage
2020-03-22,46284.56,51592.00,8.54,week-end,printemps,6,apprentissage
2020-03-23,49762.69,53966.50,8.41,ouvré,printemps,0,apprentissage
2020-03-24,50910.27,55111.50,7.45,ouvré,printemps,1,apprentissage
2020-03-25,51864.04,55872.50,6.49,ouvré,printemps,2,apprentissage
2020-03-26,52684.73,57183.50,6.16,ouvré,printemps,3,apprentissage
2020-03-27,51686.27,55879.00,7.55,ouvré,printemps,4,apprentissage
2020-03-28,47038.25,53129.50,9.60,week-end,printemps,5,apprentissage
2020-03-29,48217.72,56240.50,7.11,week-end,printemps,6,apprentissage
2020-03-30,55293.92,61292.50,5.00,ouvré,printemps,0,apprentissage
2020-03-31,54105.60,58765.50,6.63,ouvré,printemps,1,apprentissage
2020-04-01,52383.58,57248.00,7.53,ouvré,printemps,2,apprentissage
2020-04-02,51936.83,56611.00,7.54,ouvré,printemps,3,apprentissage
2020-04-03,50226.81,54562.00,8.95,ouvré,printemps,4,apprentissage
2020-04-04,45688.98,52191.50,10.43,week-end,printemps,5,apprentissage
2020-04-05,41614.96,48032.00,13.07,week-end,printemps,6,apprentissage
2020-04-06,44132.48,49099.50,12.95,ouvré,printemps,0,apprentissage
2020-04-07,44202.79,49074.50,13.89,ouvré,printemps,1,apprentissage
2020-04-08,42825.75,47770.50,15.07,ouvré,printemps,2,apprentissage
2020-04-09,41855.56,46503.50,15.54,ouvré,printemps,3,apprentissage
2020-04-10,40639.77,45226.00,16.17,ouvré,printemps,4,apprentissage
2020-04-11,37964.67,43132.50,15.97,week-end,printemps,5,apprentissage
2020-04-12,36706.31,42002.50,15.19,week-end,printemps,6,apprentissage
2020-04-13,37767.04,44128.00,13.44,férié,printemps,0,apprentissage
2020-04-14,42746.92,48917.00,10.53,ouvré,printemps,1,apprentissage
2020-04-15,43737.25,48992.50,12.32,ouvré,printemps,2,apprentissage
2020-04-16,42550.33,47989.50,15.29,ouvré,printemps,3,apprentissage
2020-04-17,41283.69,46687.50,15.69,ouvré,printemps,4,apprentissage
2020-04-18,38085.77,43246.50,15.60,week-end,printemps,5,apprentissage
2020-04-19,37287.62,43070.00,14.06,week-end,printemps,6,apprentissage
2020-04-20,41660.44,48325.50,14.78,ouvré,printemps,0,apprentissage
2020-04-21,42581.65,48862.50,14.52,ouvré,printemps,1,apprentissage
2020-04-22,42581.69,48359.00,15.31,ouvré,printemps,2,apprentissage
2020-04-23,42059.50,47539.00,15.96,ouvré,printemps,3,apprentissage
2020-04-24,41139.65,46163.50,15.83,ouvré,printemps,4,apprentissage
2020-04-25,37802.08,42823.50,15.01,week-end,printemps,5,apprentissage
2020-04-26,36834.83,42367.50,14.46,week-end,printemps,6,apprentissage
2020-04-27,41073.48,46517.50,14.86,ouvré,printemps,0,apprentissage
2020-04-28,42697.75,49103.00,13.59,ouvré,printemps,1,apprentissage
2020-04-29,43602.69,49471.00,12.86,ouvré,printemps,2,apprentissage
2020-04-30,43987.46,50073.00,12.10,ouvré,printemps,3,apprentissage
2020-05-01,39759.25,45161.00,12.47,férié,printemps,4,apprentissage
2020-05-02,39857.58,44616.00,13.35,week-end,printemps,5,apprentissage
2020-05-03,38463.98,43818.50,14.57,week-end,printemps,6,apprentissage
2020-05-04,42135.31,48749.50,16.38,ouvré,printemps,0,apprentissage
2020-05-05,42716.40,49076.50,15.45,ouvré,printemps,1,apprentissage
2020-05-06,42312.33,47904.00,15.62,ouvré,printemps,2,apprentissage
2020-05-07,41799.12,47036.50,16.39,ouvré,printemps,3,apprentissage
2020-05-08,37728.25,43135.50,17.54,férié,printemps,4,apprentissage
2020-05-09,36990.69,41767.50,17.75,week-end,printemps,5,apprentissage
2020-05-10,36296.29,41947.50,16.62,week-end,printemps,6,apprentissage
2020-05-11,43494.27,50862.50,11.35,ouvré,printemps,0,apprentissage
2020-05-12,45779.52,51840.50,9.95,ouvré,printemps,1,apprentissage
2020-05-13,46562.17,52932.00,11.17,ouvré,printemps,2,apprentissage
2020-05-14,46703.29,52783.50,11.55,ouvré,printemps,3,apprentissage
2020-05-15,45529.15,51521.50,12.56,ouvré,printemps,4,apprentissage
2020-05-16,40527.94,45548.00,13.81,week-end,printemps,5,apprentissage
2020-05-17,37860.98,43493.00,14.76,week-end,printemps,6,apprentissage
2020-05-18,42531.31,48690.00,16.25,ouvré,printemps,0,apprentissage
2020-05-19,42898.67,48849.50,17.52,ouvré,printemps,1,apprentissage
2020-05-20,42611.56,48757.00,19.58,ouvré,printemps,2,apprentissage
2020-05-21,38090.02,43039.50,20.93,férié,printemps,3,apprentissage
2020-05-22,39659.46,45433.00,19.92,pont,printemps,4,apprentissage
2020-05-23,37610.50,42898.50,15.74,week-end,printemps,5,apprentissage
2020-05-24,35793.90,41716.50,14.89,week-end,printemps,6,apprentissage
2020-05-25,41626.50,48355.50,17.26,ouvré,printemps,0,apprentissage
2020-05-26,42838.19,49260.50,18.69,ouvré,printemps,1,apprentissage
2020-05-27,42803.90,49300.00,19.13,ouvré,printemps,2,apprentissage
2020-05-28,42907.73,49242.00,18.89,ouvré,printemps,3,apprentissage
2020-05-29,42270.02,48610.00,18.73,ouvré,printemps,4,apprentissage
2020-05-30,37982.46,42954.50,18.62,week-end,printemps,5,apprentissage
2020-05-31,35618.71,41362.00,18.79,week-end,printemps,6,apprentissage
2020-06-01,37393.81,42858.50,19.37,férié,été,0,apprentissage
2020-06-02,42894.25,50161.00,20.51,ouvré,été,1,apprentissage
2020-06-03,43628.65,50632.50,18.94,ouvré,été,2,apprentissage
2020-06-04,43693.73,51182.50,15.01,ouvré,été,3,apprentissage
2020-06-05,43366.58,50522.00,14.27,ouvré,été,4,apprentissage
2020-06-06,38775.65,44282.50,15.07,week-end,été,5,apprentissage
2020-06-07,36911.96,42319.50,14.33,week-end,été,6,apprentissage
2020-06-08,42930.35,50293.00,14.58,ouvré,été,0,apprentissage
2020-06-09,44508.23,51863.00,14.17,ouvré,été,1,apprentissage
2020-06-10,44770.27,52146.00,14.63,ouvré,été,2,apprentissage
2020-06-11,44800.83,51793.00,15.47,ouvré,été,3,apprentissage
2020-06-12,44240.12,51749.50,15.99,ouvré,été,4,apprentissage
2020-06-13,39364.96,45372.50,16.60,week-end,été,5,apprentissage
2020-06-14,37228.02,42724.00,17.05,week-end,été,6,apprentissage
2020-06-15,43267.21,50794.50,17.25,ouvré,été,0,apprentissage
2020-06-16,44451.71,51866.50,17.00,ouvré,été,1,apprentissage
2020-06-17,44500.79,51898.00,16.36,ouvré,été,2,apprentissage
2020-06-18,44550.56,51706.00,16.23,ouvré,été,3,apprentissage
2020-06-19,43854.67,51213.50,16.63,ouvré,été,4,apprentissage
2020-06-20,39341.50,44992.00,18.23,week-end,été,5,apprentissage
2020-06-21,37086.90,42724.50,18.43,week-end,été,6,apprentissage
2020-06-22,43589.04,50855.50,19.14,ouvré,été,0,apprentissage
2020-06-23,45050.23,51969.00,21.62,ouvré,été,1,apprentissage
2020-06-24,45914.73,53501.00,24.10,ouvré,été,2,apprentissage
2020-06-25,46564.46,53989.00,24.37,ouvré,été,3,apprentissage
2020-06-26,45452.75,52828.50,22.29,ouvré,été,4,apprentissage
2020-06-27,40009.85,45635.50,20.59,week-end,été,5,apprentissage
2020-06-28,37856.44,43525.00,19.39,week-end,été,6,apprentissage
2020-06-29,44058.17,51397.50,18.79,ouvré,été,0,apprentissage
2020-06-30,45217.44,51915.50,19.17,ouvré,été,1,apprentissage
2020-07-01,45885.02,53411.50,20.43,ouvré,été,2,apprentissage
2020-07-02,45685.79,52826.00,18.98,ouvré,été,3,apprentissage
2020-07-03,44810.52,51758.50,17.96,ouvré,été,4,apprentissage
2020-07-04,40295.98,45775.50,18.97,week-end,été,5,apprentissage
2020-07-05,38564.67,44436.50,21.04,week-end,été,6,apprentissage
2020-07-06,44645.46,52055.50,18.71,ouvré,été,0,apprentissage
2020-07-07,45843.27,52708.00,18.38,ouvré,été,1,apprentissage
2020-07-08,46453.00,53435.50,20.27,ouvré,été,2,apprentissage
2020-07-09,47202.52,54411.50,22.61,ouvré,été,3,apprentissage
2020-07-10,46288.44,53494.00,20.45,ouvré,été,4,apprentissage
2020-07-11,40725.38,45961.50,18.97,week-end,été,5,apprentissage
2020-07-12,38254.50,44579.00,19.67,week-end,été,6,apprentissage
2020-07-13,42454.90,49366.50,20.79,pont,été,0,apprentissage
2020-07-14,40057.65,45226.50,19.77,férié,été,1,apprentissage
2020-07-15,45087.85,52435.00,18.42,ouvré,été,2,apprentissage
2020-07-16,45934.48,52879.00,18.25,ouvré,été,3,apprentissage
2020-07-17,45792.00,52732.50,19.74,ouvré,été,4,apprentissage
2020-07-18,41063.25,46369.50,21.04,week-end,été,5,apprentissage
2020-07-19,38785.12,44680.50,21.90,week-end,été,6,apprentissage
2020-07-20,45373.60,53157.50,21.94,ouvré,été,0,apprentissage
2020-07-21,46638.60,53383.00,21.67,ouvré,été,1,apprentissage
2020-07-22,46569.42,53434.50,21.18,ouvré,été,2,apprentissage
2020-07-23,46757.50,54032.50,21.84,ouvré,été,3,apprentissage
2020-07-24,45892.17,52897.00,21.60,ouvré,été,4,apprentissage
2020-07-25,40974.94,46399.50,21.33,week-end,été,5,apprentissage
2020-07-26,38579.50,44233.50,21.25,week-end,été,6,apprentissage
2020-07-27,45108.69,52599.50,23.02,ouvré,été,0,apprentissage
2020-07-28,45932.75,52427.50,21.93,ouvré,été,1,apprentissage
2020-07-29,46025.23,52647.50,21.31,ouvré,été,2,apprentissage
2020-07-30,46744.83,53779.50,24.58,ouvré,été,3,apprentissage
2020-07-31,46518.35,54041.00,27.05,ouvré,été,4,apprentissage
2020-08-01,41343.29,46846.00,23.69,week-end,été,5,apprentissage
2020-08-02,37869.48,42679.00,20.93,week-end,été,6,apprentissage
2020-08-03,41414.46,48035.00,18.91,ouvré,été,0,apprentissage
2020-08-04,41911.17,48039.50,18.61,ouvré,été,1,apprentissage
2020-08-05,42316.81,48599.50,21.07,ouvré,été,2,apprentissage
2020-08-06,43091.38,49695.50,23.91,ouvré,été,3,apprentissage
2020-08-07,43777.96,50611.50,26.44,ouvré,été,4,apprentissage
2020-08-08,40801.85,46168.00,26.87,week-end,été,5,apprentissage
2020-08-09,39131.42,44599.50,27.10,week-end,été,6,apprentissage
2020-08-10,43342.58,50514.00,25.91,ouvré,été,0,apprentissage
2020-08-11,44268.50,51291.00,25.85,ouvré,été,1,apprentissage
2020-08-12,43891.02,50848.50,25.40,ouvré,été,2,apprentissage
2020-08-13,42655.83,49212.00,22.50,ouvré,été,3,apprentissage
2020-08-14,41971.46,48272.50,21.51,ouvré,été,4,apprentissage
2020-08-15,38407.42,43592.50,22.08,férié,été,5,apprentissage
2020-08-16,36701.81,41610.50,21.18,week-end,été,6,apprentissage
2020-08-17,41094.06,47915.50,20.10,ouvré,été,0,apprentissage
2020-08-18,42435.92,48947.00,21.07,ouvré,été,1,apprentissage
2020-08-19,43203.75,49707.50,22.01,ouvré,été,2,apprentissage
2020-08-20,44354.46,51123.50,24.80,ouvré,été,3,apprentissage
2020-08-21,44423.17,51433.50,24.33,ouvré,été,4,apprentissage
2020-08-22,40144.54,45455.00,21.15,week-end,été,5,apprentissage
2020-08-23,37516.56,42528.00,19.51,week-end,été,6,apprentissage
2020-08-24,42969.81,50095.00,18.81,ouvré,été,0,apprentissage
2020-08-25,44886.02,51678.50,20.49,ouvré,été,1,apprentissage
2020-08-26,45383.19,52081.50,20.76,ouvré,été,2,apprentissage
2020-08-27,45373.25,52066.50,19.92,ouvré,été,3,apprentissage
2020-08-28,44484.81,51836.50,18.23,ouvré,été,4,apprentissage
2020-08-29,39279.23,44752.00,15.67,week-end,été,5,apprentissage
2020-08-30,37415.71,42948.00,15.68,week-end,été,6,apprentissage
2020-08-31,43684.52,50938.00,16.08,ouvré,été,0,apprentissage
2020-09-01,45057.98,51705.50,16.32,ouvré,automne,1,apprentissage
2020-09-02,45168.71,51867.50,16.84,ouvré,automne,2,apprentissage
2020-09-03,45610.02,52008.50,19.00,ouvré,automne,3,apprentissage
2020-09-04,45439.98,52355.00,20.65,ouvré,automne,4,apprentissage
2020-09-05,40040.94,45612.00,18.79,week-end,automne,5,apprentissage
2020-09-06,37856.96,43311.50,16.43,week-end,automne,6,apprentissage
2020-09-07,44196.10,51040.00,16.59,ouvré,automne,0,apprentissage
2020-09-08,45635.96,52227.00,18.61,ouvré,automne,1,apprentissage
2020-09-09,45911.98,52896.00,19.98,ouvré,automne,2,apprentissage
2020-09-10,46015.67,52715.50,20.22,ouvré,automne,3,apprentissage
2020-09-11,45490.17,52427.50,19.85,ouvré,automne,4,apprentissage
2020-09-12,40501.58,46082.00,19.16,week-end,automne,5,apprentissage
2020-09-13,38471.27,43547.50,20.47,week-end,automne,6,apprentissage
2020-09-14,45447.12,53002.00,22.83,ouvré,automne,0,apprentissage
2020-09-15,46835.10,54017.50,23.11,ouvré,automne,1,apprentissage
2020-09-16,47122.81,54068.50,22.34,ouvré,automne,2,apprentissage
2020-09-17,46507.83,52959.00,21.56,ouvré,automne,3,apprentissage
2020-09-18,45791.21,52506.00,21.04,ouvré,automne,4,apprentissage
2020-09-19,40958.88,46585.50,21.07,week-end,automne,5,apprentissage
2020-09-20,38221.33,43677.50,19.74,week-end,automne,6,apprentissage
2020-09-21,44417.69,51388.00,18.59,ouvré,automne,0,apprentissage
2020-09-22,45321.79,51926.50,17.73,ouvré,automne,1,apprentissage
2020-09-23,45519.00,52283.00,18.08,ouvré,automne,2,apprentissage
2020-09-24,45823.31,52123.00,15.32,ouvré,automne,3,apprentissage
2020-09-25,46359.02,53286.00,11.83,ouvré,automne,4,apprentissage
2020-09-26,42938.29,48789.50,10.87,week-end,automne,5,apprentissage
2020-09-27,42954.23,49486.00,10.86,week-end,automne,6,apprentissage
2020-09-28,49688.98,57463.00,12.55,ouvré,automne,0,apprentissage
2020-09-29,49860.85,56430.00,14.23,ouvré,automne,1,apprentissage
2020-09-30,48813.96,55029.00,15.14,ouvré,automne,2,apprentissage
2020-10-01,49142.56,55640.50,13.86,ouvré,automne,3,apprentissage
2020-10-02,50207.19,57569.00,12.56,ouvré,automne,4,apprentissage
2020-10-03,46057.31,51847.00,11.42,week-end,automne,5,apprentissage
2020-10-04,44586.35,50618.00,11.65,week-end,automne,6,apprentissage
2020-10-05,51940.04,59102.00,12.21,ouvré,automne,0,apprentissage
2020-10-06,52513.62,58836.50,13.55,ouvré,automne,1,apprentissage
2020-10-07,51447.12,58015.00,13.92,ouvré,automne,2,apprentissage
2020-10-08,50622.00,56437.50,14.99,ouvré,automne,3,apprentissage
2020-10-09,49449.23,56035.50,14.18,ouvré,automne,4,apprentissage
2020-10-10,45274.71,50487.50,11.95,week-end,automne,5,apprentissage
2020-10-11,45020.27,51439.50,10.25,week-end,automne,6,apprentissage
2020-10-12,53314.71,60375.50,9.74,ouvré,automne,0,apprentissage
2020-10-13,55079.46,61641.50,9.78,ouvré,automne,1,apprentissage
2020-10-14,56000.92,62782.00,9.41,ouvré,automne,2,apprentissage
2020-10-15,57264.90,63789.50,9.16,ouvré,automne,3,apprentissage
2020-10-16,56934.00,64174.50,9.60,ouvré,automne,4,apprentissage
2020-10-17,51106.88,56419.50,9.89,week-end,automne,5,apprentissage
2020-10-18,48860.40,53861.00,9.54,week-end,automne,6,apprentissage
2020-10-19,55263.56,63394.50,10.21,ouvré,automne,0,apprentissage
2020-10-20,54488.00,61005.00,13.75,ouvré,automne,1,apprentissage
2020-10-21,51826.50,58037.00,16.69,ouvré,automne,2,apprentissage
2020-10-22,50918.77,57353.50,15.58,ouvré,automne,3,apprentissage
2020-10-23,50456.90,57646.50,14.24,ouvré,automne,4,apprentissage
2020-10-24,46139.90,50950.50,13.49,week-end,automne,5,apprentissage
2020-10-25,45377.28,52249.50,12.06,week-end,automne,6,apprentissage
2020-10-26,53965.19,62860.00,10.10,ouvré,automne,0,apprentissage
2020-10-27,56332.75,63862.50,10.48,ouvré,automne,1,apprentissage
2020-10-28,55118.08,62373.50,12.38,ouvré,automne,2,apprentissage
2020-10-29,53865.38,59231.50,12.97,ouvré,automne,3,apprentissage
2020-10-30,51862.98,57614.00,13.41,ouvré,automne,4,apprentissage
2020-10-31,47067.73,52794.00,12.75,week-end,automne,5,apprentissage
2020-11-01,44741.00,51406.00,14.95,férié,automne,6,apprentissage
2020-11-02,49726.27,58085.00,15.51,ouvré,automne,0,apprentissage
2020-11-03,53627.67,62464.00,10.26,ouvré,automne,1,apprentissage
2020-11-04,57197.96,65235.00,7.65,ouvré,automne,2,apprentissage
2020-11-05,58029.33,64898.00,8.12,ouvré,automne,3,apprentissage
2020-11-06,56568.29,63284.00,9.71,ouvré,automne,4,apprentissage
2020-11-07,49462.46,54643.50,12.29,week-end,automne,5,apprentissage
2020-11-08,45730.79,52013.00,13.24,week-end,automne,6,apprentissage
2020-11-09,51198.46,58537.50,12.91,ouvré,automne,0,apprentissage
2020-11-10,52535.62,58921.50,11.74,ouvré,automne,1,apprentissage
2020-11-11,48586.79,55437.50,10.90,férié,automne,2,apprentissage
2020-11-12,53101.79,60490.50,11.35,ouvré,automne,3,apprentissage
2020-11-13,53145.15,58308.50,11.91,ouvré,automne,4,apprentissage
2020-11-14,47410.02,53221.00,12.86,week-end,automne,5,apprentissage
2020-11-15,46590.27,53831.00,13.11,week-end,automne,6,apprentissage
2020-11-16,53914.98,62389.50,11.06,ouvré,automne,0,apprentissage
2020-11-17,55729.65,62620.00,10.21,ouvré,automne,1,apprentissage
2020-11-18,55709.92,62177.50,10.58,ouvré,automne,2,apprentissage
2020-11-19,56597.40,64654.50,9.64,ouvré,automne,3,apprentissage
2020-11-20,59368.90,65988.50,6.78,ouvré,automne,4,apprentissage
2020-11-21,56785.60,62427.00,5.36,week-end,automne,5,apprentissage
2020-11-22,55830.52,61923.00,5.71,week-end,automne,6,apprentissage
2020-11-23,61980.23,69679.50,6.55,ouvré,automne,0,apprentissage
2020-11-24,63620.25,70365.00,5.95,ouvré,automne,1,apprentissage
2020-11-25,62615.29,68990.00,7.57,ouvré,automne,2,apprentissage
2020-11-26,61745.85,68300.50,7.83,ouvré,automne,3,apprentissage
2020-11-27,60582.92,66991.50,8.47,ouvré,automne,4,apprentissage
2020-11-28,55563.10,60836.00,7.81,week-end,automne,5,apprentissage
2020-11-29,56757.10,64428.50,5.15,week-end,automne,6,apprentissage
2020-11-30,67036.40,75804.50,3.28,ouvré,automne,0,apprentissage
2020-12-01,67702.31,74636.00,5.89,ouvré,hiver,1,apprentissage
2020-12-02,68115.92,75608.00,5.46,ouvré,hiver,2,apprentissage
2020-12-03,67707.77,74607.50,5.98,ouvré,hiver,3,apprentissage
2020-12-04,67253.90,73547.00,5.25,ouvré,hiver,4,apprentissage
2020-12-05,64492.71,70113.00,3.70,week-end,hiver,5,apprentissage
2020-12-06,62456.75,69683.00,3.94,week-end,hiver,6,apprentissage
2020-12-07,70800.33,78841.00,3.17,ouvré,hiver,0,apprentissage
2020-12-08,71507.12,79497.50,3.85,ouvré,hiver,1,apprentissage
2020-12-09,72957.69,79671.00,3.28,ouvré,hiver,2,apprentissage
2020-12-10,71252.71,77783.00,4.62,ouvré,hiver,3,apprentissage
2020-12-11,68172.65,74601.00,7.20,ouvré,hiver,4,apprentissage
2020-12-12,60463.81,66419.00,7.83,week-end,hiver,5,apprentissage
2020-12-13,59527.04,66143.00,6.74,week-end,hiver,6,apprentissage
2020-12-14,64290.88,71397.50,8.93,ouvré,hiver,0,apprentissage
2020-12-15,63105.94,70515.50,9.44,ouvré,hiver,1,apprentissage
2020-12-16,64172.88,70913.50,8.29,ouvré,hiver,2,apprentissage
2020-12-17,62964.50,69858.00,8.89,ouvré,hiver,3,apprentissage
2020-12-18,62093.33,68558.00,8.26,ouvré,hiver,4,apprentissage
2020-12-19,56605.81,61363.50,9.52,week-end,hiver,5,apprentissage
2020-12-20,54442.35,60734.00,8.89,week-end,hiver,6,apprentissage
2020-12-21,60600.40,68440.50,9.14,ouvré,hiver,0,apprentissage
2020-12-22,57202.23,62662.00,12.14,ouvré,hiver,1,apprentissage
2020-12-23,56299.25,62655.00,11.43,ouvré,hiver,2,apprentissage
2020-12-24,56929.98,62801.50,7.62,Noël,hiver,3,apprentissage
2020-12-25,57518.98,63123.00,3.73,férié,hiver,4,apprentissage
2020-12-26,62231.77,68738.00,2.97,Noël,hiver,5,apprentissage
2020-12-27,62307.25,67924.00,4.26,Noël,hiver,6,apprentissage
2020-12-28,64618.83,72439.50,4.91,Noël,hiver,0,apprentissage
2020-12-29,65387.92,72545.00,4.57,Noël,hiver,1,apprentissage
2020-12-30,66184.88,72831.50,3.86,Noël,hiver,2,apprentissage
2020-12-31,65346.06,70721.00,3.75,Noël,hiver,3,apprentissage
2021-01-01,63176.10,69243.00,1.83,férié,hiver,4,apprentissage
2021-01-02,67626.83,74250.50,1.37,week-end,hiver,5,apprentissage
2021-01-03,66832.85,74529.50,1.92,week-end,hiver,6,apprentissage
2021-01-04,75502.50,84721.50,1.69,ouvré,hiver,0,apprentissage
2021-01-05,77957.90,85536.00,1.75,ouvré,hiver,1,apprentissage
2021-01-06,77922.38,85416.50,1.85,ouvré,hiver,2,apprentissage
2021-01-07,78795.38,86525.00,1.15,ouvré,hiver,3,apprentissage
2021-01-08,78858.42,86684.50,0.59,ouvré,hiver,4,apprentissage
2021-01-09,74925.44,80495.00,0.38,week-end,hiver,5,apprentissage
2021-01-10,72883.10,79915.50,0.47,week-end,hiver,6,apprentissage
2021-01-11,80112.58,87864.50,0.62,ouvré,hiver,0,apprentissage
2021-01-12,77944.21,84979.00,4.56,ouvré,hiver,1,apprentissage
2021-01-13,71970.15,78593.50,6.85,ouvré,hiver,2,apprentissage
2021-01-14,69891.31,77018.00,7.27,ouvré,hiver,3,apprentissage
2021-01-15,72275.90,79899.50,3.50,ouvré,hiver,4,apprentissage
2021-01-16,71508.69,77849.00,1.23,week-end,hiver,5,apprentissage
2021-01-17,65449.83,72720.00,4.74,week-end,hiver,6,apprentissage
2021-01-18,73169.92,81623.50,3.66,ouvré,hiver,0,apprentissage
2021-01-19,73765.06,82605.50,4.87,ouvré,hiver,1,apprentissage
2021-01-20,70055.40,76468.00,8.43,ouvré,hiver,2,apprentissage
2021-01-21,67522.44,73943.50,9.06,ouvré,hiver,3,apprentissage
2021-01-22,67080.12,73500.50,6.63,ouvré,hiver,4,apprentissage
2021-01-23,65010.48,71060.00,4.51,week-end,hiver,5,apprentissage
2021-01-24,65576.25,73367.00,3.13,week-end,hiver,6,apprentissage
2021-01-25,72636.96,81091.00,3.38,ouvré,hiver,0,apprentissage
2021-01-26,76428.48,84076.00,2.09,ouvré,hiver,1,apprentissage
2021-01-27,73067.42,80026.00,5.85,ouvré,hiver,2,apprentissage
2021-01-28,66179.79,72413.50,10.64,ouvré,hiver,3,apprentissage
2021-01-29,62665.79,68714.50,10.66,ouvré,hiver,4,apprentissage
2021-01-30,58441.83,64204.00,8.57,week-end,hiver,5,apprentissage
2021-01-31,56977.94,64484.00,7.78,week-end,hiver,6,apprentissage
2021-02-01,63181.54,70933.00,9.00,ouvré,hiver,0,apprentissage
2021-02-02,61908.98,67757.00,10.91,ouvré,hiver,1,apprentissage
2021-02-03,61431.71,69029.50,10.63,ouvré,hiver,2,apprentissage
2021-02-04,62763.81,69369.50,8.47,ouvré,hiver,3,apprentissage
2021-02-05,61234.29,68011.00,9.34,ouvré,hiver,4,apprentissage
2021-02-06,57163.06,62877.00,8.61,week-end,hiver,5,apprentissage
2021-02-07,59025.73,68656.00,4.87,week-end,hiver,6,apprentissage
2021-02-08,70941.48,79873.50,2.20,ouvré,hiver,0,apprentissage
2021-02-09,74853.83,82288.00,1.85,ouvré,hiver,1,apprentissage
2021-02-10,75912.02,84121.00,1.21,ouvré,hiver,2,apprentissage
2021-02-11,78529.52,85625.50,-0.04,ouvré,hiver,3,apprentissage
2021-02-12,79062.81,86321.00,0.12,ouvré,hiver,4,apprentissage
2021-02-13,75460.00,80739.50,-0.72,week-end,hiver,5,apprentissage
2021-02-14,72341.10,78140.00,0.96,week-end,hiver,6,apprentissage
2021-02-15,72909.77,80175.00,5.91,ouvré,hiver,0,apprentissage
2021-02-16,68287.54,75196.50,8.39,ouvré,hiver,1,apprentissage
2021-02-17,63997.25,71035.00,9.24,ouvré,hiver,2,apprentissage
2021-02-18,64533.65,70623.50,8.75,ouvré,hiver,3,apprentissage
2021-02-19,62067.10,69304.00,9.62,ouvré,hiver,4,apprentissage
2021-02-20,54048.04,58428.50,11.93,week-end,hiver,5,apprentissage
2021-02-21,51111.58,57654.50,11.85,week-end,hiver,6,apprentissage
2021-02-22,57735.25,64801.00,11.49,ouvré,hiver,0,apprentissage
2021-02-23,56170.83,62893.00,12.43,ouvré,hiver,1,apprentissage
2021-02-24,54836.92,61424.00,12.59,ouvré,hiver,2,apprentissage
2021-02-25,55327.02,61563.00,11.03,ouvré,hiver,3,apprentissage
2021-02-26,56664.02,63327.50,8.72,ouvré,hiver,4,apprentissage
2021-02-27,54787.06,59677.00,7.21,week-end,hiver,5,apprentissage
2021-02-28,53620.04,59332.00,7.04,week-end,hiver,6,apprentissage
2021-03-01,59333.46,68285.50,8.11,ouvré,printemps,0,apprentissage
2021-03-02,59580.46,67670.00,9.19,ouvré,printemps,1,apprentissage
2021-03-03,58909.58,66249.00,9.68,ouvré,printemps,2,apprentissage
2021-03-04,58944.23,65183.50,8.66,ouvré,printemps,3,apprentissage
2021-03-05,61243.44,67494.00,6.54,ouvré,printemps,4,apprentissage
2021-03-06,58344.04,62728.00,5.25,week-end,printemps,5,apprentissage
2021-03-07,56870.75,62330.50,5.42,week-end,printemps,6,apprentissage
2021-03-08,63165.21,71402.00,5.45,ouvré,printemps,0,apprentissage
2021-03-09,64206.65,73340.50,5.62,ouvré,printemps,1,apprentissage
2021-03-10,64399.75,71847.00,6.53,ouvré,printemps,2,apprentissage
2021-03-11,60707.10,66067.00,10.51,ouvré,printemps,3,apprentissage
2021-03-12,60423.52,66517.50,8.49,ouvré,printemps,4,apprentissage
2021-03-13,56307.33,60816.50,8.29,week-end,printemps,5,apprentissage
2021-03-14,55189.19,60987.50,7.29,week-end,printemps,6,apprentissage
2021-03-15,61689.38,68077.50,8.09,ouvré,printemps,0,apprentissage
2021-03-16,62372.58,68512.00,7.84,ouvré,printemps,1,apprentissage
2021-03-17,62554.12,68909.00,7.57,ouvré,printemps,2,apprentissage
2021-03-18,64577.23,69896.00,5.73,ouvré,printemps,3,apprentissage
2021-03-19,64500.29,71020.50,5.36,ouvré,printemps,4,apprentissage
2021-03-20,59783.42,64013.50,4.86,week-end,printemps,5,apprentissage
2021-03-21,57687.50,63034.50,5.85,week-end,printemps,6,apprentissage
2021-03-22,62762.15,69512.00,6.33,ouvré,printemps,0,apprentissage
2021-03-23,60880.96,69989.50,7.19,ouvré,printemps,1,apprentissage
2021-03-24,58397.21,67088.00,8.99,ouvré,printemps,2,apprentissage
2021-03-25,56800.94,62957.00,9.56,ouvré,printemps,3,apprentissage
2021-03-26,56430.83,62480.00,9.66,ouvré,printemps,4,apprentissage
2021-03-27,51712.35,55625.50,8.80,week-end,printemps,5,apprentissage
2021-03-28,48798.11,54804.50,9.92,week-end,printemps,6,apprentissage
2021-03-29,51956.75,61361.50,12.49,ouvré,printemps,0,apprentissage
2021-03-30,49918.17,57773.00,14.70,ouvré,printemps,1,apprentissage
2021-03-31,48528.48,54662.00,15.48,ouvré,printemps,2,apprentissage
2021-04-01,48008.08,53809.00,15.44,ouvré,printemps,3,apprentissage
2021-04-02,47588.35,53239.00,12.20,ouvré,printemps,4,apprentissage
2021-04-03,46577.21,51458.50,9.11,week-end,printemps,5,apprentissage
2021-04-04,46125.08,51050.50,8.55,week-end,printemps,6,apprentissage
2021-04-05,48774.79,54136.00,7.72,férié,printemps,0,apprentissage
2021-04-06,58679.38,65898.50,4.78,ouvré,printemps,1,apprentissage
2021-04-07,61710.79,70116.00,4.34,ouvré,printemps,2,apprentissage
2021-04-08,59349.17,68595.00,6.99,ouvré,printemps,3,apprentissage
2021-04-09,56095.25,64320.50,9.67,ouvré,printemps,4,apprentissage
2021-04-10,50245.52,55514.50,10.40,week-end,printemps,5,apprentissage
2021-04-11,50339.92,56622.50,8.15,week-end,printemps,6,apprentissage
2021-04-12,58612.33,66130.50,6.11,ouvré,printemps,0,apprentissage
2021-04-13,58870.02,66510.50,6.66,ouvré,printemps,1,apprentissage
2021-04-14,58401.35,65526.50,6.82,ouvré,printemps,2,apprentissage
2021-04-15,58729.40,65512.50,6.45,ouvré,printemps,3,apprentissage
2021-04-16,58840.75,65612.00,6.54,ouvré,printemps,4,apprentissage
2021-04-17,53085.19,58368.00,7.96,week-end,printemps,5,apprentissage
2021-04-18,49859.69,54641.00,8.56,week-end,printemps,6,apprentissage
2021-04-19,53931.60,60986.00,9.80,ouvré,printemps,0,apprentissage
2021-04-20,52753.73,58696.50,11.20,ouvré,printemps,1,apprentissage
2021-04-21,51517.23,56767.00,11.68,ouvré,printemps,2,apprentissage
2021-04-22,50350.88,55725.50,11.84,ouvré,printemps,3,apprentissage
2021-04-23,48715.96,54434.00,13.20,ouvré,printemps,4,apprentissage
2021-04-24,43183.08,48006.50,14.16,week-end,printemps,5,apprentissage
2021-04-25,41420.46,46432.00,13.14,week-end,printemps,6,apprentissage
2021-04-26,48186.04,54292.00,12.33,ouvré,printemps,0,apprentissage
2021-04-27,49089.23,54644.00,12.62,ouvré,printemps,1,apprentissage
2021-04-28,49596.90,55550.50,11.79,ouvré,printemps,2,apprentissage
2021-04-29,50730.02,56759.00,10.50,ouvré,printemps,3,apprentissage
2021-04-30,50973.60,56853.50,9.80,ouvré,printemps,4,apprentissage
2021-05-01,45421.67,50105.00,9.21,férié,printemps,5,apprentissage
2021-05-02,45516.23,50641.00,9.16,week-end,printemps,6,apprentissage
2021-05-03,51185.79,58236.50,10.39,ouvré,printemps,0,apprentissage
2021-05-04,51895.69,57153.00,11.65,ouvré,printemps,1,apprentissage
2021-05-05,51746.90,57000.50,10.66,ouvré,printemps,2,apprentissage
2021-05-06,53408.92,59648.00,10.32,ouvré,printemps,3,apprentissage
2021-05-07,51057.77,57480.00,11.76,ouvré,printemps,4,apprentissage
2021-05-08,42916.73,49564.00,15.08,férié,printemps,5,apprentissage
2021-05-09,39762.73,44174.50,17.93,week-end,printemps,6,apprentissage
2021-05-10,45968.75,52718.00,14.39,ouvré,printemps,0,apprentissage
2021-05-11,48004.65,54103.50,11.98,ouvré,printemps,1,apprentissage
2021-05-12,48767.02,54009.50,11.73,ouvré,printemps,2,apprentissage
2021-05-13,44004.33,48764.50,11.85,férié,printemps,3,apprentissage
2021-05-14,45916.94,51145.00,11.60,pont,printemps,4,apprentissage
2021-05-15,44441.92,49621.00,11.79,week-end,printemps,5,apprentissage
2021-05-16,42945.46,47809.50,12.75,week-end,printemps,6,apprentissage
2021-05-17,48926.23,55707.50,12.64,ouvré,printemps,0,apprentissage
2021-05-18,49925.54,55637.00,12.02,ouvré,printemps,1,apprentissage
2021-05-19,50120.98,56106.50,11.77,ouvré,printemps,2,apprentissage
2021-05-20,49677.35,55275.00,12.83,ouvré,printemps,3,apprentissage
2021-05-21,48762.85,54772.00,13.52,ouvré,printemps,4,apprentissage
2021-05-22,44306.23,48758.50,12.18,week-end,printemps,5,apprentissage
2021-05-23,41684.60,46662.00,12.53,week-end,printemps,6,apprentissage
2021-05-24,44044.40,49568.00,11.86,férié,printemps,0,apprentissage
2021-05-25,49623.27,55816.50,12.15,ouvré,printemps,1,apprentissage
2021-05-26,49922.27,56218.50,12.89,ouvré,printemps,2,apprentissage
2021-05-27,48386.94,53798.50,14.63,ouvré,printemps,3,apprentissage
2021-05-28,46276.56,51711.00,16.31,ouvré,printemps,4,apprentissage
2021-05-29,40636.46,45271.50,17.55,week-end,printemps,5,apprentissage
2021-05-30,38157.67,43243.00,17.58,week-end,printemps,6,apprentissage
2021-05-31,44057.75,50197.00,18.32,ouvré,printemps,0,apprentissage
2021-06-01,45210.10,51116.00,19.45,ouvré,été,1,apprentissage
2021-06-02,45518.10,52251.50,19.19,ouvré,été,2,apprentissage
2021-06-03,45635.10,52104.50,19.28,ouvré,été,3,apprentissage
2021-06-04,45126.10,52046.50,17.59,ouvré,été,4,apprentissage
2021-06-05,39998.29,45166.00,16.34,week-end,été,5,apprentissage
2021-06-06,38032.73,42991.00,16.90,week-end,été,6,apprentissage
2021-06-07,44307.81,51231.00,17.87,ouvré,été,0,apprentissage
2021-06-08,45438.48,51744.50,18.97,ouvré,été,1,apprentissage
2021-06-09,45857.19,52462.00,19.95,ouvré,été,2,apprentissage
2021-06-10,46138.23,52236.00,20.52,ouvré,été,3,apprentissage
2021-06-11,45886.23,52559.50,20.96,ouvré,été,4,apprentissage
2021-06-12,41043.15,46267.50,20.87,week-end,été,5,apprentissage
2021-06-13,38799.88,44660.50,21.64,week-end,été,6,apprentissage
2021-06-14,45882.04,53273.50,22.68,ouvré,été,0,apprentissage
2021-06-15,47415.75,54227.00,23.00,ouvré,été,1,apprentissage
2021-06-16,48035.31,55480.00,24.09,ouvré,été,2,apprentissage
2021-06-17,47447.08,54527.00,22.45,ouvré,été,3,apprentissage
2021-06-18,46387.62,53522.50,22.01,ouvré,été,4,apprentissage
2021-06-19,41429.98,47336.50,20.86,week-end,été,5,apprentissage
2021-06-20,38670.56,43856.50,19.56,week-end,été,6,apprentissage
2021-06-21,44778.75,52238.50,18.78,ouvré,été,0,apprentissage
2021-06-22,45735.33,52772.00,16.88,ouvré,été,1,apprentissage
2021-06-23,45855.00,53240.50,16.48,ouvré,été,2,apprentissage
2021-06-24,45573.98,52292.00,16.61,ouvré,été,3,apprentissage
2021-06-25,44946.92,51463.50,17.04,ouvré,été,4,apprentissage
2021-06-26,40393.02,45717.50,18.56,week-end,été,5,apprentissage
2021-06-27,38584.04,44143.50,19.18,week-end,été,6,apprentissage
2021-06-28,44775.75,52223.50,18.42,ouvré,été,0,apprentissage
2021-06-29,45765.31,52600.00,17.03,ouvré,été,1,apprentissage
2021-06-30,45802.00,52751.00,16.80,ouvré,été,2,apprentissage
2021-07-01,45884.40,52233.50,18.40,ouvré,été,3,apprentissage
2021-07-02,45821.56,52457.50,20.02,ouvré,été,4,apprentissage
2021-07-03,40887.23,46614.50,19.86,week-end,été,5,apprentissage
2021-07-04,38597.71,43934.00,18.49,week-end,été,6,apprentissage
2021-07-05,45145.81,52481.50,19.45,ouvré,été,0,apprentissage
2021-07-06,46163.06,53182.00,18.60,ouvré,été,1,apprentissage
2021-07-07,46013.15,52822.00,18.16,ouvré,été,2,apprentissage
2021-07-08,45928.23,52792.50,17.79,ouvré,été,3,apprentissage
2021-07-09,45456.44,52189.00,18.15,ouvré,été,4,apprentissage
2021-07-10,40808.29,46335.00,18.09,week-end,été,5,apprentissage
2021-07-11,38529.25,44103.50,19.05,week-end,été,6,apprentissage
2021-07-12,44956.94,52633.00,18.25,ouvré,été,0,apprentissage
2021-07-13,45500.29,52914.50,16.81,ouvré,été,1,apprentissage
2021-07-14,40528.40,46094.50,17.02,férié,été,2,apprentissage
2021-07-15,45024.19,52008.50,18.40,ouvré,été,3,apprentissage
2021-07-16,44898.65,51755.00,18.56,ouvré,été,4,apprentissage
2021-07-17,40629.94,45641.50,19.55,week-end,été,5,apprentissage
2021-07-18,38913.85,44619.00,22.56,week-end,été,6,apprentissage
2021-07-19,45909.10,53591.00,23.62,ouvré,été,0,apprentissage
2021-07-20,47253.38,54012.00,23.38,ouvré,été,1,apprentissage
2021-07-21,47524.73,54209.50,23.23,ouvré,été,2,apprentissage
2021-07-22,47737.04,54424.50,23.38,ouvré,été,3,apprentissage
2021-07-23,47058.48,54174.00,22.92,ouvré,été,4,apprentissage
2021-07-24,41434.23,46662.00,21.10,week-end,été,5,apprentissage
2021-07-25,38908.54,43906.00,19.92,week-end,été,6,apprentissage
2021-07-26,44642.33,51727.50,19.97,ouvré,été,0,apprentissage
2021-07-27,45797.31,52762.00,19.20,ouvré,été,1,apprentissage
2021-07-28,45408.02,51826.00,19.08,ouvré,été,2,apprentissage
2021-07-29,45218.42,51472.00,19.43,ouvré,été,3,apprentissage
2021-07-30,44305.02,50713.50,19.19,ouvré,été,4,apprentissage
2021-07-31,39783.33,45087.50,17.94,week-end,été,5,apprentissage
2021-08-01,37162.65,42064.00,17.45,week-end,été,6,apprentissage
2021-08-02,41344.69,47781.50,17.78,ouvré,été,0,apprentissage
2021-08-03,42247.52,48675.50,16.97,ouvré,été,1,apprentissage
2021-08-04,42103.83,48798.50,17.00,ouvré,été,2,apprentissage
2021-08-05,41558.65,47698.50,18.60,ouvré,été,3,apprentissage
2021-08-06,41005.19,46959.50,18.93,ouvré,été,4,apprentissage
2021-08-07,37807.65,43031.00,17.42,week-end,été,5,apprentissage
2021-08-08,35991.44,40771.00,17.34,week-end,été,6,apprentissage
2021-08-09,40105.17,46378.50,18.13,ouvré,été,0,apprentissage
2021-08-10,41362.88,47229.50,20.02,ouvré,été,1,apprentissage
2021-08-11,42211.25,48231.50,21.34,ouvré,été,2,apprentissage
2021-08-12,42819.48,49176.00,22.57,ouvré,été,3,apprentissage
2021-08-13,43011.35,49335.50,22.59,ouvré,été,4,apprentissage
2021-08-14,40570.58,45928.00,23.48,week-end,été,5,apprentissage
2021-08-15,38229.12,43056.50,22.48,férié,été,6,apprentissage
2021-08-16,41306.27,47631.50,19.15,ouvré,été,0,apprentissage
2021-08-17,42127.17,48066.50,17.18,ouvré,été,1,apprentissage
2021-08-18,42487.10,48502.50,17.64,ouvré,été,2,apprentissage
2021-08-19,42673.27,48660.00,18.22,ouvré,été,3,apprentissage
2021-08-20,42867.90,48641.00,19.54,ouvré,été,4,apprentissage
2021-08-21,39935.94,45266.00,20.22,week-end,été,5,apprentissage
2021-08-22,37972.12,42774.50,19.66,week-end,été,6,apprentissage
2021-08-23,43165.33,50143.50,18.65,ouvré,été,0,apprentissage
2021-08-24,44007.79,50453.50,18.88,ouvré,été,1,apprentissage
2021-08-25,44351.88,50657.00,19.01,ouvré,été,2,apprentissage
2021-08-26,44987.90,51472.00,18.32,ouvré,été,3,apprentissage
2021-08-27,44431.81,50826.50,17.64,ouvré,été,4,apprentissage
2021-08-28,40160.98,45204.50,17.10,week-end,été,5,apprentissage
2021-08-29,38461.81,43291.00,17.01,week-end,été,6,apprentissage
2021-08-30,44769.98,52063.00,17.49,ouvré,été,0,apprentissage
2021-08-31,46150.50,52802.50,18.21,ouvré,été,1,apprentissage
2021-09-01,46488.27,53177.50,18.23,ouvré,automne,2,apprentissage
2021-09-02,46489.48,53164.00,19.06,ouvré,automne,3,apprentissage
2021-09-03,45977.88,52909.00,19.84,ouvré,automne,4,apprentissage
2021-09-04,41094.75,46708.00,20.27,week-end,automne,5,apprentissage
2021-09-05,39332.71,44464.50,21.19,week-end,automne,6,apprentissage
2021-09-06,46005.79,53305.50,22.25,ouvré,automne,0,apprentissage
2021-09-07,47241.23,53941.50,22.71,ouvré,automne,1,apprentissage
2021-09-08,47219.44,54111.00,22.11,ouvré,automne,2,apprentissage
2021-09-09,46930.40,53829.50,20.49,ouvré,automne,3,apprentissage
2021-09-10,46034.40,53024.00,19.32,ouvré,automne,4,apprentissage
2021-09-11,40757.35,46159.00,18.35,week-end,automne,5,apprentissage
2021-09-12,38735.29,43958.00,18.38,week-end,automne,6,apprentissage
2021-09-13,45232.48,52175.00,19.71,ouvré,automne,0,apprentissage
2021-09-14,46735.00,53639.50,20.60,ouvré,automne,1,apprentissage
2021-09-15,46836.31,53940.50,19.64,ouvré,automne,2,apprentissage
2021-09-16,46383.69,52963.00,18.04,ouvré,automne,3,apprentissage
2021-09-17,45535.35,51883.50,17.48,ouvré,automne,4,apprentissage
2021-09-18,40730.98,46432.00,17.51,week-end,automne,5,apprentissage
2021-09-19,38701.75,44194.50,16.23,week-end,automne,6,apprentissage
2021-09-20,44908.71,52175.50,15.75,ouvré,automne,0,apprentissage
2021-09-21,45894.88,52298.50,15.37,ouvré,automne,1,apprentissage
2021-09-22,46121.77,52602.50,15.34,ouvré,automne,2,apprentissage
2021-09-23,46259.08,52202.00,15.88,ouvré,automne,3,apprentissage
2021-09-24,45732.46,51954.50,16.83,ouvré,automne,4,apprentissage
2021-09-25,41058.06,46505.50,17.46,week-end,automne,5,apprentissage
2021-09-26,38676.25,44065.00,17.98,week-end,automne,6,apprentissage
2021-09-27,45303.58,52359.00,16.55,ouvré,automne,0,apprentissage
2021-09-28,46596.54,52676.50,14.63,ouvré,automne,1,apprentissage
2021-09-29,47094.29,53333.00,14.78,ouvré,automne,2,apprentissage
2021-09-30,47620.83,53449.00,12.67,ouvré,automne,3,apprentissage
2021-10-01,47697.58,53633.50,13.70,ouvré,automne,4,apprentissage
2021-10-02,42977.94,48169.50,15.90,week-end,automne,5,apprentissage
2021-10-03,41024.02,47127.00,15.95,week-end,automne,6,apprentissage
2021-10-04,47316.79,54101.00,13.17,ouvré,automne,0,apprentissage
2021-10-05,48933.77,55416.00,13.17,ouvré,automne,1,apprentissage
2021-10-06,49839.02,56025.00,12.64,ouvré,automne,2,apprentissage
2021-10-07,49912.56,55860.50,12.65,ouvré,automne,3,apprentissage
2021-10-08,49085.15,55682.50,12.92,ouvré,automne,4,apprentissage
2021-10-09,44034.08,48905.00,12.79,week-end,automne,5,apprentissage
2021-10-10,42656.73,48481.00,12.08,week-end,automne,6,apprentissage
2021-10-11,49519.02,55728.00,11.79,ouvré,automne,0,apprentissage
2021-10-12,51544.08,58073.50,11.31,ouvré,automne,1,apprentissage
2021-10-13,51827.04,58113.00,10.98,ouvré,automne,2,apprentissage
2021-10-14,52955.94,60468.50,9.96,ouvré,automne,3,apprentissage
2021-10-15,52312.88,60247.00,10.72,ouvré,automne,4,apprentissage
2021-10-16,47333.56,51953.50,11.20,week-end,automne,5,apprentissage
2021-10-17,45733.50,51155.00,10.86,week-end,automne,6,apprentissage
2021-10-18,51491.92,58436.50,12.36,ouvré,automne,0,apprentissage
2021-10-19,50346.44,56214.50,16.18,ouvré,automne,1,apprentissage
2021-10-20,50051.94,56355.50,16.60,ouvré,automne,2,apprentissage
2021-10-21,50680.10,57048.00,13.36,ouvré,automne,3,apprentissage
2021-10-22,52415.27,59646.50,9.94,ouvré,automne,4,apprentissage
2021-10-23,48177.69,52483.00,9.57,week-end,automne,5,apprentissage
2021-10-24,47252.79,51904.00,9.38,week-end,automne,6,apprentissage
2021-10-25,53146.10,60064.00,11.24,ouvré,automne,0,apprentissage
2021-10-26,53481.67,59810.50,12.06,ouvré,automne,1,apprentissage
2021-10-27,53551.38,60425.50,11.24,ouvré,automne,2,apprentissage
2021-10-28,53622.12,61042.50,11.48,ouvré,automne,3,apprentissage
2021-10-29,52477.67,58794.50,13.10,ouvré,automne,4,apprentissage
2021-10-30,47438.75,52804.00,13.28,week-end,automne,5,apprentissage
2021-10-31,44661.53,49383.00,13.52,week-end,automne,6,apprentissage
2021-11-01,46962.54,54591.00,11.03,férié,automne,0,apprentissage
2021-11-02,54885.85,63621.00,9.62,ouvré,automne,1,apprentissage
2021-11-03,57616.79,65730.00,8.41,ouvré,automne,2,apprentissage
2021-11-04,60214.04,68048.00,7.49,ouvré,automne,3,apprentissage
2021-11-05,60357.96,66510.00,7.67,ouvré,automne,4,apprentissage
2021-11-06,56932.58,61910.50,6.75,week-end,automne,5,apprentissage
2021-11-07,53840.12,60166.50,8.64,week-end,automne,6,apprentissage
2021-11-08,59935.10,68630.00,8.31,ouvré,automne,0,apprentissage
2021-11-09,62258.17,69802.50,6.86,ouvré,automne,1,apprentissage
2021-11-10,63660.67,71104.00,6.43,ouvré,automne,2,apprentissage
2021-11-11,57117.10,62545.50,7.43,férié,automne,3,apprentissage
2021-11-12,59400.75,65341.00,7.87,pont,automne,4,apprentissage
2021-11-13,53852.12,58818.50,10.25,week-end,automne,5,apprentissage
2021-11-14,51359.48,58509.50,10.27,week-end,automne,6,apprentissage
2021-11-15,60512.21,69966.50,8.33,ouvré,automne,0,apprentissage
2021-11-16,62529.52,70806.00,7.81,ouvré,automne,1,apprentissage
2021-11-17,62447.04,70249.50,8.24,ouvré,automne,2,apprentissage
2021-11-18,62799.69,70393.00,7.74,ouvré,automne,3,apprentissage
2021-11-19,62471.38,70005.50,7.52,ouvré,automne,4,apprentissage
2021-11-20,58228.31,63840.50,6.81,week-end,automne,5,apprentissage
2021-11-21,57245.67,64218.00,6.32,week-end,automne,6,apprentissage
2021-11-22,65678.44,75434.50,6.27,ouvré,automne,0,apprentissage
2021-11-23,68042.96,75562.50,5.68,ouvré,automne,1,apprentissage
2021-11-24,68604.08,76213.50,5.31,ouvré,automne,2,apprentissage
2021-11-25,69264.88,76832.50,4.84,ouvré,automne,3,apprentissage
2021-11-26,69582.04,76179.50,4.80,ouvré,automne,4,apprentissage
2021-11-27,65342.90,71866.00,4.12,week-end,automne,5,apprentissage
2021-11-28,65299.62,73193.00,3.63,week-end,automne,6,apprentissage
2021-11-29,73493.69,82928.50,2.75,ouvré,automne,0,apprentissage
2021-11-30,74693.90,81857.00,4.73,ouvré,automne,1,apprentissage
2021-12-01,70091.42,76942.50,7.37,ouvré,hiver,2,apprentissage
2021-12-02,71654.12,81212.00,4.62,ouvré,hiver,3,apprentissage
2021-12-03,73564.75,80652.50,4.08,ouvré,hiver,4,apprentissage
2021-12-04,63056.98,68932.50,7.74,week-end,hiver,5,apprentissage
2021-12-05,63549.10,71048.00,5.10,week-end,hiver,6,apprentissage
2021-12-06,70529.94,79078.50,5.41,ouvré,hiver,0,apprentissage
2021-12-07,71473.48,78556.00,5.89,ouvré,hiver,1,apprentissage
2021-12-08,71589.96,80415.00,5.11,ouvré,hiver,2,apprentissage
2021-12-09,73340.10,80598.50,4.34,ouvré,hiver,3,apprentissage
2021-12-10,72196.04,78660.50,5.61,ouvré,hiver,4,apprentissage
2021-12-11,66461.38,71359.00,5.05,week-end,hiver,5,apprentissage
2021-12-12,62012.83,67672.00,6.86,week-end,hiver,6,apprentissage
2021-12-13,67740.77,76087.50,6.54,ouvré,hiver,0,apprentissage
2021-12-14,70145.98,77267.00,5.40,ouvré,hiver,1,apprentissage
2021-12-15,70198.15,77637.00,5.73,ouvré,hiver,2,apprentissage
2021-12-16,69858.25,76470.00,5.99,ouvré,hiver,3,apprentissage
2021-12-17,69650.88,77265.50,5.49,ouvré,hiver,4,apprentissage
2021-12-18,65189.81,70053.50,4.75,week-end,hiver,5,apprentissage
2021-12-19,64627.69,70811.00,3.77,week-end,hiver,6,apprentissage
2021-12-20,72395.69,80668.50,3.28,ouvré,hiver,0,apprentissage
2021-12-21,75110.79,82426.50,1.53,ouvré,hiver,1,apprentissage
2021-12-22,77162.56,84230.00,0.68,ouvré,hiver,2,apprentissage
2021-12-23,71305.25,77963.00,5.38,ouvré,hiver,3,apprentissage
2021-12-24,61406.75,66815.50,8.41,Noël,hiver,4,apprentissage
2021-12-25,53687.52,58718.50,8.62,férié,hiver,5,apprentissage
2021-12-26,53843.54,59552.00,8.65,Noël,hiver,6,apprentissage
2021-12-27,57965.96,64574.00,9.46,Noël,hiver,0,apprentissage
2021-12-28,57700.96,64247.50,11.03,Noël,hiver,1,apprentissage
2021-12-29,55535.35,61700.50,12.21,Noël,hiver,2,apprentissage
2021-12-30,52834.52,58845.50,12.77,Noël,hiver,3,apprentissage
2021-12-31,53373.85,57640.50,10.17,Noël,hiver,4,apprentissage
2022-01-01,50392.73,55199.00,9.54,férié,hiver,5,apprentissage
2022-01-02,52312.52,59639.50,10.19,week-end,hiver,6,apprentissage
2022-01-03,59529.73,67827.50,10.19,ouvré,hiver,0,apprentissage
2022-01-04,62207.88,70766.00,9.02,ouvré,hiver,1,apprentissage
2022-01-05,68334.75,78243.00,4.39,ouvré,hiver,2,apprentissage
2022-01-06,72562.98,80314.00,3.13,ouvré,hiver,3,apprentissage
2022-01-07,72429.96,79663.50,4.35,ouvré,hiver,4,apprentissage
2022-01-08,65133.56,70533.00,6.39,week-end,hiver,5,apprentissage
2022-01-09,62454.83,69332.50,6.10,week-end,hiver,6,apprentissage
2022-01-10,69600.56,78465.50,4.85,ouvré,hiver,0,apprentissage
2022-01-11,72614.90,80823.00,3.23,ouvré,hiver,1,apprentissage
2022-01-12,75118.42,82307.50,2.29,ouvré,hiver,2,apprentissage
2022-01-13,76408.98,83625.00,1.73,ouvré,hiver,3,apprentissage
2022-01-14,77287.19,86744.00,1.39,ouvré,hiver,4,apprentissage
2022-01-15,72874.52,78143.00,0.97,week-end,hiver,5,apprentissage
2022-01-16,70711.48,76451.50,1.84,week-end,hiver,6,apprentissage
2022-01-17,74668.00,81998.50,3.77,ouvré,hiver,0,apprentissage
2022-01-18,75098.77,82453.00,3.64,ouvré,hiver,1,apprentissage
2022-01-19,74978.35,82262.50,3.95,ouvré,hiver,2,apprentissage
2022-01-20,73797.46,81437.50,4.44,ouvré,hiver,3,apprentissage
2022-01-21,75236.17,83347.00,2.87,ouvré,hiver,4,apprentissage
2022-01-22,70402.58,75461.50,3.09,week-end,hiver,5,apprentissage
2022-01-23,67432.50,74318.00,3.33,week-end,hiver,6,apprentissage
2022-01-24,74803.60,84065.00,2.60,ouvré,hiver,0,apprentissage
2022-01-25,77764.48,85584.50,1.29,ouvré,hiver,1,apprentissage
2022-01-26,78374.15,85622.00,1.72,ouvré,hiver,2,apprentissage
2022-01-27,77493.15,84933.50,2.76,ouvré,hiver,3,apprentissage
2022-01-28,74330.81,82124.00,4.25,ouvré,hiver,4,apprentissage
2022-01-29,67133.35,72404.00,5.49,week-end,hiver,5,apprentissage
2022-01-30,62109.12,68794.00,6.33,week-end,hiver,6,apprentissage
2022-01-31,69934.65,78672.50,6.22,ouvré,hiver,0,apprentissage
2022-02-01,71869.21,78690.00,6.06,ouvré,hiver,1,apprentissage
2022-02-02,67294.69,73773.50,8.77,ouvré,hiver,2,apprentissage
2022-02-03,67597.27,74368.00,7.17,ouvré,hiver,3,apprentissage
2022-02-04,66507.06,72896.50,7.34,ouvré,hiver,4,apprentissage
2022-02-05,62094.62,66920.50,5.78,week-end,hiver,5,apprentissage
2022-02-06,61556.77,67136.00,7.21,week-end,hiver,6,apprentissage
2022-02-07,64835.27,72651.00,7.58,ouvré,hiver,0,apprentissage
2022-02-08,66519.90,74047.00,6.65,ouvré,hiver,1,apprentissage
2022-02-09,66171.25,74823.50,6.74,ouvré,hiver,2,apprentissage
2022-02-10,65813.17,72257.00,7.47,ouvré,hiver,3,apprentissage
2022-02-11,66653.90,74855.50,5.40,ouvré,hiver,4,apprentissage
2022-02-12,64375.54,69761.00,3.77,week-end,hiver,5,apprentissage
2022-02-13,60824.56,65572.00,6.99,week-end,hiver,6,apprentissage
2022-02-14,64606.40,72910.00,8.14,ouvré,hiver,0,apprentissage
2022-02-15,66966.69,74210.50,7.16,ouvré,hiver,1,apprentissage
2022-02-16,65238.06,71803.00,10.33,ouvré,hiver,2,apprentissage
2022-02-17,60878.46,66708.00,11.67,ouvré,hiver,3,apprentissage
2022-02-18,60036.94,66223.00,10.28,ouvré,hiver,4,apprentissage
2022-02-19,58491.29,64454.50,7.18,week-end,hiver,5,apprentissage
2022-02-20,56233.85,62039.50,9.41,week-end,hiver,6,apprentissage
2022-02-21,63398.79,71964.00,8.69,ouvré,hiver,0,apprentissage
2022-02-22,63797.06,70004.50,8.75,ouvré,hiver,1,apprentissage
2022-02-23,62211.98,69321.50,8.76,ouvré,hiver,2,apprentissage
2022-02-24,63187.12,70567.50,8.14,ouvré,hiver,3,apprentissage
2022-02-25,64652.19,72547.50,5.94,ouvré,hiver,4,apprentissage
2022-02-26,60716.83,65597.00,5.17,week-end,hiver,5,apprentissage
2022-02-27,59249.42,63542.00,5.48,week-end,hiver,6,apprentissage
2022-02-28,64028.17,72921.50,6.42,ouvré,hiver,0,apprentissage
2022-03-01,63931.90,71490.50,7.47,ouvré,printemps,1,apprentissage
2022-03-02,63114.83,69485.00,7.86,ouvré,printemps,2,apprentissage
2022-03-03,61699.40,67929.00,8.74,ouvré,printemps,3,apprentissage
2022-03-04,61523.83,68103.00,8.08,ouvré,printemps,4,apprentissage
2022-03-05,58380.29,62822.00,6.40,week-end,printemps,5,apprentissage
2022-03-06,58364.69,65113.00,4.73,week-end,printemps,6,apprentissage
2022-03-07,67208.50,75528.00,3.50,ouvré,printemps,0,apprentissage
2022-03-08,67176.79,75243.00,5.61,ouvré,printemps,1,apprentissage
2022-03-09,63536.54,71541.50,8.11,ouvré,printemps,2,apprentissage
2022-03-10,61007.88,68105.00,9.21,ouvré,printemps,3,apprentissage
2022-03-11,60574.52,66049.50,9.69,ouvré,printemps,4,apprentissage
2022-03-12,55827.54,60108.00,8.98,week-end,printemps,5,apprentissage
2022-03-13,54727.58,61331.00,8.55,week-end,printemps,6,apprentissage
2022-03-14,60229.98,68035.00,8.88,ouvré,printemps,0,apprentissage
2022-03-15,58920.88,65168.50,11.07,ouvré,printemps,1,apprentissage
2022-03-16,58166.62,64692.00,10.98,ouvré,printemps,2,apprentissage
2022-03-17,59260.94,65432.50,9.42,ouvré,printemps,3,apprentissage
2022-03-18,59853.19,67387.00,9.20,ouvré,printemps,4,apprentissage
2022-03-19,53634.52,57701.00,10.28,week-end,printemps,5,apprentissage
2022-03-20,51263.38,56680.00,9.22,week-end,printemps,6,apprentissage
2022-03-21,55368.02,62775.00,11.01,ouvré,printemps,0,apprentissage
2022-03-22,55409.69,62440.50,10.70,ouvré,printemps,1,apprentissage
2022-03-23,55607.77,63137.00,10.23,ouvré,printemps,2,apprentissage
2022-03-24,55060.71,63370.50,11.01,ouvré,printemps,3,apprentissage
2022-03-25,53140.92,60655.50,11.65,ouvré,printemps,4,apprentissage
2022-03-26,47547.94,51604.00,12.20,week-end,printemps,5,apprentissage
2022-03-27,44945.22,49013.00,12.76,week-end,printemps,6,apprentissage
2022-03-28,50317.21,58531.00,12.82,ouvré,printemps,0,apprentissage
2022-03-29,51305.92,57264.00,12.49,ouvré,printemps,1,apprentissage
2022-03-30,53426.31,60290.50,10.30,ouvré,printemps,2,apprentissage
2022-03-31,57351.35,63673.00,7.37,ouvré,printemps,3,apprentissage
2022-04-01,64993.60,72271.00,3.34,ouvré,printemps,4,apprentissage
2022-04-02,62704.58,67526.50,3.31,week-end,printemps,5,apprentissage
2022-04-03,60397.38,64215.00,3.59,week-end,printemps,6,apprentissage
2022-04-04,64863.92,73761.00,5.16,ouvré,printemps,0,apprentissage
2022-04-05,61993.88,70003.00,8.99,ouvré,printemps,1,apprentissage
2022-04-06,59639.92,65913.00,10.24,ouvré,printemps,2,apprentissage
2022-04-07,58429.29,64407.00,11.47,ouvré,printemps,3,apprentissage
2022-04-08,58149.67,64710.00,10.23,ouvré,printemps,4,apprentissage
2022-04-09,54127.25,58872.50,7.45,week-end,printemps,5,apprentissage
2022-04-10,51516.10,56917.00,7.86,week-end,printemps,6,apprentissage
2022-04-11,54138.19,62332.50,11.73,ouvré,printemps,0,apprentissage
2022-04-12,52039.31,57862.50,13.97,ouvré,printemps,1,apprentissage
2022-04-13,51314.25,57403.00,13.68,ouvré,printemps,2,apprentissage
2022-04-14,49550.81,55793.00,14.75,ouvré,printemps,3,apprentissage
2022-04-15,47015.12,52654.00,15.34,ouvré,printemps,4,apprentissage
2022-04-16,42024.08,46088.50,14.75,week-end,printemps,5,apprentissage
2022-04-17,39846.33,43958.50,13.57,week-end,printemps,6,apprentissage
2022-04-18,40908.81,45237.00,12.72,férié,printemps,0,apprentissage
2022-04-19,47483.85,53402.50,12.21,ouvré,printemps,1,apprentissage
2022-04-20,49160.17,54924.50,12.35,ouvré,printemps,2,apprentissage
2022-04-21,48890.00,54358.50,13.18,ouvré,printemps,3,apprentissage
2022-04-22,47594.85,53157.00,13.51,ouvré,printemps,4,apprentissage
2022-04-23,43761.98,48758.50,12.94,week-end,printemps,5,apprentissage
2022-04-24,42519.77,47271.50,12.33,week-end,printemps,6,apprentissage
2022-04-25,48364.85,54718.50,12.18,ouvré,printemps,0,apprentissage
2022-04-26,48962.10,54449.50,12.12,ouvré,printemps,1,apprentissage
2022-04-27,48386.12,53822.50,12.74,ouvré,printemps,2,apprentissage
2022-04-28,47737.29,53005.00,14.29,ouvré,printemps,3,apprentissage
2022-04-29,46756.75,52156.50,14.20,ouvré,printemps,4,apprentissage
2022-04-30,42209.33,46634.00,12.86,week-end,printemps,5,apprentissage
2022-05-01,39670.08,43908.50,12.59,férié,printemps,6,apprentissage
2022-05-02,45858.40,51713.00,13.67,ouvré,printemps,0,apprentissage
2022-05-03,47191.44,52688.50,14.12,ouvré,printemps,1,apprentissage
2022-05-04,47633.79,53251.50,13.49,ouvré,printemps,2,apprentissage
2022-05-05,47873.81,53740.50,13.69,ouvré,printemps,3,apprentissage
2022-05-06,47222.81,52975.50,14.48,ouvré,printemps,4,apprentissage
2022-05-07,41717.85,46512.00,15.51,week-end,printemps,5,apprentissage
2022-05-08,39290.27,43821.50,15.94,férié,printemps,6,apprentissage
2022-05-09,45132.06,51175.50,17.53,ouvré,printemps,0,apprentissage
2022-05-10,45859.71,51665.00,18.77,ouvré,printemps,1,apprentissage
2022-05-11,45875.75,51830.50,18.40,ouvré,printemps,2,apprentissage
2022-05-12,45910.27,51915.00,16.74,ouvré,printemps,3,apprentissage
2022-05-13,45382.17,51520.50,16.60,ouvré,printemps,4,apprentissage
2022-05-14,40653.98,45723.50,17.83,week-end,printemps,5,apprentissage
2022-05-15,38386.42,43183.50,20.03,week-end,printemps,6,apprentissage
2022-05-16,44621.92,51365.50,19.69,ouvré,printemps,0,apprentissage
2022-05-17,46019.77,52379.00,21.16,ouvré,printemps,1,apprentissage
2022-05-18,46641.73,53274.50,21.75,ouvré,printemps,2,apprentissage
2022-05-19,46545.54,52655.50,21.12,ouvré,printemps,3,apprentissage
2022-05-20,45823.85,52665.00,19.82,ouvré,printemps,4,apprentissage
2022-05-21,40899.40,46125.00,19.07,week-end,printemps,5,apprentissage
2022-05-22,38818.98,43800.00,20.20,week-end,printemps,6,apprentissage
2022-05-23,44802.15,52211.50,17.66,ouvré,printemps,0,apprentissage
2022-05-24,44928.23,51106.00,15.09,ouvré,printemps,1,apprentissage
2022-05-25,45156.29,51725.50,15.02,ouvré,printemps,2,apprentissage
2022-05-26,40268.31,45343.00,16.40,férié,printemps,3,apprentissage
2022-05-27,41686.46,47609.50,17.25,pont,printemps,4,apprentissage
2022-05-28,39672.04,44692.00,16.55,week-end,printemps,5,apprentissage
2022-05-29,38019.75,42867.00,14.63,week-end,printemps,6,apprentissage
2022-05-30,44559.62,51185.50,14.69,ouvré,printemps,0,apprentissage
2022-05-31,45773.98,51788.00,16.39,ouvré,printemps,1,apprentissage
2022-06-01,46021.31,52541.00,17.03,ouvré,été,2,apprentissage
2022-06-02,46138.65,52117.50,19.03,ouvré,été,3,apprentissage
2022-06-03,45699.10,52202.00,19.99,ouvré,été,4,apprentissage
2022-06-04,41022.96,46898.50,20.80,week-end,été,5,apprentissage
2022-06-05,38073.23,43200.50,19.08,week-end,été,6,apprentissage
2022-06-06,39658.31,45775.00,18.12,férié,été,0,apprentissage
2022-06-07,44882.85,51836.50,18.32,ouvré,été,1,apprentissage
2022-06-08,45616.50,52552.00,17.09,ouvré,été,2,apprentissage
2022-06-09,45508.88,52047.50,17.13,ouvré,été,3,apprentissage
2022-06-10,45427.27,51991.00,18.85,ouvré,été,4,apprentissage
2022-06-11,40962.54,46736.00,20.48,week-end,été,5,apprentissage
2022-06-12,39000.21,43995.00,20.48,week-end,été,6,apprentissage
2022-06-13,45176.08,52273.00,19.73,ouvré,été,0,apprentissage
2022-06-14,46852.88,53287.00,21.01,ouvré,été,1,apprentissage
2022-06-15,47960.38,54957.50,23.61,ouvré,été,2,apprentissage
2022-06-16,48376.08,55147.00,24.05,ouvré,été,3,apprentissage
2022-06-17,48539.19,55819.00,25.93,ouvré,été,4,apprentissage
2022-06-18,44108.08,50103.50,26.92,week-end,été,5,apprentissage
2022-06-19,40748.75,45563.50,22.92,week-end,été,6,apprentissage
2022-06-20,46381.73,53532.50,21.30,ouvré,été,0,apprentissage
2022-06-21,47220.17,54018.00,21.19,ouvré,été,1,apprentissage
2022-06-22,47195.81,53932.00,20.87,ouvré,été,2,apprentissage
2022-06-23,46904.19,53535.00,20.90,ouvré,été,3,apprentissage
2022-06-24,45496.04,52273.50,19.29,ouvré,été,4,apprentissage
2022-06-25,40422.94,46117.50,18.19,week-end,été,5,apprentissage
2022-06-26,38650.02,43778.00,17.82,week-end,été,6,apprentissage
2022-06-27,44627.98,51839.50,18.19,ouvré,été,0,apprentissage
2022-06-28,45657.90,52151.00,19.01,ouvré,été,1,apprentissage
2022-06-29,46175.42,53017.50,19.82,ouvré,été,2,apprentissage
2022-06-30,46129.52,53106.00,16.86,ouvré,été,3,apprentissage
2022-07-01,44959.10,51453.50,17.01,ouvré,été,4,apprentissage
2022-07-02,40814.60,46200.50,19.57,week-end,été,5,apprentissage
2022-07-03,38019.92,43124.00,20.53,week-end,été,6,apprentissage
2022-07-04,45445.42,52784.50,20.29,ouvré,été,0,apprentissage
2022-07-05,46803.50,53504.00,20.51,ouvré,été,1,apprentissage
2022-07-06,46697.02,53474.00,20.47,ouvré,été,2,apprentissage
2022-07-07,47175.48,53688.00,19.92,ouvré,été,3,apprentissage
2022-07-08,46892.75,53171.50,20.60,ouvré,été,4,apprentissage
2022-07-09,42365.73,47584.00,22.21,week-end,été,5,apprentissage
2022-07-10,39903.08,45084.00,22.00,week-end,été,6,apprentissage
2022-07-11,46834.04,53888.50,23.23,ouvré,été,0,apprentissage
2022-07-12,48612.10,55569.50,24.95,ouvré,été,1,apprentissage
2022-07-13,48812.25,56132.50,25.61,ouvré,été,2,apprentissage
2022-07-14,43326.62,48545.50,25.09,férié,été,3,apprentissage
2022-07-15,44956.83,51322.50,23.10,pont,été,4,apprentissage
2022-07-16,42346.73,47454.00,23.31,week-end,été,5,apprentissage
2022-07-17,40759.69,46241.50,24.78,week-end,été,6,apprentissage
2022-07-18,48365.21,56531.50,27.97,ouvré,été,0,apprentissage
2022-07-19,49675.85,56967.00,27.87,ouvré,été,1,apprentissage
2022-07-20,48662.23,55358.00,22.80,ouvré,été,2,apprentissage
2022-07-21,48222.75,54564.50,22.50,ouvré,été,3,apprentissage
2022-07-22,47628.98,54718.00,22.33,ouvré,été,4,apprentissage
2022-07-23,42372.46,47296.50,22.35,week-end,été,5,apprentissage
2022-07-24,40620.85,45790.00,24.69,week-end,été,6,apprentissage
2022-07-25,46181.56,53461.50,23.32,ouvré,été,0,apprentissage
2022-07-26,46276.29,52498.00,20.90,ouvré,été,1,apprentissage
2022-07-27,45883.67,51833.50,20.71,ouvré,été,2,apprentissage
2022-07-28,45968.23,52196.00,21.65,ouvré,été,3,apprentissage
2022-07-29,44889.25,50862.00,21.99,ouvré,été,4,apprentissage
2022-07-30,40675.88,45573.00,22.92,week-end,été,5,apprentissage
2022-07-31,38845.50,43748.00,23.32,week-end,été,6,apprentissage
2022-08-01,43702.10,50442.00,23.55,ouvré,été,0,apprentissage
2022-08-02,44874.85,51289.00,24.33,ouvré,été,1,apprentissage
2022-08-03,45639.67,52536.00,26.18,ouvré,été,2,apprentissage
2022-08-04,45335.96,51836.50,25.03,ouvré,été,3,apprentissage
2022-08-05,43848.75,50098.50,22.50,ouvré,été,4,apprentissage
2022-08-06,39925.52,44940.00,21.69,week-end,été,5,apprentissage
2022-08-07,37848.42,42162.50,22.15,week-end,été,6,apprentissage
2022-08-08,41977.27,48201.50,23.13,ouvré,été,0,apprentissage
2022-08-09,42949.46,48779.50,24.33,ouvré,été,1,apprentissage
2022-08-10,43340.38,49732.00,25.51,ouvré,été,2,apprentissage
2022-08-11,43725.52,50001.00,26.10,ouvré,été,3,apprentissage
2022-08-12,43805.60,50239.50,26.44,ouvré,été,4,apprentissage
2022-08-13,40297.48,45216.50,25.78,week-end,été,5,apprentissage
2022-08-14,37203.85,41575.00,22.14,week-end,été,6,apprentissage
2022-08-15,37614.90,42281.50,21.16,férié,été,0,apprentissage
2022-08-16,41737.38,48314.00,21.63,ouvré,été,1,apprentissage
2022-08-17,41561.83,47544.50,20.06,ouvré,été,2,apprentissage
2022-08-18,41477.62,47550.50,19.80,ouvré,été,3,apprentissage
2022-08-19,41474.40,47376.00,20.37,ouvré,été,4,apprentissage
2022-08-20,38780.92,43877.50,20.45,week-end,été,5,apprentissage
2022-08-21,37108.00,41966.50,20.09,week-end,été,6,apprentissage
2022-08-22,42711.62,49716.00,21.33,ouvré,été,0,apprentissage
2022-08-23,44571.73,51080.00,22.54,ouvré,été,1,apprentissage
2022-08-24,45367.02,52277.00,24.26,ouvré,été,2,apprentissage
2022-08-25,45514.73,52458.50,23.52,ouvré,été,3,apprentissage
2022-08-26,44803.73,51311.00,21.59,ouvré,été,4,apprentissage
2022-08-27,40181.60,45351.00,20.85,week-end,été,5,apprentissage
2022-08-28,38130.02,42953.00,21.60,week-end,été,6,apprentissage
2022-08-29,44588.04,52129.00,22.63,ouvré,été,0,apprentissage
2022-08-30,46014.04,52873.50,22.10,ouvré,été,1,apprentissage
2022-08-31,45861.40,52443.50,21.36,ouvré,été,2,apprentissage
2022-09-01,45989.04,52605.00,21.64,ouvré,automne,3,apprentissage
2022-09-02,45028.42,51780.00,20.07,ouvré,automne,4,apprentissage
2022-09-03,40162.10,45730.00,19.94,week-end,automne,5,apprentissage
2022-09-04,38667.04,43895.50,21.38,week-end,automne,6,apprentissage
2022-09-05,45079.08,52409.50,22.51,ouvré,automne,0,apprentissage
2022-09-06,45747.19,52368.50,21.42,ouvré,automne,1,apprentissage
2022-09-07,45397.69,52208.00,19.51,ouvré,automne,2,apprentissage
2022-09-08,44765.77,50949.50,18.33,ouvré,automne,3,apprentissage
2022-09-09,44351.10,50765.00,17.71,ouvré,automne,4,apprentissage
2022-09-10,39772.92,45114.00,17.44,week-end,automne,5,apprentissage
2022-09-11,37934.90,43058.00,18.50,week-end,automne,6,apprentissage
2022-09-12,44323.10,51166.50,21.15,ouvré,automne,0,apprentissage
2022-09-13,45845.67,52594.00,22.47,ouvré,automne,1,apprentissage
2022-09-14,45687.46,52510.50,20.85,ouvré,automne,2,apprentissage
2022-09-15,45136.71,51539.00,18.94,ouvré,automne,3,apprentissage
2022-09-16,44296.73,50556.00,16.31,ouvré,automne,4,apprentissage
2022-09-17,39446.10,44835.00,13.44,week-end,automne,5,apprentissage
2022-09-18,37768.58,42708.00,13.32,week-end,automne,6,apprentissage
2022-09-19,43698.58,50144.50,13.99,ouvré,automne,0,apprentissage
2022-09-20,45001.83,51008.00,13.95,ouvré,automne,1,apprentissage
2022-09-21,44987.92,50963.50,14.28,ouvré,automne,2,apprentissage
2022-09-22,45179.33,50990.00,14.45,ouvré,automne,3,apprentissage
2022-09-23,44798.15,51069.50,14.69,ouvré,automne,4,apprentissage
2022-09-24,40166.88,45559.00,14.91,week-end,automne,5,apprentissage
2022-09-25,38336.15,43608.50,13.96,week-end,automne,6,apprentissage
2022-09-26,45243.62,51765.50,13.01,ouvré,automne,0,apprentissage
2022-09-27,46856.25,52734.50,12.98,ouvré,automne,1,apprentissage
2022-09-28,46867.33,53286.50,13.51,ouvré,automne,2,apprentissage
2022-09-29,46582.50,52517.50,11.96,ouvré,automne,3,apprentissage
2022-09-30,46756.40,52748.00,11.65,ouvré,automne,4,apprentissage
2022-10-01,42297.46,47966.50,14.85,week-end,automne,5,apprentissage
2022-10-02,39261.79,44779.00,16.37,week-end,automne,6,apprentissage
2022-10-03,45056.08,51885.50,14.11,ouvré,automne,0,apprentissage
2022-10-04,46115.79,52173.00,13.91,ouvré,automne,1,apprentissage
2022-10-05,45818.83,51792.50,16.00,ouvré,automne,2,apprentissage
2022-10-06,45491.27,51071.50,14.88,ouvré,automne,3,apprentissage
2022-10-07,45260.67,51049.00,14.22,ouvré,automne,4,apprentissage
2022-10-08,40712.54,45880.50,14.07,week-end,automne,5,apprentissage
2022-10-09,39313.71,44518.00,13.24,week-end,automne,6,apprentissage
2022-10-10,44848.15,51025.50,15.09,ouvré,automne,0,apprentissage
2022-10-11,45730.69,51583.00,14.34,ouvré,automne,1,apprentissage
2022-10-12,46272.33,52444.00,13.86,ouvré,automne,2,apprentissage
2022-10-13,46429.19,52181.00,14.24,ouvré,automne,3,apprentissage
2022-10-14,45754.02,51933.00,15.80,ouvré,automne,4,apprentissage
2022-10-15,40688.33,45818.50,16.44,week-end,automne,5,apprentissage
2022-10-16,38742.90,43786.50,17.27,week-end,automne,6,apprentissage
2022-10-17,43926.98,50514.00,17.90,ouvré,automne,0,apprentissage
2022-10-18,44443.04,49671.50,17.60,ouvré,automne,1,apprentissage
2022-10-19,44614.56,50368.00,17.31,ouvré,automne,2,apprentissage
2022-10-20,44621.92,50184.00,17.52,ouvré,automne,3,apprentissage
2022-10-21,44241.48,49767.00,17.25,ouvré,automne,4,apprentissage
2022-10-22,39819.90,44278.00,16.77,week-end,automne,5,apprentissage
2022-10-23,37883.79,42891.50,17.83,week-end,automne,6,apprentissage
2022-10-24,43924.12,50381.00,16.97,ouvré,automne,0,apprentissage
2022-10-25,44747.94,50393.50,15.45,ouvré,automne,1,apprentissage
2022-10-26,44530.31,50192.50,17.30,ouvré,automne,2,apprentissage
2022-10-27,44330.77,49922.00,17.57,ouvré,automne,3,apprentissage
2022-10-28,43792.04,49139.50,18.30,ouvré,automne,4,apprentissage
2022-10-29,39049.48,43374.00,17.87,week-end,automne,5,apprentissage
2022-10-30,37360.22,43093.00,15.59,week-end,automne,6,apprentissage
2022-10-31,40746.10,46388.50,15.57,pont,automne,0,apprentissage
2022-11-01,39466.54,45968.00,14.52,férié,automne,1,apprentissage
2022-11-02,45149.33,52601.00,12.72,ouvré,automne,2,apprentissage
2022-11-03,47337.56,54424.50,11.88,ouvré,automne,3,apprentissage
2022-11-04,48595.27,54899.00,10.11,ouvré,automne,4,apprentissage
2022-11-05,45765.33,51055.50,9.16,week-end,automne,5,apprentissage
2022-11-06,44675.08,51234.50,10.14,week-end,automne,6,apprentissage
2022-11-07,49320.67,56609.00,12.58,ouvré,automne,0,apprentissage
2022-11-08,49907.67,56321.50,13.50,ouvré,automne,1,apprentissage
2022-11-09,49805.96,57131.50,12.75,ouvré,automne,2,apprentissage
2022-11-10,50482.90,55888.50,10.43,ouvré,automne,3,apprentissage
2022-11-11,45550.06,50580.50,10.42,férié,automne,4,apprentissage
2022-11-12,44810.27,49600.50,10.88,week-end,automne,5,apprentissage
2022-11-13,43939.15,50517.00,10.38,week-end,automne,6,apprentissage
2022-11-14,51030.25,58812.00,10.46,ouvré,automne,0,apprentissage
2022-11-15,51932.48,58752.50,11.71,ouvré,automne,1,apprentissage
2022-11-16,52134.33,59292.00,11.54,ouvré,automne,2,apprentissage
2022-11-17,51902.56,59126.00,12.01,ouvré,automne,3,apprentissage
2022-11-18,52820.88,58954.00,9.41,ouvré,automne,4,apprentissage
2022-11-19,50186.29,55499.00,7.38,week-end,automne,5,apprentissage
2022-11-20,49409.31,55829.00,7.65,week-end,automne,6,apprentissage
2022-11-21,57114.27,66267.50,7.56,ouvré,automne,0,apprentissage
2022-11-22,58605.06,66025.50,7.91,ouvré,automne,1,apprentissage
2022-11-23,58165.23,65137.50,8.72,ouvré,automne,2,apprentissage
2022-11-24,57308.29,64027.00,9.36,ouvré,automne,3,apprentissage
2022-11-25,56121.15,62088.50,8.90,ouvré,automne,4,apprentissage
2022-11-26,53198.17,57698.00,6.93,week-end,automne,5,apprentissage
2022-11-27,51759.23,57820.50,7.85,week-end,automne,6,apprentissage
2022-11-28,56994.79,65961.00,8.47,ouvré,automne,0,apprentissage
2022-11-29,60068.96,67960.50,6.62,ouvré,automne,1,apprentissage
2022-11-30,61465.35,69253.00,5.98,ouvré,automne,2,apprentissage
2022-12-01,63210.48,71237.50,5.21,ouvré,hiver,3,apprentissage
2022-12-02,64352.15,70162.50,4.19,ouvré,hiver,4,apprentissage
2022-12-03,60523.94,65869.00,3.94,week-end,hiver,5,apprentissage
2022-12-04,59224.31,66202.00,3.73,week-end,hiver,6,apprentissage
2022-12-05,66316.96,74662.50,3.46,ouvré,hiver,0,apprentissage
2022-12-06,67565.58,74691.00,3.49,ouvré,hiver,1,apprentissage
2022-12-07,67707.52,75080.50,3.53,ouvré,hiver,2,apprentissage
2022-12-08,69176.65,76364.50,2.52,ouvré,hiver,3,apprentissage
2022-12-09,68750.75,75294.50,2.48,ouvré,hiver,4,apprentissage
2022-12-10,65806.85,72540.00,0.97,week-end,hiver,5,apprentissage
2022-12-11,67434.85,75110.00,-0.84,week-end,hiver,6,apprentissage
2022-12-12,75800.29,84170.00,-0.97,ouvré,hiver,0,apprentissage
2022-12-13,75738.67,82097.00,0.67,ouvré,hiver,1,apprentissage
2022-12-14,71560.35,77496.00,3.69,ouvré,hiver,2,apprentissage
2022-12-15,71385.00,78425.00,2.95,ouvré,hiver,3,apprentissage
2022-12-16,71476.06,78479.00,1.60,ouvré,hiver,4,apprentissage
2022-12-17,70413.69,76521.50,-1.35,week-end,hiver,5,apprentissage
2022-12-18,67838.17,72716.50,1.39,week-end,hiver,6,apprentissage
2022-12-19,63873.21,69560.00,9.37,ouvré,hiver,0,apprentissage
2022-12-20,59459.48,64577.00,11.12,ouvré,hiver,1,apprentissage
2022-12-21,56898.44,62373.00,10.65,ouvré,hiver,2,apprentissage
2022-12-22,55257.40,60480.50,11.64,ouvré,hiver,3,apprentissage
2022-12-23,51199.42,55740.50,12.63,ouvré,hiver,4,apprentissage
2022-12-24,46830.71,50807.00,10.91,Noël,hiver,5,apprentissage
2022-12-25,44296.46,48664.00,10.65,férié,hiver,6,apprentissage
2022-12-26,49009.25,56458.50,9.87,Noël,hiver,0,apprentissage
2022-12-27,53530.25,60041.00,6.98,Noël,hiver,1,apprentissage
2022-12-28,53856.00,59124.00,8.82,Noël,hiver,2,apprentissage
2022-12-29,52290.77,58569.00,9.77,Noël,hiver,3,apprentissage
2022-12-30,52326.73,57679.00,10.23,Noël,hiver,4,apprentissage
2022-12-31,46224.21,50579.00,13.75,Noël,hiver,5,apprentissage
2023-01-01,43104.67,48230.00,12.62,férié,hiver,6,validation
2023-01-02,49727.92,59286.00,10.57,ouvré,hiver,0,validation
2023-01-03,55974.50,63323.00,8.05,ouvré,hiver,1,validation
2023-01-04,56937.81,63239.00,9.50,ouvré,hiver,2,validation
2023-01-05,55405.38,61940.50,10.92,ouvré,hiver,3,validation
2023-01-06,55236.29,60476.50,10.17,ouvré,hiver,4,validation
2023-01-07,50889.67,55781.00,9.56,week-end,hiver,5,validation
2023-01-08,49725.02,56574.50,9.06,week-end,hiver,6,validation
2023-01-09,58909.96,68282.00,7.37,ouvré,hiver,0,validation
2023-01-10,61148.54,67354.00,7.55,ouvré,hiver,1,validation
2023-01-11,58908.17,65899.00,9.21,ouvré,hiver,2,validation
2023-01-12,59029.65,65300.50,9.43,ouvré,hiver,3,validation
2023-01-13,58079.29,63844.50,9.05,ouvré,hiver,4,validation
2023-01-14,53474.92,58049.50,8.97,week-end,hiver,5,validation
2023-01-15,53301.15,61374.50,7.02,week-end,hiver,6,validation
2023-01-16,63386.19,72794.00,5.29,ouvré,hiver,0,validation
2023-01-17,67410.62,75510.50,3.24,ouvré,hiver,1,validation
2023-01-18,70251.98,78300.50,1.92,ouvré,hiver,2,validation
2023-01-19,71209.69,77904.50,1.56,ouvré,hiver,3,validation
2023-01-20,71945.75,80188.00,1.75,ouvré,hiver,4,validation
2023-01-21,67739.08,73665.00,1.33,week-end,hiver,5,validation
2023-01-22,69198.67,76643.00,0.06,week-end,hiver,6,validation
2023-01-23,75391.96,83250.00,1.30,ouvré,hiver,0,validation
2023-01-24,74660.35,81848.50,2.47,ouvré,hiver,1,validation
2023-01-25,75227.90,82883.50,1.85,ouvré,hiver,2,validation
2023-01-26,74254.27,80702.00,2.38,ouvré,hiver,3,validation
2023-01-27,72037.90,77884.50,2.99,ouvré,hiver,4,validation
2023-01-28,67359.54,73154.00,2.62,week-end,hiver,5,validation
2023-01-29,65823.35,72175.50,1.89,week-end,hiver,6,validation
2023-01-30,70533.85,78118.50,3.68,ouvré,hiver,0,validation
2023-01-31,67362.77,74645.00,5.27,ouvré,hiver,1,validation
2023-02-01,66073.79,72844.50,7.10,ouvré,hiver,2,validation
2023-02-02,65546.42,72050.50,6.94,ouvré,hiver,3,validation
2023-02-03,64156.54,71572.00,7.28,ouvré,hiver,4,validation
2023-02-04,57763.56,62142.00,7.76,week-end,hiver,5,validation
2023-02-05,55774.88,62672.00,7.02,week-end,hiver,6,validation
2023-02-06,64735.35,73316.00,4.89,ouvré,hiver,0,validation
2023-02-07,67316.50,75497.50,2.93,ouvré,hiver,1,validation
2023-02-08,69789.54,79760.50,1.94,ouvré,hiver,2,validation
2023-02-09,71380.40,81135.50,1.87,ouvré,hiver,3,validation
2023-02-10,68672.19,77843.00,3.57,ouvré,hiver,4,validation
2023-02-11,62436.29,68344.00,4.31,week-end,hiver,5,validation
2023-02-12,58655.17,63350.50,5.39,week-end,hiver,6,validation
2023-02-13,64523.92,75224.00,5.16,ouvré,hiver,0,validation
2023-02-14,63934.27,73969.50,6.03,ouvré,hiver,1,validation
2023-02-15,62616.40,71479.50,6.72,ouvré,hiver,2,validation
2023-02-16,60558.71,68137.50,7.94,ouvré,hiver,3,validation
2023-02-17,57572.69,63654.00,10.24,ouvré,hiver,4,validation
2023-02-18,51844.56,56135.50,10.65,week-end,hiver,5,validation
2023-02-19,49559.21,55190.50,9.44,week-end,hiver,6,validation
2023-02-20,57192.56,65329.00,7.91,ouvré,hiver,0,validation
2023-02-21,58258.08,66106.50,8.20,ouvré,hiver,1,validation
2023-02-22,58320.73,65165.00,8.64,ouvré,hiver,2,validation
2023-02-23,59655.81,66488.00,7.97,ouvré,hiver,3,validation
2023-02-24,58762.54,64335.50,7.75,ouvré,hiver,4,validation
2023-02-25,56590.77,62164.50,5.80,week-end,hiver,5,validation
2023-02-26,59248.42,67448.50,3.04,week-end,hiver,6,validation
2023-02-27,69286.44,76972.50,2.48,ouvré,hiver,0,validation
2023-02-28,70911.02,77727.50,2.17,ouvré,hiver,1,validation
2023-03-01,69830.75,78114.50,2.80,ouvré,printemps,2,validation
2023-03-02,68321.81,76818.00,3.85,ouvré,printemps,3,validation
2023-03-03,66114.60,74721.00,4.70,ouvré,printemps,4,validation
2023-03-04,60791.67,64904.50,4.96,week-end,printemps,5,validation
2023-03-05,57966.71,63357.50,4.69,week-end,printemps,6,validation
2023-03-06,64329.50,71803.50,4.67,ouvré,printemps,0,validation
2023-03-07,63400.46,69211.50,5.27,ouvré,printemps,1,validation
2023-03-08,60322.15,65910.00,9.13,ouvré,printemps,2,validation
2023-03-09,56479.62,61623.50,11.64,ouvré,printemps,3,validation
2023-03-10,57688.04,64178.00,9.23,ouvré,printemps,4,validation
2023-03-11,53202.29,57130.00,8.26,week-end,printemps,5,validation
2023-03-12,48036.40,52549.50,11.55,week-end,printemps,6,validation
2023-03-13,51278.77,56866.00,13.36,ouvré,printemps,0,validation
2023-03-14,54517.77,60882.00,9.22,ouvré,printemps,1,validation
2023-03-15,55963.29,62457.00,7.55,ouvré,printemps,2,validation
2023-03-16,54225.60,61631.50,10.18,ouvré,printemps,3,validation
2023-03-17,51896.79,57775.00,11.72,ouvré,printemps,4,validation
2023-03-18,46801.00,50082.00,11.17,week-end,printemps,5,validation
2023-03-19,45646.88,51995.50,9.97,week-end,printemps,6,validation
2023-03-20,52277.08,58896.00,9.28,ouvré,printemps,0,validation
2023-03-21,51894.00,57659.50,10.64,ouvré,printemps,1,validation
2023-03-22,51820.44,56908.00,11.77,ouvré,printemps,2,validation
2023-03-23,49673.54,54525.00,13.51,ouvré,printemps,3,validation
2023-03-24,49594.73,54230.50,12.22,ouvré,printemps,4,validation
2023-03-25,46535.62,49704.50,10.99,week-end,printemps,5,validation
2023-03-26,45942.17,51367.00,9.96,week-end,printemps,6,validation
2023-03-27,53276.60,60168.00,7.95,ouvré,printemps,0,validation
2023-03-28,55062.23,63193.50,7.66,ouvré,printemps,1,validation
2023-03-29,51078.94,57996.00,13.62,ouvré,printemps,2,validation
2023-03-30,48751.31,53930.00,14.14,ouvré,printemps,3,validation
2023-03-31,49695.81,54637.50,12.26,ouvré,printemps,4,validation
2023-04-01,47178.48,51355.50,10.38,week-end,printemps,5,validation
2023-04-02,47294.96,53221.00,8.90,week-end,printemps,6,validation
2023-04-03,54096.81,61718.00,7.91,ouvré,printemps,0,validation
2023-04-04,55853.88,64534.50,6.86,ouvré,printemps,1,validation
2023-04-05,55833.23,65310.00,7.41,ouvré,printemps,2,validation
2023-04-06,53415.81,60386.50,9.48,ouvré,printemps,3,validation
2023-04-07,51972.56,59394.00,9.55,ouvré,printemps,4,validation
2023-04-08,47159.75,51260.00,9.64,week-end,printemps,5,validation
2023-04-09,43184.12,47527.00,11.18,week-end,printemps,6,validation
2023-04-10,43230.88,47745.00,12.06,férié,printemps,0,validation
2023-04-11,49531.60,55253.50,11.70,ouvré,printemps,1,validation
2023-04-12,51656.52,56244.50,10.42,ouvré,printemps,2,validation
2023-04-13,52938.10,58628.00,8.68,ouvré,printemps,3,validation
2023-04-14,53748.23,59547.50,8.46,ouvré,printemps,4,validation
2023-04-15,48645.42,53258.50,10.08,week-end,printemps,5,validation
2023-04-16,46039.00,49846.50,9.80,week-end,printemps,6,validation
2023-04-17,50830.06,56963.50,10.16,ouvré,printemps,0,validation
2023-04-18,50419.88,56582.50,11.07,ouvré,printemps,1,validation
2023-04-19,48896.69,54690.50,12.78,ouvré,printemps,2,validation
2023-04-20,48957.65,53675.50,10.70,ouvré,printemps,3,validation
2023-04-21,49369.48,55678.00,10.33,ouvré,printemps,4,validation
2023-04-22,44435.71,49690.00,12.19,week-end,printemps,5,validation
2023-04-23,42807.79,47694.50,11.86,week-end,printemps,6,validation
2023-04-24,48619.62,54909.50,11.27,ouvré,printemps,0,validation
2023-04-25,50093.96,55999.00,10.49,ouvré,printemps,1,validation
2023-04-26,49881.69,55564.50,11.43,ouvré,printemps,2,validation
2023-04-27,47666.60,52859.00,14.37,ouvré,printemps,3,validation
2023-04-28,45525.92,51322.50,16.52,ouvré,printemps,4,validation
2023-04-29,41206.29,46682.50,14.32,week-end,printemps,5,validation
2023-04-30,39156.73,43869.50,13.79,week-end,printemps,6,validation
2023-05-01,38783.62,43912.00,13.49,férié,printemps,0,validation
2023-05-02,45050.21,51584.50,13.72,ouvré,printemps,1,validation
2023-05-03,45386.00,50880.00,15.04,ouvré,printemps,2,validation
2023-05-04,44651.90,49741.50,16.78,ouvré,printemps,3,validation
2023-05-05,44084.27,50056.50,15.68,ouvré,printemps,4,validation
2023-05-06,39570.88,44414.50,16.32,week-end,printemps,5,validation
2023-05-07,37487.88,42941.50,15.52,week-end,printemps,6,validation
2023-05-08,38469.21,43991.00,15.37,férié,printemps,0,validation
2023-05-09,44223.08,51235.00,14.78,ouvré,printemps,1,validation
2023-05-10,45642.98,52258.50,13.22,ouvré,printemps,2,validation
2023-05-11,45891.62,51576.50,12.71,ouvré,printemps,3,validation
2023-05-12,45902.38,51743.00,12.25,ouvré,printemps,4,validation
2023-05-13,41248.27,46682.00,13.55,week-end,printemps,5,validation
2023-05-14,39356.00,44797.50,13.54,week-end,printemps,6,validation
2023-05-15,44855.00,51515.00,13.34,ouvré,printemps,0,validation
2023-05-16,46278.19,52229.50,12.20,ouvré,printemps,1,validation
2023-05-17,45949.81,51911.50,12.52,ouvré,printemps,2,validation
2023-05-18,40829.40,45464.50,12.62,férié,printemps,3,validation
2023-05-19,41520.67,46834.50,13.78,pont,printemps,4,validation
2023-05-20,39302.31,44238.50,15.09,week-end,printemps,5,validation
2023-05-21,37708.90,42975.00,16.10,week-end,printemps,6,validation
2023-05-22,42898.65,49276.00,16.78,ouvré,printemps,0,validation
2023-05-23,43748.08,49821.50,15.98,ouvré,printemps,1,validation
2023-05-24,43967.60,49835.50,15.15,ouvré,printemps,2,validation
2023-05-25,43903.77,49681.50,15.48,ouvré,printemps,3,validation
2023-05-26,43258.46,48983.50,17.35,ouvré,printemps,4,validation
2023-05-27,38662.06,43843.50,18.87,week-end,printemps,5,validation
2023-05-28,36224.29,40875.00,19.32,week-end,printemps,6,validation
2023-05-29,37728.02,43513.50,18.49,férié,printemps,0,validation
2023-05-30,42681.81,49047.50,18.11,ouvré,printemps,1,validation
2023-05-31,43576.81,49841.50,18.50,ouvré,printemps,2,validation
2023-06-01,43889.12,50029.00,19.06,ouvré,été,3,validation
2023-06-02,43345.56,49583.50,17.62,ouvré,été,4,validation
2023-06-03,38807.17,44497.50,18.27,week-end,été,5,validation
2023-06-04,36623.52,41698.00,19.17,week-end,été,6,validation
2023-06-05,42427.38,49140.50,19.05,ouvré,été,0,validation
2023-06-06,43215.56,49388.00,19.33,ouvré,été,1,validation
2023-06-07,43629.17,50029.00,20.53,ouvré,été,2,validation
2023-06-08,44017.98,50429.50,21.12,ouvré,été,3,validation
2023-06-09,43713.98,50572.00,21.15,ouvré,été,4,validation
2023-06-10,39356.50,45100.00,21.32,week-end,été,5,validation
2023-06-11,37490.96,42953.00,21.08,week-end,été,6,validation
2023-06-12,43151.56,50302.50,20.67,ouvré,été,0,validation
2023-06-13,43986.02,50501.50,20.90,ouvré,été,1,validation
2023-06-14,44268.96,51411.50,21.10,ouvré,été,2,validation
2023-06-15,44435.58,51003.00,21.05,ouvré,été,3,validation
2023-06-16,44176.08,51143.50,21.61,ouvré,été,4,validation
2023-06-17,39861.60,45807.50,22.51,week-end,été,5,validation
2023-06-18,37532.98,42576.00,21.53,week-end,été,6,validation
2023-06-19,43198.96,50653.00,21.06,ouvré,été,0,validation
2023-06-20,44344.77,51087.00,21.94,ouvré,été,1,validation
2023-06-21,44651.44,51699.00,21.87,ouvré,été,2,validation
2023-06-22,44516.40,51150.00,20.61,ouvré,été,3,validation
2023-06-23,43940.73,50662.50,21.03,ouvré,été,4,validation
2023-06-24,39813.10,45464.50,22.74,week-end,été,5,validation
2023-06-25,38234.29,43223.00,24.22,week-end,été,6,validation
2023-06-26,43948.04,51202.00,21.45,ouvré,été,0,validation
2023-06-27,44412.52,50706.00,20.22,ouvré,été,1,validation
2023-06-28,44729.65,51141.50,20.97,ouvré,été,2,validation
2023-06-29,45137.40,51817.00,21.15,ouvré,été,3,validation
2023-06-30,43512.12,49905.50,18.51,ouvré,été,4,validation
2023-07-01,39307.94,44966.50,18.86,week-end,été,5,validation
2023-07-02,37393.17,42618.50,19.39,week-end,été,6,validation
2023-07-03,43413.58,50329.50,19.65,ouvré,été,0,validation
2023-07-04,44828.60,51510.00,19.52,ouvré,été,1,validation
2023-07-05,45066.40,51537.50,18.60,ouvré,été,2,validation
2023-07-06,45299.25,51559.50,19.94,ouvré,été,3,validation
2023-07-07,45639.10,52550.00,23.29,ouvré,été,4,validation
2023-07-08,41781.54,47786.50,25.11,week-end,été,5,validation
2023-07-09,39493.46,44889.00,24.01,week-end,été,6,validation
2023-07-10,45962.38,53733.50,23.85,ouvré,été,0,validation
2023-07-11,47614.88,55330.00,24.20,ouvré,été,1,validation
2023-07-12,46425.54,53126.00,21.25,ouvré,été,2,validation
2023-07-13,45503.17,52128.00,20.16,ouvré,été,3,validation
2023-07-14,40416.79,45550.50,22.08,férié,été,4,validation
2023-07-15,40043.71,46007.00,22.10,week-end,été,5,validation
2023-07-16,38362.71,43304.00,20.00,week-end,été,6,validation
2023-07-17,44685.42,51918.00,20.76,ouvré,été,0,validation
2023-07-18,46618.46,53864.50,22.41,ouvré,été,1,validation
2023-07-19,46584.90,53175.00,21.81,ouvré,été,2,validation
2023-07-20,46146.40,52594.50,20.82,ouvré,été,3,validation
2023-07-21,45103.77,51621.50,20.12,ouvré,été,4,validation
2023-07-22,40306.31,45510.50,19.95,week-end,été,5,validation
2023-07-23,38630.92,43885.50,21.20,week-end,été,6,validation
2023-07-24,43680.40,50676.50,21.66,ouvré,été,0,validation
2023-07-25,43704.08,50029.00,18.98,ouvré,été,1,validation
2023-07-26,43473.60,49625.50,18.23,ouvré,été,2,validation
2023-07-27,43967.15,49988.00,20.07,ouvré,été,3,validation
2023-07-28,43394.81,49715.50,21.15,ouvré,été,4,validation
2023-07-29,39186.17,45158.50,21.06,week-end,été,5,validation
2023-07-30,36954.73,42103.50,19.81,week-end,été,6,validation
2023-07-31,41124.33,47648.00,19.85,ouvré,été,0,validation
2023-08-01,41854.92,48024.50,19.91,ouvré,été,1,validation
2023-08-02,42528.27,49392.00,20.51,ouvré,été,2,validation
2023-08-03,41622.27,47942.00,18.74,ouvré,été,3,validation
2023-08-04,40224.62,46485.00,17.45,ouvré,été,4,validation
2023-08-05,37308.21,42896.00,16.82,week-end,été,5,validation
2023-08-06,35863.96,41113.00,16.94,week-end,été,6,validation
2023-08-07,39157.10,45428.50,17.16,ouvré,été,0,validation
2023-08-08,39936.17,45769.00,18.51,ouvré,été,1,validation
2023-08-09,40211.25,46119.50,20.63,ouvré,été,2,validation
2023-08-10,40776.02,46943.00,22.03,ouvré,été,3,validation
2023-08-11,41185.75,47725.50,22.45,ouvré,été,4,validation
2023-08-12,38266.33,43556.50,22.29,week-end,été,5,validation
2023-08-13,36280.73,41061.50,21.38,week-end,été,6,validation
2023-08-14,38929.75,45283.50,21.88,pont,été,0,validation
2023-08-15,37499.02,42708.00,21.75,férié,été,1,validation
2023-08-16,40616.58,47448.00,22.10,ouvré,été,2,validation
2023-08-17,41853.85,48181.50,23.42,ouvré,été,3,validation
2023-08-18,42505.58,49137.50,24.46,ouvré,été,4,validation
2023-08-19,40082.27,45523.50,24.59,week-end,été,5,validation
2023-08-20,38538.98,44079.00,24.69,week-end,été,6,validation
2023-08-21,44306.60,52430.50,24.96,ouvré,été,0,validation
2023-08-22,46268.79,53843.50,25.43,ouvré,été,1,validation
2023-08-23,47063.19,54852.00,25.95,ouvré,été,2,validation
2023-08-24,47093.79,54439.50,25.42,ouvré,été,3,validation
2023-08-25,44938.98,51430.00,21.83,ouvré,été,4,validation
2023-08-26,39601.40,45044.50,18.35,week-end,été,5,validation
2023-08-27,36805.04,41789.50,17.01,week-end,été,6,validation
2023-08-28,41933.62,49003.50,16.63,ouvré,été,0,validation
2023-08-29,43083.50,49716.00,16.39,ouvré,été,1,validation
2023-08-30,43395.71,49828.50,16.64,ouvré,été,2,validation
2023-08-31,43874.25,50313.00,17.18,ouvré,été,3,validation
2023-09-01,43812.92,50530.00,19.98,ouvré,automne,4,validation
2023-09-02,39711.06,45875.00,20.95,week-end,automne,5,validation
2023-09-03,38146.92,43943.00,22.75,week-end,automne,6,validation
2023-09-04,44336.04,52080.50,24.09,ouvré,automne,0,validation
2023-09-05,45984.15,53007.50,24.45,ouvré,automne,1,validation
2023-09-06,46223.08,53406.50,24.07,ouvré,automne,2,validation
2023-09-07,46353.10,53066.00,23.89,ouvré,automne,3,validation
2023-09-08,45757.48,53092.50,24.28,ouvré,automne,4,validation
2023-09-09,41289.10,47546.00,24.70,week-end,automne,5,validation
2023-09-10,39166.06,44540.00,24.36,week-end,automne,6,validation
2023-09-11,44815.17,52059.50,22.51,ouvré,automne,0,validation
2023-09-12,44986.90,51677.00,20.50,ouvré,automne,1,validation
2023-09-13,44674.92,51300.00,19.16,ouvré,automne,2,validation
2023-09-14,44683.50,50859.00,19.10,ouvré,automne,3,validation
2023-09-15,44251.42,50611.00,20.17,ouvré,automne,4,validation
2023-09-16,40097.21,46075.00,20.64,week-end,automne,5,validation
2023-09-17,38498.92,44171.50,21.54,week-end,automne,6,validation
2023-09-18,43813.21,50917.50,19.79,ouvré,automne,0,validation
2023-09-19,44206.88,50336.00,18.09,ouvré,automne,1,validation
2023-09-20,44480.38,50864.50,18.98,ouvré,automne,2,validation
2023-09-21,44341.48,50246.00,16.96,ouvré,automne,3,validation
2023-09-22,43493.60,50054.50,14.67,ouvré,automne,4,validation
2023-09-23,38946.29,44374.00,13.91,week-end,automne,5,validation
2023-09-24,37410.38,42566.00,14.60,week-end,automne,6,validation
2023-09-25,43002.29,49335.00,16.33,ouvré,automne,0,validation
2023-09-26,43752.12,49368.50,17.77,ouvré,automne,1,validation
2023-09-27,44103.65,50195.50,18.52,ouvré,automne,2,validation
2023-09-28,44234.33,49759.50,19.25,ouvré,automne,3,validation
2023-09-29,43850.56,50031.50,18.99,ouvré,automne,4,validation
2023-09-30,39294.35,44906.00,17.63,week-end,automne,5,validation
2023-10-01,37755.04,43288.00,18.96,week-end,automne,6,validation
2023-10-02,43316.52,50083.50,20.20,ouvré,automne,0,validation
2023-10-03,44315.15,50431.00,18.78,ouvré,automne,1,validation
2023-10-04,44166.31,50342.00,14.93,ouvré,automne,2,validation
2023-10-05,44403.62,50089.50,14.67,ouvré,automne,3,validation
2023-10-06,44239.85,50172.50,14.99,ouvré,automne,4,validation
2023-10-07,39688.06,45326.00,16.19,week-end,automne,5,validation
2023-10-08,37663.27,43105.50,18.01,week-end,automne,6,validation
2023-10-09,43123.67,49689.50,18.23,ouvré,automne,0,validation
2023-10-10,44215.58,49848.00,18.04,ouvré,automne,1,validation
2023-10-11,44434.92,50247.50,18.22,ouvré,automne,2,validation
2023-10-12,44325.00,50445.00,18.87,ouvré,automne,3,validation
2023-10-13,43945.35,50133.00,19.88,ouvré,automne,4,validation
2023-10-14,39452.96,45174.00,15.51,week-end,automne,5,validation
2023-10-15,38394.94,44357.50,11.45,week-end,automne,6,validation
2023-10-16,45533.08,52432.50,10.63,ouvré,automne,0,validation
2023-10-17,47391.42,53480.50,13.33,ouvré,automne,1,validation
2023-10-18,47592.71,53932.50,15.99,ouvré,automne,2,validation
2023-10-19,46492.58,52474.50,17.00,ouvré,automne,3,validation
2023-10-20,45829.06,52208.00,15.20,ouvré,automne,4,validation
2023-10-21,42175.44,47820.50,13.68,week-end,automne,5,validation
2023-10-22,40301.04,45488.50,12.55,week-end,automne,6,validation
2023-10-23,47179.52,54790.00,12.26,ouvré,automne,0,validation
2023-10-24,47650.79,54141.00,13.17,ouvré,automne,1,validation
2023-10-25,48306.54,54874.00,13.36,ouvré,automne,2,validation
2023-10-26,48344.52,54679.00,13.63,ouvré,automne,3,validation
2023-10-27,48264.21,54429.50,12.79,ouvré,automne,4,validation
2023-10-28,44379.71,49880.00,12.94,week-end,automne,5,validation
2023-10-29,42032.56,47833.00,14.20,week-end,automne,6,validation
2023-10-30,47948.44,55457.50,12.57,ouvré,automne,0,validation
2023-10-31,48636.17,54765.50,12.22,ouvré,automne,1,validation
2023-11-01,45119.60,51383.50,11.85,férié,automne,2,validation
2023-11-02,49647.94,57892.50,11.10,ouvré,automne,3,validation
2023-11-03,52378.12,58473.50,8.66,ouvré,automne,4,validation
2023-11-04,49088.73,54622.50,10.23,week-end,automne,5,validation
2023-11-05,46221.96,53287.00,11.49,week-end,automne,6,validation
2023-11-06,52938.35,61377.50,10.06,ouvré,automne,0,validation
2023-11-07,54810.46,62671.00,9.04,ouvré,automne,1,validation
2023-11-08,55918.10,63092.50,9.37,ouvré,automne,2,validation
2023-11-09,55993.52,64103.50,9.71,ouvré,automne,3,validation
2023-11-10,56775.60,63014.50,9.26,ouvré,automne,4,validation
2023-11-11,50851.38,56042.50,8.37,férié,automne,5,validation
2023-11-12,49070.35,54867.00,10.56,week-end,automne,6,validation
2023-11-13,52224.23,59307.00,14.09,ouvré,automne,0,validation
2023-11-14,52435.98,59270.00,13.49,ouvré,automne,1,validation
2023-11-15,52662.35,60234.50,11.30,ouvré,automne,2,validation
2023-11-16,55116.00,62197.00,9.81,ouvré,automne,3,validation
2023-11-17,54657.23,60432.00,9.36,ouvré,automne,4,validation
2023-11-18,50419.58,55537.50,10.23,week-end,automne,5,validation
2023-11-19,46338.10,52786.00,12.37,week-end,automne,6,validation
2023-11-20,53408.04,61802.50,10.79,ouvré,automne,0,validation
2023-11-21,54821.15,62284.00,10.15,ouvré,automne,1,validation
2023-11-22,56855.35,65478.00,8.05,ouvré,automne,2,validation
2023-11-23,59157.92,65905.50,7.51,ouvré,automne,3,validation
2023-11-24,57771.06,63776.00,8.58,ouvré,automne,4,validation
2023-11-25,56720.79,63352.50,4.89,week-end,automne,5,validation
2023-11-26,57988.79,64476.50,3.56,week-end,automne,6,validation
2023-11-27,63902.27,71120.00,6.01,ouvré,automne,0,validation
2023-11-28,63182.73,71617.50,6.17,ouvré,automne,1,validation
2023-11-29,65418.90,72225.50,4.47,ouvré,automne,2,validation
2023-11-30,64213.83,70599.50,5.84,ouvré,automne,3,validation
2023-12-01,64148.33,70866.50,4.74,ouvré,hiver,4,validation
2023-12-02,64413.17,71159.00,1.49,week-end,hiver,5,validation
2023-12-03,64942.02,71255.00,1.43,week-end,hiver,6,validation
2023-12-04,68134.38,74594.50,5.94,ouvré,hiver,0,validation
2023-12-05,65891.02,73144.50,6.49,ouvré,hiver,1,validation
2023-12-06,66851.71,74198.00,4.39,ouvré,hiver,2,validation
2023-12-07,69017.42,75373.50,4.38,ouvré,hiver,3,validation
2023-12-08,63420.81,69051.00,8.00,ouvré,hiver,4,validation
2023-12-09,57979.96,63473.00,9.11,week-end,hiver,5,validation
2023-12-10,54005.83,59835.00,10.39,week-end,hiver,6,validation
2023-12-11,56967.92,63724.00,11.64,ouvré,hiver,0,validation
2023-12-12,56946.04,64029.00,11.17,ouvré,hiver,1,validation
2023-12-13,58932.12,66967.00,9.11,ouvré,hiver,2,validation
2023-12-14,61521.79,68740.50,7.56,ouvré,hiver,3,validation
2023-12-15,60545.46,66312.00,7.74,ouvré,hiver,4,validation
2023-12-16,57885.54,63045.00,5.64,week-end,hiver,5,validation
2023-12-17,59957.08,66991.00,3.38,week-end,hiver,6,validation
2023-12-18,67416.02,75091.50,3.63,ouvré,hiver,0,validation
2023-12-19,67183.94,73575.50,5.44,ouvré,hiver,1,validation
2023-12-20,64030.65,70054.00,7.37,ouvré,hiver,2,validation
2023-12-21,61400.42,66428.50,9.79,ouvré,hiver,3,validation
2023-12-22,57450.35,62133.50,10.19,ouvré,hiver,4,validation
2023-12-23,52487.83,57110.00,9.41,week-end,hiver,5,validation
2023-12-24,50006.02,53850.00,9.76,Noël,hiver,6,validation
2023-12-25,48241.00,52377.00,9.21,férié,hiver,0,validation
2023-12-26,53116.79,59631.00,8.10,Noël,hiver,1,validation
2023-12-27,55172.02,61504.00,7.74,Noël,hiver,2,validation
2023-12-28,54924.94,60521.50,9.19,Noël,hiver,3,validation
2023-12-29,53909.54,59019.00,9.69,Noël,hiver,4,validation
2023-12-30,51115.29,56354.50,8.91,Noël,hiver,5,validation
2023-12-31,51739.58,57746.50,8.59,Noël,hiver,6,validation
2024-01-01,51588.27,56685.50,7.52,férié,hiver,0,test
2024-01-02,56677.60,63301.00,9.62,ouvré,hiver,1,test
2024-01-03,57490.88,64558.50,10.43,ouvré,hiver,2,test
2024-01-04,58060.19,64794.00,9.40,ouvré,hiver,3,test
2024-01-05,59369.31,65429.50,7.41,ouvré,hiver,4,test
2024-01-06,58064.81,64045.50,5.62,week-end,hiver,5,test
2024-01-07,60237.79,68473.00,3.77,week-end,hiver,6,test
2024-01-08,72338.08,82874.00,0.72,ouvré,hiver,0,test
2024-01-09,77525.35,85176.50,-0.94,ouvré,hiver,1,test
2024-01-10,78167.56,85342.00,-0.25,ouvré,hiver,2,test
2024-01-11,76758.81,83426.50,1.12,ouvré,hiver,3,test
2024-01-12,75746.88,82211.50,1.31,ouvré,hiver,4,test
2024-01-13,72268.46,77744.50,-0.19,week-end,hiver,5,test
2024-01-14,70231.38,75830.00,0.45,week-end,hiver,6,test
2024-01-15,72071.44,79177.50,3.09,ouvré,hiver,0,test
2024-01-16,73994.50,81601.00,1.42,ouvré,hiver,1,test
2024-01-17,70082.92,76351.00,6.09,ouvré,hiver,2,test
2024-01-18,68621.35,77109.00,4.71,ouvré,hiver,3,test
2024-01-19,74331.77,82595.50,0.08,ouvré,hiver,4,test
2024-01-20,72553.75,78454.50,-1.07,week-end,hiver,5,test
2024-01-21,67899.79,73889.50,3.86,week-end,hiver,6,test
2024-01-22,66848.92,72735.00,8.72,ouvré,hiver,0,test
2024-01-23,63948.54,69865.00,9.44,ouvré,hiver,1,test
2024-01-24,59404.21,65056.50,11.79,ouvré,hiver,2,test
2024-01-25,58063.98,63832.00,10.37,ouvré,hiver,3,test
2024-01-26,57912.69,63516.50,9.49,ouvré,hiver,4,test
2024-01-27,56904.98,61654.50,5.72,week-end,hiver,5,test
2024-01-28,56360.35,61078.00,6.55,week-end,hiver,6,test
2024-01-29,59682.75,67509.00,8.98,ouvré,hiver,0,test
2024-01-30,59411.71,65619.00,8.91,ouvré,hiver,1,test
2024-01-31,60628.48,68075.00,7.56,ouvré,hiver,2,test
2024-02-01,60164.50,66505.00,8.93,ouvré,hiver,3,test
2024-02-02,60026.40,66389.50,7.86,ouvré,hiver,4,test
2024-02-03,55327.67,59461.50,8.08,week-end,hiver,5,test
2024-02-04,53960.17,60754.00,8.20,week-end,hiver,6,test
2024-02-05,60872.54,68763.00,7.49,ouvré,hiver,0,test
2024-02-06,61694.27,67688.50,8.46,ouvré,hiver,1,test
2024-02-07,59987.65,66228.50,9.86,ouvré,hiver,2,test
2024-02-08,57773.71,64051.00,11.37,ouvré,hiver,3,test
2024-02-09,56220.19,61524.50,11.42,ouvré,hiver,4,test
2024-02-10,52653.81,58637.00,8.93,week-end,hiver,5,test
2024-02-11,52458.08,58752.50,8.33,week-end,hiver,6,test
2024-02-12,59261.00,66410.00,6.97,ouvré,hiver,0,test
2024-02-13,60980.96,68448.00,7.36,ouvré,hiver,1,test
2024-02-14,57259.10,63454.50,11.17,ouvré,hiver,2,test
2024-02-15,54810.46,60489.50,12.40,ouvré,hiver,3,test
2024-02-16,53631.42,58674.50,11.68,ouvré,hiver,4,test
2024-02-17,50146.46,54013.00,10.15,week-end,hiver,5,test
2024-02-18,49791.00,55192.00,9.55,week-end,hiver,6,test
2024-02-19,55012.38,62316.00,10.21,ouvré,hiver,0,test
2024-02-20,56756.65,62736.50,8.79,ouvré,hiver,1,test
2024-02-21,58181.94,64284.00,9.03,ouvré,hiver,2,test
2024-02-22,57763.56,65005.00,10.44,ouvré,hiver,3,test
2024-02-23,60660.25,66278.00,6.41,ouvré,hiver,4,test
2024-02-24,57465.44,61774.00,5.69,week-end,hiver,5,test
2024-02-25,55590.67,60746.00,7.04,week-end,hiver,6,test
2024-02-26,60116.79,67825.00,8.18,ouvré,hiver,0,test
2024-02-27,61999.58,67645.50,7.08,ouvré,hiver,1,test
2024-02-28,61687.98,68074.00,7.06,ouvré,hiver,2,test
2024-02-29,59582.06,64776.00,8.32,ouvré,hiver,3,test
2024-03-01,59720.46,65671.50,7.89,ouvré,printemps,4,test
2024-03-02,55498.77,59590.50,7.88,week-end,printemps,5,test
2024-03-03,54561.88,61235.50,6.39,week-end,printemps,6,test
2024-03-04,60879.29,67957.50,6.45,ouvré,printemps,0,test
2024-03-05,60502.46,65814.50,7.23,ouvré,printemps,1,test
2024-03-06,60344.35,66071.50,6.79,ouvré,printemps,2,test
2024-03-07,59829.33,67189.50,7.37,ouvré,printemps,3,test
2024-03-08,59061.94,65286.00,7.99,ouvré,printemps,4,test
2024-03-09,54090.48,58086.00,8.78,week-end,printemps,5,test
2024-03-10,51821.08,57581.50,7.87,week-end,printemps,6,test
2024-03-11,57733.69,64166.00,8.03,ouvré,printemps,0,test
2024-03-12,57937.10,62899.00,9.50,ouvré,printemps,1,test
2024-03-13,54922.69,60667.00,11.04,ouvré,printemps,2,test
2024-03-14,53137.81,59859.00,11.64,ouvré,printemps,3,test
2024-03-15,51153.31,56141.50,12.66,ouvré,printemps,4,test
2024-03-16,46683.17,50464.50,12.08,week-end,printemps,5,test
2024-03-17,45141.60,50091.50,12.29,week-end,printemps,6,test
2024-03-18,49279.12,54529.50,12.97,ouvré,printemps,0,test
2024-03-19,49818.33,55573.50,12.19,ouvré,printemps,1,test
2024-03-20,49329.27,54593.50,12.75,ouvré,printemps,2,test
2024-03-21,48606.31,53592.50,13.51,ouvré,printemps,3,test
2024-03-22,47902.42,52740.00,13.25,ouvré,printemps,4,test
2024-03-23,46196.75,51895.00,9.44,week-end,printemps,5,test
2024-03-24,47048.96,52804.00,8.37,week-end,printemps,6,test
2024-03-25,53638.83,59436.00,8.32,ouvré,printemps,0,test
2024-03-26,55000.06,61058.50,9.06,ouvré,printemps,1,test
2024-03-27,56688.46,62080.00,8.02,ouvré,printemps,2,test
2024-03-28,56363.75,61582.50,9.50,ouvré,printemps,3,test
2024-03-29,53148.92,57196.00,11.78,ouvré,printemps,4,test
2024-03-30,48909.75,53558.00,10.33,week-end,printemps,5,test
2024-03-31,46553.65,50706.50,10.50,week-end,printemps,6,test
2024-04-01,47602.25,52258.50,9.91,férié,printemps,0,test
2024-04-02,53340.31,59735.00,10.77,ouvré,printemps,1,test
2024-04-03,52541.27,58378.50,12.42,ouvré,printemps,2,test
2024-04-04,50909.50,56542.50,13.96,ouvré,printemps,3,test
2024-04-05,48504.81,53968.50,15.72,ouvré,printemps,4,test
2024-04-06,42603.67,47343.00,17.04,week-end,printemps,5,test
2024-04-07,40378.79,45257.00,15.85,week-end,printemps,6,test
2024-04-08,46449.35,52730.50,15.36,ouvré,printemps,0,test
2024-04-09,49375.15,55805.00,10.63,ouvré,printemps,1,test
2024-04-10,50828.02,56907.50,10.14,ouvré,printemps,2,test
2024-04-11,49278.71,54901.00,12.71,ouvré,printemps,3,test
2024-04-12,46595.65,52494.50,15.42,ouvré,printemps,4,test
2024-04-13,40587.79,45375.00,17.36,week-end,printemps,5,test
2024-04-14,38158.79,43124.50,16.21,week-end,printemps,6,test
2024-04-15,44914.83,51470.00,12.88,ouvré,printemps,0,test
2024-04-16,48568.96,54258.50,9.85,ouvré,printemps,1,test
2024-04-17,50642.58,55895.00,8.52,ouvré,printemps,2,test
2024-04-18,52165.27,57885.00,8.03,ouvré,printemps,3,test
2024-04-19,52310.81,58224.50,9.30,ouvré,printemps,4,test
2024-04-20,47512.94,52775.00,8.78,week-end,printemps,5,test
2024-04-21,47316.08,52142.00,7.47,week-end,printemps,6,test
2024-04-22,54240.35,60070.50,6.97,ouvré,printemps,0,test
2024-04-23,55420.04,61494.00,7.18,ouvré,printemps,1,test
2024-04-24,55646.77,61278.50,7.61,ouvré,printemps,2,test
2024-04-25,54263.56,60094.50,8.79,ouvré,printemps,3,test
2024-04-26,52116.71,57581.00,10.29,ouvré,printemps,4,test
2024-04-27,46752.25,51458.50,11.75,week-end,printemps,5,test
2024-04-28,44406.90,50325.00,11.81,week-end,printemps,6,test
2024-04-29,48731.88,54605.50,12.18,ouvré,printemps,0,test
2024-04-30,47577.48,53132.50,13.97,ouvré,printemps,1,test
2024-05-01,41536.33,47183.00,13.77,férié,printemps,2,test
2024-05-02,48250.40,55380.50,11.24,ouvré,printemps,3,test
2024-05-03,48493.25,53869.00,11.47,ouvré,printemps,4,test
2024-05-04,44407.77,49492.00,11.85,week-end,printemps,5,test
2024-05-05,41408.90,45772.50,14.17,week-end,printemps,6,test
2024-05-06,46240.19,53055.00,13.08,ouvré,printemps,0,test
2024-05-07,46655.54,52270.00,13.16,ouvré,printemps,1,test
2024-05-08,41998.15,47553.00,13.76,férié,printemps,2,test
2024-05-09,40244.44,44866.00,14.82,férié,printemps,3,test
2024-05-10,40289.54,45415.00,17.41,pont,printemps,4,test
2024-05-11,38192.81,43200.00,18.98,week-end,printemps,5,test
2024-05-12,36892.10,42297.50,17.52,week-end,printemps,6,test
2024-05-13,42606.40,48714.50,17.15,ouvré,printemps,0,test
2024-05-14,44248.71,50285.50,14.74,ouvré,printemps,1,test
2024-05-15,44801.62,50868.00,13.98,ouvré,printemps,2,test
2024-05-16,45215.46,50742.50,13.44,ouvré,printemps,3,test
2024-05-17,44845.54,50571.00,13.92,ouvré,printemps,4,test
2024-05-18,40146.04,45393.00,14.42,week-end,printemps,5,test
2024-05-19,37831.19,42928.00,15.17,week-end,printemps,6,test
2024-05-20,39179.77,45110.00,15.22,férié,printemps,0,test
2024-05-21,44199.44,50759.50,14.93,ouvré,printemps,1,test
2024-05-22,44744.10,50898.50,15.36,ouvré,printemps,2,test
2024-05-23,45042.54,51038.00,14.68,ouvré,printemps,3,test
2024-05-24,44591.44,50664.50,14.33,ouvré,printemps,4,test
2024-05-25,40149.90,45757.50,15.69,week-end,printemps,5,test
2024-05-26,37807.06,42911.50,16.77,week-end,printemps,6,test
2024-05-27,43370.81,50058.50,15.02,ouvré,printemps,0,test
2024-05-28,44438.85,50385.00,15.21,ouvré,printemps,1,test
2024-05-29,44979.40,51354.50,15.82,ouvré,printemps,2,test
2024-05-30,45103.60,51133.50,15.51,ouvré,printemps,3,test
2024-05-31,45048.92,51412.00,14.32,ouvré,printemps,4,test
2024-06-01,40931.69,47081.50,14.42,week-end,été,5,test
2024-06-02,39209.73,45045.50,14.79,week-end,été,6,test
2024-06-03,44197.79,51024.50,15.91,ouvré,été,0,test
2024-06-04,44226.90,50234.50,17.39,ouvré,été,1,test
2024-06-05,44183.12,50677.00,17.89,ouvré,été,2,test
2024-06-06,44337.58,50271.00,17.32,ouvré,été,3,test
2024-06-07,43816.12,50010.50,17.84,ouvré,été,4,test
2024-06-08,40242.27,44212.50,17.83,week-end,été,5,test
2024-06-09,37507.60,42853.00,16.94,week-end,été,6,test
2024-06-10,42871.98,49832.00,15.52,ouvré,été,0,test
2024-06-11,43884.25,50033.50,14.34,ouvré,été,1,test
2024-06-12,44149.77,50543.00,14.15,ouvré,été,2,test
2024-06-13,44260.48,50113.50,15.36,ouvré,été,3,test
2024-06-14,43833.27,50269.00,16.52,ouvré,été,4,test
2024-06-15,39610.50,45473.00,15.51,week-end,été,5,test
2024-06-16,37951.56,43930.00,16.46,week-end,été,6,test
2024-06-17,43592.46,50868.50,18.69,ouvré,été,0,test
2024-06-18,44684.58,51360.00,19.94,ouvré,été,1,test
2024-06-19,44537.40,51256.00,19.53,ouvré,été,2,test
2024-06-20,44674.29,50732.50,18.77,ouvré,été,3,test
2024-06-21,44114.92,51059.50,18.40,ouvré,été,4,test
2024-06-22,39355.46,45284.00,16.90,week-end,été,5,test
2024-06-23,37772.58,43126.50,17.65,week-end,été,6,test
2024-06-24,43551.15,50831.50,20.37,ouvré,été,0,test
2024-06-25,44783.25,51462.50,22.32,ouvré,été,1,test
2024-06-26,45419.04,52396.00,23.38,ouvré,été,2,test
2024-06-27,45900.17,52766.50,22.81,ouvré,été,3,test
2024-06-28,44611.96,50952.50,20.83,ouvré,été,4,test
2024-06-29,39915.77,45998.50,19.73,week-end,été,5,test
2024-06-30,37684.21,43320.00,18.65,week-end,été,6,test
2024-07-01,43382.67,50829.50,18.26,ouvré,été,0,test
2024-07-02,44339.50,50957.00,17.28,ouvré,été,1,test
2024-07-03,44570.62,51511.50,16.98,ouvré,été,2,test
2024-07-04,44756.21,50976.00,18.58,ouvré,été,3,test
2024-07-05,44431.42,50858.00,19.43,ouvré,été,4,test
2024-07-06,39786.88,45984.50,18.07,week-end,été,5,test
2024-07-07,37466.08,43004.50,16.79,week-end,été,6,test
2024-07-08,43629.38,50946.50,19.39,ouvré,été,0,test
2024-07-09,45384.58,52782.50,21.75,ouvré,été,1,test
2024-07-10,45608.98,52445.00,21.39,ouvré,été,2,test
2024-07-11,46113.25,53188.50,21.27,ouvré,été,3,test
2024-07-12,44666.17,51575.50,18.38,ouvré,été,4,test
2024-07-13,39694.31,45376.00,17.37,week-end,été,5,test
2024-07-14,38006.15,43609.50,18.94,férié,été,6,test
2024-07-15,44090.60,51716.00,20.58,ouvré,été,0,test
2024-07-16,45110.33,52228.50,19.98,ouvré,été,1,test
2024-07-17,45392.17,52199.50,20.46,ouvré,été,2,test
2024-07-18,46319.98,53344.50,22.92,ouvré,été,3,test
2024-07-19,46238.15,53139.50,24.21,ouvré,été,4,test
2024-07-20,41971.35,47951.50,23.91,week-end,été,5,test
2024-07-21,38667.38,43861.50,20.67,week-end,été,6,test
2024-07-22,43677.71,50994.00,20.20,ouvré,été,0,test
2024-07-23,45302.48,52310.00,20.80,ouvré,été,1,test
2024-07-24,45448.35,52300.00,20.52,ouvré,été,2,test
2024-07-25,45716.58,52357.50,21.39,ouvré,été,3,test
2024-07-26,45138.23,51926.00,21.64,ouvré,été,4,test
2024-07-27,40900.88,46695.00,20.90,week-end,été,5,test
2024-07-28,38850.00,43968.50,21.67,week-end,été,6,test
2024-07-29,44676.83,52223.00,24.68,ouvré,été,0,test
2024-07-30,46737.88,54291.50,26.62,ouvré,été,1,test
2024-07-31,46958.15,54257.00,26.02,ouvré,été,2,test
2024-08-01,46334.90,53570.00,24.17,ouvré,été,3,test
2024-08-02,44862.94,51863.50,22.61,ouvré,été,4,test
2024-08-03,40142.00,45560.00,21.10,week-end,été,5,test
2024-08-04,38092.25,43130.00,20.93,week-end,été,6,test
2024-08-05,41902.17,48806.50,21.77,ouvré,été,0,test
2024-08-06,42988.67,49594.50,22.56,ouvré,été,1,test
2024-08-07,42576.54,48643.50,21.26,ouvré,été,2,test
2024-08-08,42721.40,49194.50,21.83,ouvré,été,3,test
2024-08-09,42894.10,49262.50,22.32,ouvré,été,4,test
2024-08-10,40459.38,46219.50,23.17,week-end,été,5,test
2024-08-11,39329.62,44845.00,25.53,week-end,été,6,test
2024-08-12,43250.06,50434.50,25.99,ouvré,été,0,test
2024-08-13,42956.23,49452.00,23.07,ouvré,été,1,test
2024-08-14,41821.23,48091.00,21.64,ouvré,été,2,test
2024-08-15,38372.46,43427.00,21.40,férié,été,3,test
2024-08-16,40018.58,46316.00,21.73,pont,été,4,test
2024-08-17,38481.08,43932.50,20.75,week-end,été,5,test
2024-08-18,36469.79,41766.50,18.50,week-end,été,6,test
2024-08-19,40290.00,47137.00,18.62,ouvré,été,0,test
2024-08-20,41872.40,48426.00,19.40,ouvré,été,1,test
2024-08-21,41886.23,47962.50,18.44,ouvré,été,2,test
2024-08-22,42503.75,48664.50,19.00,ouvré,été,3,test
2024-08-23,42916.56,49649.50,20.75,ouvré,été,4,test
2024-08-24,40009.88,46282.50,21.76,week-end,été,5,test
2024-08-25,37469.27,42764.00,17.96,week-end,été,6,test
2024-08-26,42670.23,49849.00,18.09,ouvré,été,0,test
2024-08-27,44304.23,50967.50,20.36,ouvré,été,1,test
2024-08-28,45513.06,52907.00,22.71,ouvré,été,2,test
2024-08-29,45750.06,52996.50,21.92,ouvré,été,3,test
2024-08-30,45043.42,52095.50,20.95,ouvré,été,4,test
2024-08-31,40760.15,47189.50,21.99,week-end,été,5,test
2024-09-01,39323.40,45980.00,22.30,week-end,automne,6,test
2024-09-02,44360.71,52135.00,21.08,ouvré,automne,0,test
2024-09-03,45052.10,51672.00,19.88,ouvré,automne,1,test
2024-09-04,44634.69,51478.50,18.48,ouvré,automne,2,test
2024-09-05,44473.29,51017.50,16.98,ouvré,automne,3,test
2024-09-06,44099.67,50821.50,17.14,ouvré,automne,4,test
2024-09-07,39880.62,46382.50,18.80,week-end,automne,5,test
2024-09-08,38046.75,44404.50,17.08,week-end,automne,6,test
2024-09-09,43255.27,50225.00,16.84,ouvré,automne,0,test
2024-09-10,44095.50,50443.50,15.90,ouvré,automne,1,test
2024-09-11,44451.79,51137.00,14.75,ouvré,automne,2,test
2024-09-12,44855.90,51046.00,12.29,ouvré,automne,3,test
2024-09-13,45126.58,51497.00,11.89,ouvré,automne,4,test
2024-09-14,41090.08,46974.00,12.71,week-end,automne,5,test
2024-09-15,39502.83,45258.00,13.14,week-end,automne,6,test
2024-09-16,44536.00,51822.50,14.93,ouvré,automne,0,test
2024-09-17,45194.02,51672.00,16.00,ouvré,automne,1,test
2024-09-18,45090.58,51592.50,16.98,ouvré,automne,2,test
2024-09-19,44907.44,51052.50,17.85,ouvré,automne,3,test
2024-09-20,44020.85,50171.50,17.54,ouvré,automne,4,test
2024-09-21,39544.40,45701.50,18.00,week-end,automne,5,test
2024-09-22,38079.56,44332.50,17.38,week-end,automne,6,test
2024-09-23,43353.98,50061.50,15.99,ouvré,automne,0,test
2024-09-24,44605.50,50966.00,15.35,ouvré,automne,1,test
2024-09-25,45191.12,51424.50,15.50,ouvré,automne,2,test
2024-09-26,45520.56,52098.00,16.81,ouvré,automne,3,test
2024-09-27,45481.83,51617.00,13.97,ouvré,automne,4,test
2024-09-28,41694.52,47482.50,11.79,week-end,automne,5,test
2024-09-29,41652.77,47806.00,10.74,week-end,automne,6,test
2024-09-30,46385.33,52922.00,15.39,ouvré,automne,0,test
2024-10-01,46511.96,52322.50,15.07,ouvré,automne,1,test
2024-10-02,47065.77,53740.00,13.69,ouvré,automne,2,test
2024-10-03,47765.33,54013.00,12.57,ouvré,automne,3,test
2024-10-04,48289.96,54558.50,11.10,ouvré,automne,4,test
2024-10-05,44041.40,50199.50,11.24,week-end,automne,5,test
2024-10-06,42129.00,48503.00,13.41,week-end,automne,6,test
2024-10-07,46515.21,52869.50,16.09,ouvré,automne,0,test
2024-10-08,46913.94,53254.00,15.71,ouvré,automne,1,test
2024-10-09,47492.46,54136.00,15.43,ouvré,automne,2,test
2024-10-10,47410.67,53179.50,14.07,ouvré,automne,3,test
2024-10-11,47808.71,53711.00,11.60,ouvré,automne,4,test
2024-10-12,44364.94,50413.00,12.37,week-end,automne,5,test
2024-10-13,41511.98,47523.00,14.45,week-end,automne,6,test
2024-10-14,46726.25,53305.50,15.21,ouvré,automne,0,test
2024-10-15,46831.75,52675.00,16.54,ouvré,automne,1,test
2024-10-16,46460.62,52626.00,18.47,ouvré,automne,2,test
2024-10-17,46349.29,52271.50,16.62,ouvré,automne,3,test
2024-10-18,46464.92,52919.00,14.15,ouvré,automne,4,test
2024-10-19,42451.73,48707.50,14.09,week-end,automne,5,test
2024-10-20,40831.06,46448.00,15.01,week-end,automne,6,test
2024-10-21,45644.02,52795.50,15.95,ouvré,automne,0,test
2024-10-22,46793.58,53083.50,13.93,ouvré,automne,1,test
2024-10-23,47983.58,54603.00,12.67,ouvré,automne,2,test
2024-10-24,48030.19,54192.00,13.48,ouvré,automne,3,test
2024-10-25,46946.50,52839.00,15.10,ouvré,automne,4,test
2024-10-26,42921.60,49229.50,14.10,week-end,automne,5,test
2024-10-27,41273.80,47221.50,14.14,week-end,automne,6,test
2024-10-28,46951.98,54421.50,13.58,ouvré,automne,0,test
2024-10-29,48354.58,55206.00,13.21,ouvré,automne,1,test
2024-10-30,48655.58,55137.50,13.18,ouvré,automne,2,test
2024-10-31,48808.42,55222.00,12.60,ouvré,automne,3,test
2024-11-01,44783.50,50603.00,11.63,férié,automne,4,test
2024-11-02,44941.33,51518.00,11.12,week-end,automne,5,test
2024-11-03,44706.77,51930.00,10.85,week-end,automne,6,test
2024-11-04,51342.52,59230.50,10.32,ouvré,automne,0,test
2024-11-05,51898.33,58755.00,11.39,ouvré,automne,1,test
2024-11-06,51833.62,59255.00,11.97,ouvré,automne,2,test
2024-11-07,52182.83,59152.50,11.31,ouvré,automne,3,test
2024-11-08,52414.23,58495.50,10.54,ouvré,automne,4,test
2024-11-09,47473.85,53470.50,11.26,week-end,automne,5,test
2024-11-10,45194.29,50743.50,11.18,week-end,automne,6,test
2024-11-11,47190.23,54715.00,10.04,férié,automne,0,test
2024-11-12,55310.35,63948.50,8.58,ouvré,automne,1,test
2024-11-13,57797.98,65805.50,7.60,ouvré,automne,2,test
2024-11-14,58746.81,65226.50,7.71,ouvré,automne,3,test
2024-11-15,58351.65,64433.00,7.86,ouvré,automne,4,test
2024-11-16,54542.83,59275.00,6.66,week-end,automne,5,test
2024-11-17,52735.02,58592.50,7.35,week-end,automne,6,test
2024-11-18,57746.56,65487.00,8.98,ouvré,automne,0,test
2024-11-19,58013.02,65091.00,10.22,ouvré,automne,1,test
2024-11-20,60647.25,70126.50,6.39,ouvré,automne,2,test
2024-11-21,66002.46,73386.50,3.86,ouvré,automne,3,test
2024-11-22,66922.15,73546.50,3.30,ouvré,automne,4,test
2024-11-23,62082.73,67234.50,5.55,week-end,automne,5,test
2024-11-24,51880.83,58148.50,13.56,week-end,automne,6,test
2024-11-25,54319.17,62522.00,12.72,ouvré,automne,0,test
2024-11-26,56683.69,63884.00,9.24,ouvré,automne,1,test
2024-11-27,57408.79,64064.00,9.77,ouvré,automne,2,test
2024-11-28,58250.29,65549.00,8.27,ouvré,automne,3,test
2024-11-29,60251.19,67536.50,6.46,ouvré,automne,4,test
2024-11-30,57200.60,61544.50,5.52,week-end,automne,5,test
2024-12-01,55141.90,60670.50,7.28,week-end,hiver,6,test
2024-12-02,57848.62,65641.50,9.47,ouvré,hiver,0,test
2024-12-03,60711.33,68448.50,7.05,ouvré,hiver,1,test
2024-12-04,64084.54,71391.00,5.09,ouvré,hiver,2,test
2024-12-05,64916.52,71129.00,6.65,ouvré,hiver,3,test
2024-12-06,59946.00,65488.50,9.44,ouvré,hiver,4,test
2024-12-07,56579.04,62621.50,8.26,week-end,hiver,5,test
2024-12-08,57486.02,64329.50,6.58,week-end,hiver,6,test
2024-12-09,64767.96,73381.00,5.87,ouvré,hiver,0,test
2024-12-10,67064.69,74192.50,4.83,ouvré,hiver,1,test
2024-12-11,67965.85,75342.50,4.43,ouvré,hiver,2,test
2024-12-12,69343.98,76219.50,3.37,ouvré,hiver,3,test
2024-12-13,70172.15,76809.50,2.86,ouvré,hiver,4,test
2024-12-14,64172.38,69657.00,4.12,week-end,hiver,5,test
2024-12-15,60726.65,66373.50,5.96,week-end,hiver,6,test
2024-12-16,64734.54,71592.50,6.86,ouvré,hiver,0,test
2024-12-17,64957.92,71286.50,6.17,ouvré,hiver,1,test
2024-12-18,62194.52,68267.00,9.61,ouvré,hiver,2,test
2024-12-19,61015.35,69586.00,8.58,ouvré,hiver,3,test
2024-12-20,64346.25,72142.00,5.20,ouvré,hiver,4,test
2024-12-21,58367.77,63451.00,7.60,week-end,hiver,5,test
2024-12-22,56536.10,63215.50,7.49,week-end,hiver,6,test
2024-12-23,61849.90,67565.00,5.82,ouvré,hiver,0,test
2024-12-24,58504.62,64455.50,6.75,Noël,hiver,1,test
2024-12-25,51904.42,56026.50,7.27,férié,hiver,2,test
2024-12-26,57378.44,64718.00,5.13,Noël,hiver,3,test
2024-12-27,62468.98,68704.50,2.59,Noël,hiver,4,test
2024-12-28,63059.77,68459.50,1.88,Noël,hiver,5,test
2024-12-29,61668.31,67024.50,2.73,Noël,hiver,6,test
2024-12-30,65399.31,72682.50,2.55,Noël,hiver,0,test
2024-12-31,66072.69,72330.50,2.75,Noël,hiver,1,test
2025-01-01,59790.73,64637.00,5.33,férié,hiver,2,test
2025-01-02,62413.52,69697.00,5.68,ouvré,hiver,3,test
2025-01-03,65688.83,73159.00,2.86,ouvré,hiver,4,test
2025-01-04,66310.27,72508.50,2.12,week-end,hiver,5,test
2025-01-05,57273.38,63566.50,9.73,week-end,hiver,6,test
2025-01-06,60432.25,69521.00,9.62,ouvré,hiver,0,test
2025-01-07,64806.69,72113.50,6.20,ouvré,hiver,1,test
2025-01-08,64756.85,71806.50,7.82,ouvré,hiver,2,test
2025-01-09,63750.52,72211.00,7.47,ouvré,hiver,3,test
2025-01-10,66689.17,73357.50,4.60,ouvré,hiver,4,test
2025-01-11,64020.46,70659.00,2.92,week-end,hiver,5,test
2025-01-12,66651.06,73914.50,1.20,week-end,hiver,6,test
2025-01-13,74351.25,82688.00,0.26,ouvré,hiver,0,test
2025-01-14,78031.15,87702.50,-0.67,ouvré,hiver,1,test
2025-01-15,76777.10,84279.00,1.85,ouvré,hiver,2,test
2025-01-16,73292.54,79833.50,3.29,ouvré,hiver,3,test
2025-01-17,74723.06,83062.00,1.66,ouvré,hiver,4,test
2025-01-18,71608.85,77980.50,1.00,week-end,hiver,5,test
2025-01-19,69201.08,75356.50,1.06,week-end,hiver,6,test
2025-01-20,74469.54,81968.00,1.70,ouvré,hiver,0,test
2025-01-21,73878.73,81679.50,2.46,ouvré,hiver,1,test
2025-01-22,68785.44,75022.50,6.58,ouvré,hiver,2,test
2025-01-23,66165.90,73180.50,7.01,ouvré,hiver,3,test
2025-01-24,65302.98,72691.50,8.22,ouvré,hiver,4,test
2025-01-25,56647.71,62093.50,9.56,week-end,hiver,5,test
2025-01-26,58454.60,65158.00,6.73,week-end,hiver,6,test
2025-01-27,61068.35,68836.50,9.86,ouvré,hiver,0,test
2025-01-28,63297.62,70494.00,8.31,ouvré,hiver,1,test
2025-01-29,63754.90,70857.50,7.66,ouvré,hiver,2,test
2025-01-30,63953.10,70989.50,6.81,ouvré,hiver,3,test
2025-01-31,66688.46,73681.00,4.47,ouvré,hiver,4,test
2025-02-01,62841.21,67874.50,3.51,week-end,hiver,5,test
2025-02-02,62902.00,68298.00,2.69,week-end,hiver,6,test
2025-02-03,69654.27,78456.00,2.52,ouvré,hiver,0,test
2025-02-04,70843.62,79233.00,2.84,ouvré,hiver,1,test
2025-02-05,69232.35,77232.50,4.45,ouvré,hiver,2,test
2025-02-06,69721.58,76898.00,4.25,ouvré,hiver,3,test
2025-02-07,70016.38,76674.00,4.45,ouvré,hiver,4,test
2025-02-08,63256.48,69020.00,5.03,week-end,hiver,5,test
2025-02-09,60770.71,66128.50,4.80,week-end,hiver,6,test
2025-02-10,65685.19,73336.00,6.05,ouvré,hiver,0,test
2025-02-11,65947.85,72520.50,6.14,ouvré,hiver,1,test
2025-02-12,64604.92,70861.00,6.94,ouvré,hiver,2,test
2025-02-13,64191.04,70970.00,6.58,ouvré,hiver,3,test
2025-02-14,65552.60,72545.50,4.34,ouvré,hiver,4,test
2025-02-15,63427.54,68153.50,2.85,week-end,hiver,5,test
2025-02-16,61054.62,65248.00,3.95,week-end,hiver,6,test
2025-02-17,65591.98,73865.50,4.75,ouvré,hiver,0,test
2025-02-18,65873.19,74149.50,5.18,ouvré,hiver,1,test
2025-02-19,63760.40,71342.00,7.53,ouvré,hiver,2,test
2025-02-20,59564.31,65481.00,10.60,ouvré,hiver,3,test
2025-02-21,56761.77,62191.50,11.58,ouvré,hiver,4,test
2025-02-22,51531.52,56926.00,10.86,week-end,hiver,5,test
2025-02-23,50991.67,56481.00,9.35,week-end,hiver,6,test
2025-02-24,56430.04,62454.50,10.28,ouvré,hiver,0,test
2025-02-25,58014.52,65156.50,8.96,ouvré,hiver,1,test
2025-02-26,60789.75,66678.00,7.25,ouvré,hiver,2,test
2025-02-27,61366.04,68095.50,6.70,ouvré,hiver,3,test
2025-02-28,61607.21,68863.00,5.98,ouvré,hiver,4,test
2025-03-01,58872.25,62430.50,5.02,week-end,printemps,5,test
2025-03-02,56447.77,60773.00,5.71,week-end,printemps,6,test
2025-03-03,60927.54,70445.00,6.30,ouvré,printemps,0,test
2025-03-04,60029.52,68784.50,7.63,ouvré,printemps,1,test
2025-03-05,58217.52,67377.50,8.84,ouvré,printemps,2,test
2025-03-06,55996.40,63490.50,10.47,ouvré,printemps,3,test
2025-03-07,53450.33,59664.50,11.52,ouvré,printemps,4,test
2025-03-08,48295.15,52502.00,11.91,week-end,printemps,5,test
2025-03-09,46796.10,52491.00,11.55,week-end,printemps,6,test
2025-03-10,52717.94,58755.50,10.16,ouvré,printemps,0,test
2025-03-11,55253.65,61354.50,8.38,ouvré,printemps,1,test
2025-03-12,58401.96,65784.00,6.78,ouvré,printemps,2,test
2025-03-13,61137.85,67349.50,5.04,ouvré,printemps,3,test
2025-03-14,63278.19,69920.50,4.13,ouvré,printemps,4,test
2025-03-15,60288.02,64319.00,4.46,week-end,printemps,5,test
2025-03-16,58055.98,63074.00,4.90,week-end,printemps,6,test
2025-03-17,61699.62,69586.50,6.08,ouvré,printemps,0,test
2025-03-18,60250.38,69055.50,7.80,ouvré,printemps,1,test
2025-03-19,56660.56,63018.00,10.46,ouvré,printemps,2,test
2025-03-20,54229.73,60237.50,11.75,ouvré,printemps,3,test
2025-03-21,52138.85,57042.00,13.23,ouvré,printemps,4,test
2025-03-22,47082.88,51376.50,12.38,week-end,printemps,5,test
2025-03-23,46679.75,52626.50,10.13,week-end,printemps,6,test
2025-03-24,52273.02,57749.50,10.50,ouvré,printemps,0,test
2025-03-25,53228.60,58788.50,10.15,ouvré,printemps,1,test
2025-03-26,53336.48,58306.00,10.39,ouvré,printemps,2,test
2025-03-27,52964.50,59101.00,10.08,ouvré,printemps,3,test
2025-03-28,53175.12,58546.00,9.58,ouvré,printemps,4,test
2025-03-29,49622.50,54059.50,9.14,week-end,printemps,5,test
2025-03-30,47119.54,51751.50,10.25,week-end,printemps,6,test
2025-03-31,50732.25,58025.00,10.71,ouvré,printemps,0,test
2025-04-01,51725.06,58382.50,10.28,ouvré,printemps,1,test
2025-04-02,52389.98,58875.50,11.03,ouvré,printemps,2,test
2025-04-03,50520.83,55966.50,13.44,ouvré,printemps,3,test
2025-04-04,48098.35,54313.50,15.07,ouvré,printemps,4,test
2025-04-05,42065.96,46724.00,15.43,week-end,printemps,5,test
2025-04-06,40152.44,45080.00,13.57,week-end,printemps,6,test
2025-04-07,46542.02,52567.50,11.50,ouvré,printemps,0,test
2025-04-08,47654.06,54088.00,11.81,ouvré,printemps,1,test
2025-04-09,47505.92,52979.00,12.15,ouvré,printemps,2,test
2025-04-10,47833.85,53426.50,12.04,ouvré,printemps,3,test
2025-04-11,46985.23,53157.00,13.33,ouvré,printemps,4,test
2025-04-12,41896.79,46740.00,14.19,week-end,printemps,5,test
2025-04-13,40634.58,46659.50,13.31,week-end,printemps,6,test
2025-04-14,46234.19,52026.50,12.58,ouvré,printemps,0,test
2025-04-15,47381.35,53589.50,12.88,ouvré,printemps,1,test
2025-04-16,49651.98,55843.50,10.07,ouvré,printemps,2,test
2025-04-17,51168.40,56711.50,9.70,ouvré,printemps,3,test
2025-04-18,49614.00,55233.00,11.36,ouvré,printemps,4,test
2025-04-19,44314.79,49117.50,12.66,week-end,printemps,5,test
2025-04-20,42216.71,47448.00,11.70,week-end,printemps,6,test
2025-04-21,42990.08,48519.00,11.89,férié,printemps,0,test
2025-04-22,47430.75,53476.00,12.48,ouvré,printemps,1,test
2025-04-23,48980.17,55585.00,11.61,ouvré,printemps,2,test
2025-04-24,49201.19,54926.00,12.07,ouvré,printemps,3,test
2025-04-25,48338.71,54546.50,12.48,ouvré,printemps,4,test
2025-04-26,43018.56,48006.00,12.84,week-end,printemps,5,test
2025-04-27,40511.25,45499.00,14.39,week-end,printemps,6,test
2025-04-28,44435.81,50135.50,15.82,ouvré,printemps,0,test
2025-04-29,44027.71,49296.00,17.43,ouvré,printemps,1,test
2025-04-30,43650.75,49727.50,18.57,ouvré,printemps,2,test
2025-05-01,36963.50,42207.00,19.00,férié,printemps,3,test
2025-05-02,40049.98,46038.50,18.75,pont,printemps,4,test
2025-05-03,38113.00,43788.00,17.93,week-end,printemps,5,test
2025-05-04,37245.83,42969.00,13.68,week-end,printemps,6,test
2025-05-05,43755.71,50212.00,11.01,ouvré,printemps,0,test
2025-05-06,45523.17,50865.50,11.34,ouvré,printemps,1,test
2025-05-07,46210.60,52504.00,11.62,ouvré,printemps,2,test
2025-05-08,41839.02,46308.00,12.58,férié,printemps,3,test
2025-05-09,42920.38,48241.50,13.90,pont,printemps,4,test
2025-05-10,39672.81,44640.50,15.50,week-end,printemps,5,test
2025-05-11,38266.67,43602.00,15.65,week-end,printemps,6,test
2025-05-12,43584.12,49604.50,14.70,ouvré,printemps,0,test
2025-05-13,44358.83,49561.00,15.33,ouvré,printemps,1,test
2025-05-14,44256.21,49837.50,16.61,ouvré,printemps,2,test
2025-05-15,44248.79,49889.50,15.28,ouvré,printemps,3,test
2025-05-16,44011.38,49570.00,14.94,ouvré,printemps,4,test
2025-05-17,39777.38,45316.50,14.44,week-end,printemps,5,test
2025-05-18,38411.75,43673.50,15.03,week-end,printemps,6,test
2025-05-19,43289.83,49342.00,16.21,ouvré,printemps,0,test
2025-05-20,43935.33,49587.50,17.03,ouvré,printemps,1,test
2025-05-21,44386.58,50721.50,14.95,ouvré,printemps,2,test
2025-05-22,44882.31,50603.00,13.77,ouvré,printemps,3,test
2025-05-23,44388.48,50340.00,13.90,ouvré,printemps,4,test
2025-05-24,40118.23,45269.00,14.35,week-end,printemps,5,test
2025-05-25,37995.17,43227.00,16.59,week-end,printemps,6,test
2025-05-26,43147.44,49459.00,15.77,ouvré,printemps,0,test
2025-05-27,44433.75,50370.50,16.23,ouvré,printemps,1,test
2025-05-28,44601.17,51310.00,17.33,ouvré,printemps,2,test
2025-05-29,39858.98,45125.50,18.27,férié,printemps,3,test
2025-05-30,41187.42,47271.00,21.24,pont,printemps,4,test
2025-05-31,39065.10,44509.00,21.17,week-end,printemps,5,test
2025-06-01,37353.98,42756.00,19.15,week-end,été,6,test
2025-06-02,42684.65,49481.00,17.33,ouvré,été,0,test
2025-06-03,43732.67,50004.50,17.69,ouvré,été,1,test
2025-06-04,44184.15,50951.00,16.62,ouvré,été,2,test
2025-06-05,44519.79,50479.00,16.77,ouvré,été,3,test
2025-06-06,43938.42,50300.50,17.99,ouvré,été,4,test
2025-06-07,39704.77,45642.50,17.01,week-end,été,5,test
2025-06-08,37410.83,43085.50,16.69,week-end,été,6,test
2025-06-09,39114.46,45231.50,16.91,férié,été,0,test
2025-06-10,44138.46,50926.00,19.11,ouvré,été,1,test
2025-06-11,45381.62,52319.00,21.59,ouvré,été,2,test
2025-06-12,45987.12,52595.50,23.03,ouvré,été,3,test
2025-06-13,46297.56,53366.50,24.30,ouvré,été,4,test
2025-06-14,41124.33,47037.00,22.80,week-end,été,5,test
2025-06-15,38357.23,43599.50,19.48,week-end,été,6,test
2025-06-16,43975.79,51470.00,19.47,ouvré,été,0,test
2025-06-17,45363.23,51798.50,21.27,ouvré,été,1,test
2025-06-18,46228.17,53070.00,22.49,ouvré,été,2,test
2025-06-19,47087.00,54019.50,24.11,ouvré,été,3,test
2025-06-20,47219.69,54621.50,25.02,ouvré,été,4,test
2025-06-21,42857.67,49371.50,25.68,week-end,été,5,test
2025-06-22,40612.38,45871.50,23.92,week-end,été,6,test
2025-06-23,46041.90,53070.00,22.15,ouvré,été,0,test
2025-06-24,47044.06,53645.50,22.34,ouvré,été,1,test
2025-06-25,47996.10,55783.50,24.45,ouvré,été,2,test
2025-06-26,47194.31,53705.50,22.42,ouvré,été,3,test
2025-06-27,47108.17,54206.50,22.91,ouvré,été,4,test
2025-06-28,43456.56,49544.50,24.50,week-end,été,5,test
2025-06-29,42057.31,47752.50,25.61,week-end,été,6,test
2025-06-30,50147.33,60233.50,27.64,ouvré,été,0,test
2025-07-01,51280.60,59557.00,27.59,ouvré,été,1,test
2025-07-02,50348.52,58667.50,24.85,ouvré,été,2,test
2025-07-03,48736.60,55612.00,22.24,ouvré,été,3,test
2025-07-04,48246.04,55377.00,22.64,ouvré,été,4,test
2025-07-05,43376.58,49592.00,22.12,week-end,été,5,test
2025-07-06,39849.46,45546.50,19.00,week-end,été,6,test
2025-07-07,44381.77,51983.00,17.94,ouvré,été,0,test
2025-07-08,44928.31,51700.50,17.70,ouvré,été,1,test
2025-07-09,45420.54,52478.00,19.02,ouvré,été,2,test
2025-07-10,46157.83,53347.50,21.31,ouvré,été,3,test
2025-07-11,46343.50,53909.00,23.00,ouvré,été,4,test
2025-07-12,41820.73,47977.50,23.10,week-end,été,5,test
2025-07-13,39715.23,45772.00,23.42,week-end,été,6,test
2025-07-14,40776.42,47064.00,22.55,férié,été,0,test
2025-07-15,45710.35,53637.50,21.23,ouvré,été,1,test
2025-07-16,46595.27,53689.50,21.27,ouvré,été,2,test
2025-07-17,47322.06,54333.00,22.63,ouvré,été,3,test
2025-07-18,47165.65,54747.00,23.58,ouvré,été,4,test
2025-07-19,41898.40,47799.50,21.83,week-end,été,5,test
2025-07-20,39503.12,45401.50,20.48,week-end,été,6,test
2025-07-21,43962.40,51573.50,19.39,ouvré,été,0,test
2025-07-22,44363.85,51291.00,19.69,ouvré,été,1,test
2025-07-23,44421.69,51469.00,18.81,ouvré,été,2,test
2025-07-24,44436.92,51378.00,18.53,ouvré,été,3,test
2025-07-25,43912.98,50881.00,19.61,ouvré,été,4,test
2025-07-26,40004.31,46626.50,20.43,week-end,été,5,test
2025-07-27,38009.46,43880.00,19.49,week-end,été,6,test
2025-07-28,42392.31,49641.50,18.79,ouvré,été,0,test
2025-07-29,43252.85,50080.50,18.99,ouvré,été,1,test
2025-07-30,43566.98,50330.50,19.82,ouvré,été,2,test
2025-07-31,43860.50,50611.50,20.40,ouvré,été,3,test
2025-08-01,42898.48,49704.50,20.13,ouvré,été,4,test
2025-08-02,38820.21,44649.50,18.45,week-end,été,5,test
2025-08-03,36954.06,42386.50,18.93,week-end,été,6,test
2025-08-04,41097.23,47795.00,21.69,ouvré,été,0,test
2025-08-05,41629.88,47991.50,20.97,ouvré,été,1,test
2025-08-06,41091.98,47298.00,19.26,ouvré,été,2,test
2025-08-07,41892.42,48517.50,21.80,ouvré,été,3,test
2025-08-08,42439.25,49279.00,23.09,ouvré,été,4,test
2025-08-09,40140.92,46202.00,23.67,week-end,été,5,test
2025-08-10,38846.42,44487.50,23.51,week-end,été,6,test
2025-08-11,43003.50,50522.00,25.43,ouvré,été,0,test
2025-08-12,44382.65,51614.00,26.30,ouvré,été,1,test
2025-08-13,44266.31,51793.00,25.50,ouvré,été,2,test
2025-08-14,44107.94,51333.00,24.89,ouvré,été,3,test
2025-08-15,41436.77,47378.00,25.63,férié,été,4,test
2025-08-16,41010.67,46945.50,24.97,week-end,été,5,test
2025-08-17,39006.46,44070.00,23.16,week-end,été,6,test
2025-08-18,42682.75,49893.50,22.55,ouvré,été,0,test
2025-08-19,43099.94,49808.50,21.39,ouvré,été,1,test
2025-08-20,42299.77,48609.50,19.11,ouvré,été,2,test
2025-08-21,41980.65,48552.00,18.71,ouvré,été,3,test
2025-08-22,41885.50,48749.00,18.75,ouvré,été,4,test
2025-08-23,38830.60,44821.00,18.52,week-end,été,5,test
2025-08-24,37337.25,42971.00,19.56,week-end,été,6,test
2025-08-25,42811.44,50228.50,20.82,ouvré,été,0,test
2025-08-26,44449.90,51525.50,21.39,ouvré,été,1,test
2025-08-27,44725.60,51430.50,20.83,ouvré,été,2,test
2025-08-28,44547.21,51721.50,18.99,ouvré,été,3,test
2025-08-29,43682.15,50588.00,17.09,ouvré,été,4,test
2025-08-30,39543.58,45277.50,17.95,week-end,été,5,test
2025-08-31,38152.67,44114.00,18.95,week-end,été,6,test
2025-09-01,43184.52,50812.00,17.17,ouvré,automne,0,test
2025-09-02,44039.38,51095.50,16.74,ouvré,automne,1,test
2025-09-03,45195.04,52469.50,20.00,ouvré,automne,2,test
2025-09-04,44823.27,51655.50,18.08,ouvré,automne,3,test
2025-09-05,44351.06,51424.00,17.09,ouvré,automne,4,test
2025-09-06,40226.94,46784.50,18.61,week-end,automne,5,test
2025-09-07,38934.54,45512.50,21.33,week-end,automne,6,test
2025-09-08,43720.62,51011.00,19.16,ouvré,automne,0,test
2025-09-09,44226.00,51000.50,17.34,ouvré,automne,1,test
2025-09-10,43895.42,50728.00,16.75,ouvré,automne,2,test
2025-09-11,44742.48,51162.00,16.87,ouvré,automne,3,test
2025-09-12,44260.44,50727.50,16.09,ouvré,automne,4,test
2025-09-13,39774.19,46024.50,15.74,week-end,automne,5,test
2025-09-14,38576.83,44907.00,17.25,week-end,automne,6,test
2025-09-15,44232.00,51360.00,18.70,ouvré,automne,0,test
2025-09-16,44726.17,51186.50,16.15,ouvré,automne,1,test
2025-09-17,44822.19,51476.00,16.98,ouvré,automne,2,test
2025-09-18,44427.21,50984.00,18.62,ouvré,automne,3,test
2025-09-19,44644.62,51813.50,20.28,ouvré,automne,4,test
2025-09-20,40459.62,47238.50,20.74,week-end,automne,5,test
2025-09-21,38214.60,44404.50,15.89,week-end,automne,6,test
2025-09-22,43653.88,50587.00,13.47,ouvré,automne,0,test
2025-09-23,45441.85,51796.50,11.94,ouvré,automne,1,test
2025-09-24,46913.77,53550.50,11.75,ouvré,automne,2,test
2025-09-25,47734.10,53853.00,11.85,ouvré,automne,3,test
2025-09-26,47747.96,54365.50,11.93,ouvré,automne,4,test
2025-09-27,43009.50,49483.50,12.65,week-end,automne,5,test
2025-09-28,41011.81,46927.00,13.31,week-end,automne,6,test
2025-09-29,45658.38,52450.00,14.26,ouvré,automne,0,test
2025-09-30,46217.92,52349.50,13.92,ouvré,automne,1,test
2025-10-01,46769.50,53391.00,13.71,ouvré,automne,2,test
2025-10-02,46708.73,52876.00,13.19,ouvré,automne,3,test
2025-10-03,47066.96,53318.50,13.65,ouvré,automne,4,test
2025-10-04,42707.35,48645.50,15.22,week-end,automne,5,test
2025-10-05,41487.35,47702.00,12.50,week-end,automne,6,test
2025-10-06,47072.75,53704.00,12.39,ouvré,automne,0,test
2025-10-07,47101.73,53217.50,13.55,ouvré,automne,1,test
2025-10-08,47023.04,53532.50,13.69,ouvré,automne,2,test
2025-10-09,46880.06,52682.50,14.35,ouvré,automne,3,test
2025-10-10,46926.94,53296.50,13.72,ouvré,automne,4,test
2025-10-11,42421.29,49261.50,13.77,week-end,automne,5,test
2025-10-12,40856.27,47673.50,13.88,week-end,automne,6,test
2025-10-13,46361.40,53300.50,13.68,ouvré,automne,0,test
2025-10-14,47124.75,53001.50,13.85,ouvré,automne,1,test
2025-10-15,47696.33,53786.50,13.13,ouvré,automne,2,test
2025-10-16,48191.23,54004.00,12.59,ouvré,automne,3,test
2025-10-17,48073.83,54111.00,12.41,ouvré,automne,4,test
2025-10-18,44268.83,50348.50,11.99,week-end,automne,5,test
2025-10-19,43027.46,49225.00,12.90,week-end,automne,6,test
2025-10-20,47487.08,54887.50,14.97,ouvré,automne,0,test
2025-10-21,47906.52,54078.00,14.23,ouvré,automne,1,test
2025-10-22,47665.69,53698.00,15.11,ouvré,automne,2,test
2025-10-23,49146.50,56278.00,13.47,ouvré,automne,3,test
2025-10-24,50656.94,56717.50,10.33,ouvré,automne,4,test
2025-10-25,46235.81,51426.50,11.53,week-end,automne,5,test
2025-10-26,45587.22,52220.00,9.66,week-end,automne,6,test
2025-10-27,51462.96,58339.50,11.61,ouvré,automne,0,test
2025-10-28,50861.65,57240.00,12.41,ouvré,automne,1,test
2025-10-29,51348.46,58116.00,12.08,ouvré,automne,2,test
2025-10-30,50887.60,57021.00,11.84,ouvré,automne,3,test
2025-10-31,50251.69,55955.50,12.79,ouvré,automne,4,test
2025-11-01,44537.75,50462.00,14.23,férié,automne,5,test
2025-11-02,44470.33,51677.50,11.80,week-end,automne,6,test
2025-11-03,50560.96,57451.50,11.39,ouvré,automne,0,test
2025-11-04,51121.19,57403.50,12.13,ouvré,automne,1,test
2025-11-05,50880.58,57373.00,13.52,ouvré,automne,2,test
2025-11-06,50660.27,57532.50,12.84,ouvré,automne,3,test
2025-11-07,50946.94,56307.50,11.56,ouvré,automne,4,test
2025-11-08,47344.94,52868.50,10.66,week-end,automne,5,test
2025-11-09,46644.10,52686.50,9.80,week-end,automne,6,test
2025-11-10,51001.69,57198.00,9.66,pont,automne,0,test
2025-11-11,48457.06,54597.00,11.11,férié,automne,1,test
2025-11-12,52067.31,58728.00,12.86,ouvré,automne,2,test
2025-11-13,50764.06,56540.50,14.97,ouvré,automne,3,test
2025-11-14,49523.02,55225.50,15.72,ouvré,automne,4,test
2025-11-15,45244.83,51233.50,13.07,week-end,automne,5,test
2025-11-16,45224.96,51903.50,11.08,week-end,automne,6,test
2025-11-17,53741.77,63451.00,8.29,ouvré,automne,0,test
2025-11-18,60753.04,68360.50,4.25,ouvré,automne,1,test
2025-11-19,63332.65,71579.50,4.58,ouvré,automne,2,test
2025-11-20,66196.29,75074.50,3.36,ouvré,automne,3,test
2025-11-21,69764.21,75964.50,2.01,ouvré,automne,4,test
2025-11-22,68052.04,73732.00,0.64,week-end,automne,5,test
2025-11-23,63634.25,69328.50,4.40,week-end,automne,6,test
2025-11-24,63130.27,70787.50,8.07,ouvré,automne,0,test
2025-11-25,64628.12,73048.00,6.47,ouvré,automne,1,test
2025-11-26,67004.02,74466.00,4.74,ouvré,automne,2,test
2025-11-27,68040.42,74357.00,4.96,ouvré,automne,3,test
2025-11-28,64650.67,70817.00,7.33,ouvré,automne,4,test
2025-11-29,57209.42,61434.50,8.44,week-end,automne,5,test
2025-11-30,55892.69,63191.00,6.70,week-end,automne,6,test
2025-12-01,65382.75,73251.50,5.20,ouvré,hiver,0,test
2025-12-02,64187.54,70089.00,7.59,ouvré,hiver,1,test
2025-12-03,63540.44,70861.50,6.95,ouvré,hiver,2,test
2025-12-04,64442.33,71514.50,6.32,ouvré,hiver,3,test
2025-12-05,65971.40,72792.50,5.19,ouvré,hiver,4,test
2025-12-06,58015.83,63185.50,9.16,week-end,hiver,5,test
2025-12-07,53044.23,58617.50,11.48,week-end,hiver,6,test
2025-12-08,55801.85,62698.50,12.13,ouvré,hiver,0,test
2025-12-09,56571.96,62702.50,11.40,ouvré,hiver,1,test
2025-12-10,56390.19,63509.50,11.06,ouvré,hiver,2,test
2025-12-11,58872.21,65491.50,8.73,ouvré,hiver,3,test
2025-12-12,57906.17,63606.00,9.36,ouvré,hiver,4,test
2025-12-13,54622.79,59363.00,7.63,week-end,hiver,5,test
2025-12-14,55245.67,61833.00,6.44,week-end,hiver,6,test
2025-12-15,60564.62,67362.50,8.34,ouvré,hiver,0,test
2025-12-16,59021.46,65140.50,9.34,ouvré,hiver,1,test
2025-12-17,59965.71,66844.00,7.89,ouvré,hiver,2,test
2025-12-18,59323.29,65028.50,10.27,ouvré,hiver,3,test
2025-12-19,56539.23,61691.50,10.10,ouvré,hiver,4,test
2025-12-20,53487.33,59515.00,8.79,week-end,hiver,5,test
2025-12-21,51367.65,57037.50,9.61,week-end,hiver,6,test
2025-12-22,57559.88,64659.00,7.57,ouvré,hiver,0,test
2025-12-23,60645.90,67541.00,5.67,ouvré,hiver,1,test
2025-12-24,62357.54,69113.00,3.96,Noël,hiver,2,test
2025-12-25,60971.02,64544.50,1.72,férié,hiver,3,test
2025-12-26,65034.83,70997.00,2.14,pont,hiver,4,test
2025-12-27,64343.02,69379.50,2.42,Noël,hiver,5,test
2025-12-28,63636.00,68943.00,2.31,Noël,hiver,6,test
2025-12-29,68417.21,75071.00,1.20,Noël,hiver,0,test
2025-12-30,68960.88,75409.50,2.06,Noël,hiver,1,test
2025-12-31,70048.27,75864.50,0.44,Noël,hiver,2,test
2026-01-01,67919.96,71747.00,0.21,férié,hiver,3,test_bonus
2026-01-02,70164.88,76322.50,1.45,pont,hiver,4,test_bonus
2026-01-03,70199.75,76018.00,0.45,week-end,hiver,5,test_bonus
2026-01-04,71302.23,78559.50,-0.83,week-end,hiver,6,test_bonus
2026-01-05,80680.33,89416.50,-2.02,ouvré,hiver,0,test_bonus
2026-01-06,82566.35,90209.50,-2.04,ouvré,hiver,1,test_bonus
2026-01-07,81649.81,88714.50,0.24,ouvré,hiver,2,test_bonus
2026-01-08,74297.25,79978.00,5.89,ouvré,hiver,3,test_bonus
2026-01-09,70588.04,77391.00,6.43,ouvré,hiver,4,test_bonus
2026-01-10,68042.96,73636.00,3.88,week-end,hiver,5,test_bonus
2026-01-11,67510.75,73737.50,2.69,week-end,hiver,6,test_bonus
2026-01-12,69113.73,75518.00,7.33,ouvré,hiver,0,test_bonus
2026-01-13,64711.58,71525.50,9.20,ouvré,hiver,1,test_bonus
2026-01-14,62371.35,68491.50,9.59,ouvré,hiver,2,test_bonus
2026-01-15,62305.48,69076.00,9.59,ouvré,hiver,3,test_bonus
2026-01-16,61858.40,68025.00,8.70,ouvré,hiver,4,test_bonus
2026-01-17,57490.81,63275.50,8.12,week-end,hiver,5,test_bonus
2026-01-18,56064.52,62927.50,7.92,week-end,hiver,6,test_bonus
2026-01-19,63532.31,71171.50,6.60,ouvré,hiver,0,test_bonus
2026-01-20,65300.10,72590.00,6.15,ouvré,hiver,1,test_bonus
2026-01-21,65108.71,71727.00,7.63,ouvré,hiver,2,test_bonus
2026-01-22,64166.92,71136.00,7.28,ouvré,hiver,3,test_bonus
2026-01-23,65775.88,71738.50,6.10,ouvré,hiver,4,test_bonus
2026-01-24,62563.23,68122.00,4.78,week-end,hiver,5,test_bonus
2026-01-25,61036.50,67532.50,4.90,week-end,hiver,6,test_bonus
2026-01-26,66830.67,74082.50,5.23,ouvré,hiver,0,test_bonus
2026-01-27,67613.21,74312.00,6.33,ouvré,hiver,1,test_bonus
2026-01-28,67352.04,74158.00,5.15,ouvré,hiver,2,test_bonus
2026-01-29,68645.48,75387.50,4.68,ouvré,hiver,3,test_bonus
2026-01-30,65949.04,72695.50,7.14,ouvré,hiver,4,test_bonus
2026-01-31,60249.40,66330.00,6.78,week-end,hiver,5,test_bonus
2026-02-01,57461.35,63568.50,7.24,week-end,hiver,6,test_bonus
2026-02-02,63571.12,70752.50,7.26,ouvré,hiver,0,test_bonus
2026-02-03,63118.67,69493.00,7.85,ouvré,hiver,1,test_bonus
2026-02-04,64342.75,71421.00,6.98,ouvré,hiver,2,test_bonus
2026-02-05,63487.12,69688.00,8.25,ouvré,hiver,3,test_bonus
2026-02-06,60883.42,67382.00,9.20,ouvré,hiver,4,test_bonus
2026-02-07,56698.85,60939.00,7.88,week-end,hiver,5,test_bonus
2026-02-08,55854.19,61291.50,7.05,week-end,hiver,6,test_bonus
2026-02-09,62591.58,69647.00,6.85,ouvré,hiver,0,test_bonus
2026-02-10,61690.50,67919.00,9.78,ouvré,hiver,1,test_bonus
2026-02-11,59790.38,66709.50,11.20,ouvré,hiver,2,test_bonus
2026-02-12,59999.23,67530.00,9.81,ouvré,hiver,3,test_bonus
2026-02-13,61299.04,66911.50,8.04,ouvré,hiver,4,test_bonus
2026-02-14,60842.85,67767.00,5.19,week-end,hiver,5,test_bonus
2026-02-15,62789.38,68986.50,4.58,week-end,hiver,6,test_bonus
2026-02-16,63929.88,71705.00,8.51,ouvré,hiver,0,test_bonus
2026-02-17,64226.83,70236.00,7.05,ouvré,hiver,1,test_bonus
2026-02-18,65252.79,71167.00,7.33,ouvré,hiver,2,test_bonus
2026-02-19,64375.40,70814.00,8.13,ouvré,hiver,3,test_bonus
2026-02-20,63041.17,69109.00,8.43,ouvré,hiver,4,test_bonus
2026-02-21,55004.19,59578.50,10.58,week-end,hiver,5,test_bonus
2026-02-22,51892.60,57079.50,10.67,week-end,hiver,6,test_bonus
2026-02-23,56165.25,61984.00,11.09,ouvré,hiver,0,test_bonus
2026-02-24,54681.10,60820.00,12.22,ouvré,hiver,1,test_bonus
2026-02-25,53951.69,60578.50,11.98,ouvré,hiver,2,test_bonus
2026-02-26,53142.75,58926.50,11.73,ouvré,hiver,3,test_bonus
2026-02-27,53784.54,58581.00,11.39,ouvré,hiver,4,test_bonus
2026-02-28,50872.52,55357.50,9.70,week-end,hiver,5,test_bonus
2026-03-01,50704.54,55717.50,8.51,week-end,printemps,6,test_bonus
2026-03-02,54745.67,61943.00,10.38,ouvré,printemps,0,test_bonus
2026-03-03,54221.92,60841.00,10.69,ouvré,printemps,1,test_bonus
2026-03-04,53503.46,60491.50,11.13,ouvré,printemps,2,test_bonus
2026-03-05,53166.02,58721.00,11.65,ouvré,printemps,3,test_bonus
2026-03-06,52835.94,58088.50,12.00,ouvré,printemps,4,test_bonus
2026-03-07,48422.48,52629.00,11.56,week-end,printemps,5,test_bonus
2026-03-08,46939.88,51871.50,10.83,week-end,printemps,6,test_bonus
2026-03-09,51839.33,58091.50,10.92,ouvré,printemps,0,test_bonus
2026-03-10,52858.83,58382.50,10.76,ouvré,printemps,1,test_bonus
2026-03-11,54619.56,60795.00,10.21,ouvré,printemps,2,test_bonus
2026-03-12,55787.96,61515.50,9.08,ouvré,printemps,3,test_bonus
2026-03-13,56515.77,61711.00,9.23,ouvré,printemps,4,test_bonus
2026-03-14,54317.77,59305.00,6.23,week-end,printemps,5,test_bonus
2026-03-15,54199.10,58018.00,6.65,week-end,printemps,6,test_bonus
2026-03-16,57200.29,63181.00,8.81,ouvré,printemps,0,test_bonus
2026-03-17,54709.06,62111.00,10.63,ouvré,printemps,1,test_bonus
2026-03-18,53473.56,58478.00,10.70,ouvré,printemps,2,test_bonus
2026-03-19,53154.60,59407.00,10.59,ouvré,printemps,3,test_bonus
2026-03-20,52487.17,59909.50,10.12,ouvré,printemps,4,test_bonus
2026-03-21,48296.08,52225.50,9.80,week-end,printemps,5,test_bonus
2026-03-22,47539.77,53413.00,8.90,week-end,printemps,6,test_bonus
2026-03-23,53155.44,60330.00,9.07,ouvré,printemps,0,test_bonus
2026-03-24,52788.33,59620.00,10.41,ouvré,printemps,1,test_bonus
2026-03-25,55467.83,63117.50,8.55,ouvré,printemps,2,test_bonus
2026-03-26,59402.50,64597.00,5.85,ouvré,printemps,3,test_bonus
2026-03-27,59785.35,65953.00,6.19,ouvré,printemps,4,test_bonus
2026-03-28,54861.12,58571.50,6.96,week-end,printemps,5,test_bonus
2026-03-29,53712.30,57838.50,7.10,week-end,printemps,6,test_bonus
2026-03-30,57035.65,63203.00,9.15,ouvré,printemps,0,test_bonus
2026-03-31,57769.56,64235.00,8.51,ouvré,printemps,1,test_bonus
2026-04-01,57534.27,63089.00,8.83,ouvré,printemps,2,test_bonus
2026-04-02,57106.48,63882.00,8.96,ouvré,printemps,3,test_bonus
2026-04-03,56226.17,63051.50,9.62,ouvré,printemps,4,test_bonus
2026-04-04,47607.38,53591.00,13.50,week-end,printemps,5,test_bonus
2026-04-05,43513.27,48053.50,13.37,week-end,printemps,6,test_bonus
2026-04-06,43926.23,48313.50,13.14,férié,printemps,0,test_bonus
2026-04-07,46871.69,53041.50,15.79,ouvré,printemps,1,test_bonus
2026-04-08,46502.23,51392.50,16.20,ouvré,printemps,2,test_bonus
2026-04-09,46207.65,50941.00,16.10,ouvré,printemps,3,test_bonus
2026-04-10,46180.44,52129.00,13.44,ouvré,printemps,4,test_bonus
2026-04-11,42707.42,47414.50,12.51,week-end,printemps,5,test_bonus
2026-04-12,43874.90,48912.00,9.33,week-end,printemps,6,test_bonus
2026-04-13,51218.23,57999.00,8.83,ouvré,printemps,0,test_bonus
2026-04-14,51337.52,57938.50,10.29,ouvré,printemps,1,test_bonus
2026-04-15,49275.62,54551.00,12.66,ouvré,printemps,2,test_bonus
2026-04-16,47680.79,52836.50,13.97,ouvré,printemps,3,test_bonus
2026-04-17,46491.21,51791.00,14.86,ouvré,printemps,4,test_bonus
2026-04-18,41536.65,45936.50,14.92,week-end,printemps,5,test_bonus
2026-04-19,40090.65,44824.00,14.24,week-end,printemps,6,test_bonus
2026-04-20,45671.33,51414.00,13.09,ouvré,printemps,0,test_bonus
2026-04-21,47216.23,52439.50,12.42,ouvré,printemps,1,test_bonus
2026-04-22,47423.58,52881.00,13.05,ouvré,printemps,2,test_bonus
2026-04-23,46827.77,51454.50,14.82,ouvré,printemps,3,test_bonus
2026-04-24,45737.75,50593.50,15.14,ouvré,printemps,4,test_bonus
2026-04-25,41084.73,45544.50,14.89,week-end,printemps,5,test_bonus
2026-04-26,39280.81,43717.00,15.23,week-end,printemps,6,test_bonus
2026-04-27,44450.62,50308.00,15.58,ouvré,printemps,0,test_bonus
2026-04-28,44944.33,49866.00,14.97,ouvré,printemps,1,test_bonus
2026-04-29,45277.15,50216.50,16.37,ouvré,printemps,2,test_bonus
2026-04-30,44578.71,49685.50,16.54,ouvré,printemps,3,test_bonus
2026-05-01,37770.06,42970.00,16.66,férié,printemps,4,test_bonus
2026-05-02,38527.06,43438.00,16.56,week-end,printemps,5,test_bonus
2026-05-03,38228.96,43328.00,15.65,week-end,printemps,6,test_bonus
2026-05-04,44528.48,50894.50,13.71,ouvré,printemps,0,test_bonus
2026-05-05,45970.81,51721.50,13.12,ouvré,printemps,1,test_bonus
2026-05-06,46844.04,52742.50,12.06,ouvré,printemps,2,test_bonus
2026-05-07,46549.25,51842.00,12.95,ouvré,printemps,3,test_bonus
2026-05-08,41159.83,45536.50,14.59,férié,printemps,4,test_bonus
2026-05-09,39182.19,43373.50,16.52,week-end,printemps,5,test_bonus
2026-05-10,38612.08,43317.50,14.75,week-end,printemps,6,test_bonus
2026-05-11,44742.25,50726.00,12.75,ouvré,printemps,0,test_bonus
2026-05-12,45960.73,50894.50,11.76,ouvré,printemps,1,test_bonus
2026-05-13,46519.35,52104.00,11.95,ouvré,printemps,2,test_bonus
2026-05-14,43797.52,48973.50,10.09,férié,printemps,3,test_bonus
2026-05-15,45793.69,51127.50,9.50,pont,printemps,4,test_bonus
2026-05-16,43668.44,47920.00,10.65,week-end,printemps,5,test_bonus
2026-05-17,41687.08,45779.50,12.36,week-end,printemps,6,test_bonus
2026-05-18,46622.75,52593.00,12.54,ouvré,printemps,0,test_bonus
2026-05-19,47064.15,52469.00,14.17,ouvré,printemps,1,test_bonus
2026-05-20,46007.98,51481.00,16.34,ouvré,printemps,2,test_bonus
2026-05-21,45471.27,50500.50,17.98,ouvré,printemps,3,test_bonus
2026-05-22,44777.54,50228.50,20.92,ouvré,printemps,4,test_bonus
2026-05-23,40191.85,44666.50,21.93,week-end,printemps,5,test_bonus
2026-05-24,38144.90,42943.00,23.41,week-end,printemps,6,test_bonus
2026-05-25,40442.12,45679.00,24.83,férié,printemps,0,test_bonus
2026-05-26,45970.73,52611.00,25.00,ouvré,printemps,1,test_bonus
2026-05-27,46784.69,53104.50,24.54,ouvré,printemps,2,test_bonus
2026-05-28,47402.56,53474.50,24.61,ouvré,printemps,3,test_bonus
2026-05-29,47102.90,53304.00,23.88,ouvré,printemps,4,test_bonus
2026-05-30,41970.40,46744.50,23.16,week-end,printemps,5,test_bonus
2026-05-31,39028.48,43314.50,20.20,week-end,printemps,6,test_bonus
2026-06-01,44331.85,50789.50,19.92,ouvré,été,0,test_bonus
2026-06-02,44593.21,50665.50,18.04,ouvré,été,1,test_bonus
2026-06-03,44389.19,50539.50,16.93,ouvré,été,2,test_bonus
2026-06-04,45024.77,50989.50,16.19,ouvré,été,3,test_bonus
2026-06-05,43939.23,49858.50,15.24,ouvré,été,4,test_bonus
2026-06-06,39683.46,44747.00,16.52,week-end,été,5,test_bonus
2026-06-07,38144.42,42839.00,17.35,week-end,été,6,test_bonus
2026-06-08,43667.90,50347.50,17.51,ouvré,été,0,test_bonus
2026-06-09,44290.48,49824.00,15.95,ouvré,été,1,test_bonus
2026-06-10,44377.73,50497.00,15.15,ouvré,été,2,test_bonus
2026-06-11,45017.65,50877.50,15.64,ouvré,été,3,test_bonus
2026-06-12,45286.08,51496.00,18.91,ouvré,été,4,test_bonus
2026-06-13,40907.73,46026.50,21.32,week-end,été,5,test_bonus
2026-06-14,38867.48,43616.00,21.22,week-end,été,6,test_bonus
2026-06-15,44858.42,51695.00,21.20,ouvré,été,0,test_bonus
2026-06-16,46158.75,52223.00,21.78,ouvré,été,1,test_bonus
2026-06-17,47479.85,53942.00,23.45,ouvré,été,2,test_bonus
2026-06-18,48684.42,55859.50,24.84,ouvré,été,3,test_bonus
2026-06-19,48329.10,55124.50,25.06,ouvré,été,4,test_bonus
2026-06-20,43928.88,49382.00,24.96,week-end,été,5,test_bonus
2026-06-21,43040.67,48247.50,27.10,week-end,été,6,test_bonus
2026-06-22,50240.60,58253.00,29.05,ouvré,été,0,test_bonus
2026-06-23,51881.60,58862.50,29.47,ouvré,été,1,test_bonus
2026-06-24,52540.65,59911.00,29.83,ouvré,été,2,test_bonus
2026-06-25,53033.44,60160.00,30.03,ouvré,été,3,test_bonus
2026-06-26,52187.50,58957.50,28.43,ouvré,été,4,test_bonus
2026-06-27,46890.29,52838.00,27.81,week-end,été,5,test_bonus
2026-06-28,43557.50,48209.50,25.15,week-end,été,6,test_bonus
2026-06-29,47635.98,54381.00,22.77,ouvré,été,0,test_bonus
2026-06-30,48287.56,54943.50,22.96,ouvré,été,1,test_bonus
