timestamp,station,longueur_sequence,duree_heures,position_dans_sequence,methode,temperature_imputee,valeur_avant,valeur_apres,valeur_moins_24h,valeur_plus_24h,imputation_reussie
2015-12-07 09:00:00+00:00,07460,1,3,1,lineaire,9.750000000000028,4.400000000000034,15.100000000000025,9.5,9.400000000000034,True
2017-08-29 18:00:00+00:00,07460,3,9,1,hybride,27.17500000000002,31.600000000000023,20.400000000000038,30.30000000000001,20.80000000000001,True
2017-08-29 21:00:00+00:00,07460,3,9,2,hybride,24.02500000000002,31.600000000000023,20.400000000000038,25.80000000000001,18.30000000000001,True
2017-08-30 00:00:00+00:00,07460,3,9,3,hybride,21.47500000000003,31.600000000000023,20.400000000000038,21.900000000000038,17.600000000000023,True
2017-09-01 00:00:00+00:00,07460,1,3,1,lineaire,11.750000000000028,14.600000000000025,8.900000000000034,17.600000000000023,11.800000000000011,True
2017-11-14 03:00:00+00:00,07460,2,6,1,hybride,3.6750000000000114,4.5,4.5,5.2000000000000455,0.5,True
2017-11-14 06:00:00+00:00,07460,2,6,2,hybride,3.5500000000000114,4.5,4.5,4.400000000000034,0.8000000000000114,True
2017-11-29 03:00:00+00:00,07460,1,3,1,lineaire,2.900000000000034,3.6000000000000227,2.200000000000045,0.0,1.3000000000000114,True
2017-12-21 06:00:00+00:00,07460,1,3,1,lineaire,5.500000000000028,5.100000000000023,5.900000000000034,3.6000000000000227,6.2000000000000455,True
2018-07-13 00:00:00+00:00,07460,3,9,1,hybride,18.862500000000026,20.100000000000023,24.200000000000045,15.300000000000011,17.900000000000034,True
2018-07-13 03:00:00+00:00,07460,3,9,2,hybride,17.70000000000003,20.100000000000023,24.200000000000045,10.700000000000044,15.800000000000011,True
2018-07-13 06:00:00+00:00,07460,3,9,3,hybride,19.88750000000003,20.100000000000023,24.200000000000045,14.5,18.700000000000045,True
2018-10-28 09:00:00+00:00,07460,2,6,1,hybride,4.591666666666688,3.5,5.100000000000023,6.2000000000000455,4.100000000000023,True
2018-10-28 12:00:00+00:00,07460,2,6,2,hybride,4.833333333333352,3.5,5.100000000000023,6.600000000000023,3.6000000000000227,True
2019-07-02 03:00:00+00:00,07460,2,6,1,hybride,19.46204510549027,18.200000000000045,22.62227063294144,20.100000000000023,18.400000000000038,True
2019-07-02 06:00:00+00:00,07460,2,6,2,hybride,20.899090210980503,18.200000000000045,22.62227063294144,22.200000000000045,19.100000000000023,True
2020-04-27 12:00:00+00:00,07460,1,3,1,lineaire,17.650000000000034,18.900000000000038,16.400000000000034,19.600000000000023,17.80000000000001,True
2020-12-05 03:00:00+00:00,07460,1,3,1,lineaire,-0.2999999999999545,0.2000000000000454,-0.7999999999999545,5.7000000000000455,-1.7999999999999543,True
2021-12-05 00:00:00+00:00,07460,1,3,1,lineaire,5.55000000000004,6.2000000000000455,4.900000000000034,11.900000000000034,,True
2021-12-06 00:00:00+00:00,07460,1,3,1,lineaire,4.350000000000023,4.2000000000000455,4.5,,5.396829136157823,True
2023-02-01 12:00:00+00:00,07460,2,6,1,hybride,6.791666666666671,5.0,6.300000000000011,8.0,8.300000000000011,True
2023-02-01 15:00:00+00:00,07460,2,6,2,hybride,6.9833333333333485,5.0,6.300000000000011,8.300000000000011,7.900000000000034,True
2023-02-05 21:00:00+00:00,07460,3,9,1,hybride,5.700000000000024,6.400000000000034,4.0,8.100000000000023,3.1000000000000227,True
2023-02-06 00:00:00+00:00,07460,3,9,2,hybride,5.27500000000002,6.400000000000034,4.0,7.800000000000011,2.900000000000034,True
2023-02-06 03:00:00+00:00,07460,3,9,3,hybride,4.275000000000013,6.400000000000034,4.0,7.5,0.4000000000000341,True
2023-07-24 09:00:00+00:00,07460,8,24,1,journaliere,21.200000000000017,19.600000000000023,18.600000000000023,23.80000000000001,18.600000000000023,True
2023-07-24 12:00:00+00:00,07460,8,24,2,journaliere,25.50000000000003,19.600000000000023,18.600000000000023,30.400000000000038,20.600000000000023,True
2023-07-24 15:00:00+00:00,07460,8,24,3,journaliere,26.80000000000001,19.600000000000023,18.600000000000023,31.5,22.100000000000023,True
2023-07-24 18:00:00+00:00,07460,8,24,4,journaliere,23.350000000000023,19.600000000000023,18.600000000000023,30.400000000000038,16.30000000000001,True
2023-07-24 21:00:00+00:00,07460,8,24,5,journaliere,20.650000000000034,19.600000000000023,18.600000000000023,26.100000000000023,15.200000000000044,True
2023-07-25 00:00:00+00:00,07460,8,24,6,journaliere,18.05000000000004,19.600000000000023,18.600000000000023,21.700000000000045,14.400000000000034,True
2023-07-25 03:00:00+00:00,07460,8,24,7,journaliere,17.350000000000023,19.600000000000023,18.600000000000023,19.30000000000001,15.400000000000034,True
2023-07-25 06:00:00+00:00,07460,8,24,8,journaliere,17.50000000000003,19.600000000000023,18.600000000000023,19.600000000000023,15.400000000000034,True
2024-02-05 09:00:00+00:00,07460,1,3,1,lineaire,2.7500000000000284,1.1000000000000227,4.400000000000034,2.900000000000034,4.5,True
2025-02-20 12:00:00+00:00,07460,1,3,1,lineaire,14.550000000000011,10.0,19.100000000000023,16.100000000000023,15.600000000000025,True
2025-04-14 09:00:00+00:00,07460,1,3,1,lineaire,14.450000000000017,8.900000000000034,20.0,12.800000000000011,14.200000000000044,True
2015-12-07 09:00:00+00:00,07471,1,3,1,lineaire,7.450000000000017,5.5,9.400000000000034,5.800000000000011,8.600000000000023,True
2017-08-29 18:00:00+00:00,07471,3,9,1,hybride,24.22500000000003,29.400000000000038,16.0,26.600000000000023,18.200000000000045,True
2017-08-29 21:00:00+00:00,07471,3,9,2,hybride,20.325000000000017,29.400000000000038,16.0,19.0,16.900000000000034,True
2017-08-30 00:00:00+00:00,07471,3,9,3,hybride,17.350000000000016,29.400000000000038,16.0,16.80000000000001,13.900000000000034,True
2017-09-01 00:00:00+00:00,07471,1,3,1,lineaire,9.0,10.5,7.5,13.900000000000034,9.800000000000011,True
2017-11-14 03:00:00+00:00,07471,2,6,1,hybride,-0.2249999999999801,1.0,1.900000000000034,0.9000000000000341,-4.399999999999977,True
2017-11-14 06:00:00+00:00,07471,2,6,2,hybride,1.4210854715202004e-14,1.0,1.900000000000034,0.8000000000000114,-4.0,True
2017-11-29 03:00:00+00:00,07471,1,3,1,lineaire,0.6000000000000227,1.0,0.2000000000000454,-4.599999999999966,-1.599999999999966,True
2017-12-21 06:00:00+00:00,07471,1,3,1,lineaire,2.6000000000000227,2.300000000000012,2.900000000000034,1.2000000000000457,4.0,True
2018-07-13 00:00:00+00:00,07471,3,9,1,hybride,15.02500000000002,16.5,21.700000000000045,9.300000000000011,15.200000000000044,True
2018-07-13 03:00:00+00:00,07471,3,9,2,hybride,14.925000000000026,16.5,21.700000000000045,7.900000000000034,13.600000000000025,True
2018-07-13 06:00:00+00:00,07471,3,9,3,hybride,17.45000000000003,16.5,21.700000000000045,12.600000000000025,16.400000000000034,True
2018-10-28 09:00:00+00:00,07471,2,6,1,hybride,1.6833333333333418,0.5,1.0,4.5,0.9000000000000341,True
2018-10-28 12:00:00+00:00,07471,2,6,2,hybride,1.6416666666666893,0.5,1.0,3.7000000000000455,1.2000000000000457,True
2019-07-02 03:00:00+00:00,07471,2,6,1,hybride,15.78333333333336,15.100000000000025,19.80000000000001,15.200000000000044,14.600000000000025,True
2019-07-02 06:00:00+00:00,07471,2,6,2,hybride,18.666666666666686,15.100000000000025,19.80000000000001,21.600000000000023,16.600000000000023,True
2020-04-27 12:00:00+00:00,07471,1,3,1,lineaire,15.350000000000023,15.300000000000011,15.400000000000034,17.100000000000023,13.600000000000025,True
2020-12-05 03:00:00+00:00,07471,1,3,1,lineaire,-3.702089135525593,-2.0041782710512086,-5.399999999999977,3.157694662549369,-4.0,True
2021-12-05 00:00:00+00:00,07471,1,3,1,lineaire,0.30000000000001137,1.6000000000000227,-1.0,4.7000000000000455,,True
2021-12-06 00:00:00+00:00,07471,1,3,1,lineaire,0.40000000000003405,0.1000000000000227,0.7000000000000455,,3.300000000000012,True
2023-02-01 12:00:00+00:00,07471,2,6,1,hybride,2.441666666666696,1.2000000000000457,1.900000000000034,3.0,3.900000000000034,True
2023-02-01 15:00:00+00:00,07471,2,6,2,hybride,2.708333333333367,1.2000000000000457,1.900000000000034,3.6000000000000227,3.900000000000034,True
2023-02-05 21:00:00+00:00,07471,3,9,1,hybride,2.5500000000000185,2.800000000000012,1.2000000000000457,5.100000000000023,0.3000000000000113,True
2023-02-06 00:00:00+00:00,07471,3,9,2,hybride,1.7500000000000286,2.800000000000012,1.2000000000000457,5.2000000000000455,-2.1999999999999886,True
2023-02-06 03:00:00+00:00,07471,3,9,3,hybride,1.5750000000000242,2.800000000000012,1.2000000000000457,4.600000000000023,-1.5,True
2023-07-24 09:00:00+00:00,07471,8,24,1,journaliere,20.400000000000006,17.400000000000034,16.5,24.30000000000001,16.5,True
2023-07-24 12:00:00+00:00,07471,8,24,2,journaliere,23.400000000000006,17.400000000000034,16.5,29.80000000000001,17.0,True
2023-07-24 15:00:00+00:00,07471,8,24,3,journaliere,23.80000000000001,17.400000000000034,16.5,29.0,18.600000000000023,True
2023-07-24 18:00:00+00:00,07471,8,24,4,journaliere,20.75000000000003,17.400000000000034,16.5,26.100000000000023,15.400000000000034,True
2023-07-24 21:00:00+00:00,07471,8,24,5,journaliere,16.05000000000001,17.400000000000034,16.5,20.80000000000001,11.300000000000011,True
2023-07-25 00:00:00+00:00,07471,8,24,6,journaliere,14.550000000000011,17.400000000000034,16.5,18.80000000000001,10.300000000000011,True
2023-07-25 03:00:00+00:00,07471,8,24,7,journaliere,14.200000000000017,17.400000000000034,16.5,17.30000000000001,11.100000000000025,True
2023-07-25 06:00:00+00:00,07471,8,24,8,journaliere,14.55000000000004,17.400000000000034,16.5,17.400000000000034,11.700000000000044,True
2024-02-05 09:00:00+00:00,07471,1,3,1,lineaire,4.800000000000011,-2.8999999999999773,12.5,2.200000000000045,1.6000000000000227,True
2025-02-20 12:00:00+00:00,07471,1,3,1,lineaire,10.950000000000045,7.2000000000000455,14.700000000000044,12.400000000000034,8.800000000000011,True
2025-04-14 09:00:00+00:00,07471,1,3,1,lineaire,11.300000000000011,7.600000000000023,15.0,13.0,12.300000000000011,True
2025-06-03 03:00:00+00:00,07471,1,3,1,lineaire,11.550000000000011,10.800000000000011,12.300000000000011,12.400000000000034,14.200000000000044,True
2015-12-07 09:00:00+00:00,07481,1,3,1,lineaire,11.550000000000011,7.800000000000011,15.300000000000011,12.200000000000044,8.700000000000045,True
2017-08-29 18:00:00+00:00,07481,3,9,1,hybride,29.300000000000026,34.400000000000034,22.80000000000001,31.200000000000045,23.0,True
2017-08-29 21:00:00+00:00,07481,3,9,2,hybride,25.90000000000002,34.400000000000034,22.80000000000001,25.900000000000038,20.5,True
2017-08-30 00:00:00+00:00,07481,3,9,3,hybride,23.55000000000001,34.400000000000034,22.80000000000001,22.80000000000001,20.0,True
2017-09-01 00:00:00+00:00,07481,1,3,1,lineaire,13.900000000000034,15.100000000000025,12.700000000000044,20.0,14.5,True
2017-11-14 03:00:00+00:00,07481,2,6,1,hybride,4.058333333333351,4.5,4.100000000000023,4.900000000000034,2.6000000000000227,True
2017-11-14 06:00:00+00:00,07481,2,6,2,hybride,3.7416666666666885,4.5,4.100000000000023,4.600000000000023,1.900000000000034,True
2017-11-29 03:00:00+00:00,07481,1,3,1,lineaire,4.05000000000004,4.7000000000000455,3.400000000000034,-0.2999999999999545,0.6000000000000227,True
2017-12-21 06:00:00+00:00,07481,1,3,1,lineaire,4.30000000000004,4.400000000000034,4.2000000000000455,3.0,5.400000000000034,True
2018-07-13 00:00:00+00:00,07481,3,9,1,hybride,20.27500000000002,21.100000000000023,24.100000000000023,16.100000000000023,21.30000000000001,True
2018-07-13 03:00:00+00:00,07481,3,9,2,hybride,19.900000000000034,21.100000000000023,24.100000000000023,14.200000000000044,20.200000000000045,True
2018-07-13 06:00:00+00:00,07481,3,9,3,hybride,20.875000000000014,21.100000000000023,24.100000000000023,15.300000000000011,21.5,True
2018-10-28 09:00:00+00:00,07481,2,6,1,hybride,5.950000000000036,4.900000000000034,8.200000000000045,7.2000000000000455,4.600000000000023,True
2018-10-28 12:00:00+00:00,07481,2,6,2,hybride,6.600000000000032,4.900000000000034,8.200000000000045,7.400000000000034,4.800000000000011,True
2019-07-02 03:00:00+00:00,07481,2,6,1,hybride,22.183333333333366,21.200000000000045,22.900000000000038,24.700000000000045,20.5,True
2019-07-02 06:00:00+00:00,07481,2,6,2,hybride,22.466666666666697,21.200000000000045,22.900000000000038,25.30000000000001,19.900000000000038,True
2020-04-27 12:00:00+00:00,07481,1,3,1,lineaire,19.850000000000023,18.400000000000038,21.30000000000001,18.200000000000045,15.900000000000034,True
2020-12-05 03:00:00+00:00,07481,1,3,1,lineaire,3.05000000000004,3.400000000000034,2.700000000000045,8.900000000000034,-0.0999999999999659,True
2021-12-05 00:00:00+00:00,07481,1,3,1,lineaire,4.950000000000017,6.0,3.900000000000034,2.200000000000045,,True
2021-12-06 00:00:00+00:00,07481,1,3,1,lineaire,2.950000000000017,3.0,2.900000000000034,,2.800000000000012,True
2023-02-01 12:00:00+00:00,07481,2,6,1,hybride,6.725000000000017,5.300000000000011,6.5,6.7000000000000455,8.800000000000011,True
2023-02-01 15:00:00+00:00,07481,2,6,2,hybride,7.275000000000011,5.300000000000011,6.5,7.800000000000011,9.100000000000025,True
2023-02-05 21:00:00+00:00,07481,3,9,1,hybride,5.100000000000023,6.100000000000023,2.1000000000000227,7.800000000000011,2.400000000000034,True
2023-02-06 00:00:00+00:00,07481,3,9,2,hybride,3.9500000000000313,6.100000000000023,2.1000000000000227,6.900000000000034,0.7000000000000455,True
2023-02-06 03:00:00+00:00,07481,3,9,3,hybride,2.9750000000000227,6.100000000000023,2.1000000000000227,5.100000000000023,0.6000000000000227,True
2023-07-24 09:00:00+00:00,07481,8,24,1,journaliere,23.55000000000004,21.80000000000001,20.900000000000038,26.200000000000045,20.900000000000038,True
2023-07-24 12:00:00+00:00,07481,8,24,2,journaliere,27.100000000000023,21.80000000000001,20.900000000000038,31.900000000000038,22.30000000000001,True
2023-07-24 15:00:00+00:00,07481,8,24,3,journaliere,26.55000000000001,21.80000000000001,20.900000000000038,33.5,19.600000000000023,True
2023-07-24 18:00:00+00:00,07481,8,24,4,journaliere,24.50000000000003,21.80000000000001,20.900000000000038,31.30000000000001,17.700000000000045,True
2023-07-24 21:00:00+00:00,07481,8,24,5,journaliere,22.400000000000006,21.80000000000001,20.900000000000038,28.0,16.80000000000001,True
2023-07-25 00:00:00+00:00,07481,8,24,6,journaliere,20.850000000000023,21.80000000000001,20.900000000000038,26.200000000000045,15.5,True
2023-07-25 03:00:00+00:00,07481,8,24,7,journaliere,17.30000000000001,21.80000000000001,20.900000000000038,21.0,13.600000000000025,True
2023-07-25 06:00:00+00:00,07481,8,24,8,journaliere,18.200000000000017,21.80000000000001,20.900000000000038,21.80000000000001,14.600000000000025,True
2024-02-05 09:00:00+00:00,07481,1,3,1,lineaire,4.400000000000006,4.0,4.800000000000011,4.5,3.5,True
2025-02-20 12:00:00+00:00,07481,1,3,1,lineaire,14.000000000000028,10.900000000000034,17.100000000000023,13.300000000000011,14.100000000000025,True
2025-04-14 09:00:00+00:00,07481,1,3,1,lineaire,14.850000000000023,11.900000000000034,17.80000000000001,14.300000000000011,13.100000000000025,True
2015-12-07 09:00:00+00:00,07577,1,3,1,lineaire,10.650000000000034,9.100000000000025,12.200000000000044,10.900000000000034,9.200000000000044,True
2017-08-29 18:00:00+00:00,07577,3,9,1,hybride,30.537500000000023,33.60000000000002,22.100000000000023,31.80000000000001,28.900000000000038,True
2017-08-29 21:00:00+00:00,07577,3,9,2,hybride,27.075000000000017,33.60000000000002,22.100000000000023,26.80000000000001,25.80000000000001,True
2017-08-30 00:00:00+00:00,07577,3,9,3,hybride,23.96250000000002,33.60000000000002,22.100000000000023,21.400000000000038,24.5,True
2017-09-01 00:00:00+00:00,07577,1,3,1,lineaire,16.350000000000023,17.100000000000023,15.600000000000025,24.5,16.0,True
2017-11-14 03:00:00+00:00,07577,2,6,1,hybride,7.18333333333336,7.900000000000034,7.2000000000000455,8.100000000000023,5.300000000000011,True
2017-11-14 06:00:00+00:00,07577,2,6,2,hybride,6.966666666666702,7.900000000000034,7.2000000000000455,8.400000000000034,4.600000000000023,True
2017-11-29 03:00:00+00:00,07577,1,3,1,lineaire,4.300000000000011,5.5,3.1000000000000227,-1.599999999999966,3.1000000000000227,True
2017-12-21 06:00:00+00:00,07577,1,3,1,lineaire,5.950000000000017,5.400000000000034,6.5,5.400000000000034,7.700000000000045,True
2018-07-13 00:00:00+00:00,07577,3,9,1,hybride,21.537500000000023,21.900000000000038,25.80000000000001,20.30000000000001,20.100000000000023,True
2018-07-13 03:00:00+00:00,07577,3,9,2,hybride,21.450000000000017,21.900000000000038,25.80000000000001,18.100000000000023,20.0,True
2018-07-13 06:00:00+00:00,07577,3,9,3,hybride,22.21250000000002,21.900000000000038,25.80000000000001,18.700000000000045,20.5,True
2018-10-28 09:00:00+00:00,07577,2,6,1,hybride,8.141666666666685,7.300000000000011,8.0,10.800000000000011,6.7000000000000455,True
2018-10-28 12:00:00+00:00,07577,2,6,2,hybride,8.383333333333349,7.300000000000011,8.0,11.900000000000034,6.100000000000023,True
2019-07-02 03:00:00+00:00,07577,2,6,1,hybride,23.15000000000002,23.80000000000001,26.80000000000001,20.200000000000045,22.80000000000001,True
2019-07-02 06:00:00+00:00,07577,2,6,2,hybride,24.52500000000002,23.80000000000001,26.80000000000001,22.80000000000001,23.700000000000045,True
2020-04-27 12:00:00+00:00,07577,1,3,1,lineaire,18.00000000000003,16.30000000000001,19.700000000000045,19.600000000000023,17.5,True
2020-12-05 03:00:00+00:00,07577,1,3,1,lineaire,3.6000000000000227,5.100000000000023,2.1000000000000227,8.5,2.300000000000012,True
2021-12-05 00:00:00+00:00,07577,1,3,1,lineaire,2.1500000000000057,4.800000000000011,-0.5,2.900000000000034,,True
2021-12-06 00:00:00+00:00,07577,1,3,1,lineaire,3.0000000000000284,2.200000000000045,3.8000000000000114,,3.900000000000034,True
2023-02-01 12:00:00+00:00,07577,2,6,1,hybride,8.958333333333353,7.600000000000023,9.0,8.900000000000034,10.800000000000011,True
2023-02-01 15:00:00+00:00,07577,2,6,2,hybride,9.641666666666683,7.600000000000023,9.0,10.100000000000025,11.400000000000034,True
2023-02-05 21:00:00+00:00,07577,3,9,1,hybride,8.150000000000013,8.300000000000011,6.7000000000000455,9.800000000000011,7.0,True
2023-02-06 00:00:00+00:00,07577,3,9,2,hybride,8.000000000000014,8.300000000000011,6.7000000000000455,11.0,6.0,True
2023-02-06 03:00:00+00:00,07577,3,9,3,hybride,6.775000000000027,8.300000000000011,6.7000000000000455,9.300000000000011,3.6000000000000227,True
2023-07-24 09:00:00+00:00,07577,8,24,1,journaliere,25.25000000000003,22.0,24.30000000000001,26.200000000000045,24.30000000000001,True
2023-07-24 12:00:00+00:00,07577,8,24,2,journaliere,28.75,22.0,24.30000000000001,32.5,25.0,True
2023-07-24 15:00:00+00:00,07577,8,24,3,journaliere,29.700000000000017,22.0,24.30000000000001,33.0,26.400000000000038,True
2023-07-24 18:00:00+00:00,07577,8,24,4,journaliere,27.200000000000017,22.0,24.30000000000001,30.400000000000038,24.0,True
2023-07-24 21:00:00+00:00,07577,8,24,5,journaliere,22.200000000000017,22.0,24.30000000000001,25.80000000000001,18.600000000000023,True
2023-07-25 00:00:00+00:00,07577,8,24,6,journaliere,20.100000000000023,22.0,24.30000000000001,23.600000000000023,16.600000000000023,True
2023-07-25 03:00:00+00:00,07577,8,24,7,journaliere,18.600000000000023,22.0,24.30000000000001,21.600000000000023,15.600000000000025,True
2023-07-25 06:00:00+00:00,07577,8,24,8,journaliere,20.0,22.0,24.30000000000001,22.0,18.0,True
2024-02-05 09:00:00+00:00,07577,1,3,1,lineaire,6.450000000000017,4.800000000000011,8.100000000000023,6.400000000000034,4.7000000000000455,True
2025-02-20 12:00:00+00:00,07577,1,3,1,lineaire,12.5,10.5,14.5,11.5,12.5,True
2025-04-14 09:00:00+00:00,07577,1,3,1,lineaire,15.700000000000019,13.0,18.400000000000038,13.800000000000011,14.600000000000025,True
2015-12-07 09:00:00+00:00,07280,1,3,1,lineaire,9.750000000000028,7.100000000000023,12.400000000000034,1.5,2.700000000000045,True
2016-11-08 09:00:00+00:00,07280,1,3,1,lineaire,4.000000000000028,2.700000000000045,5.300000000000011,4.300000000000011,2.5,True
2017-08-29 18:00:00+00:00,07280,3,9,1,hybride,27.825000000000024,34.5,18.900000000000038,29.400000000000038,20.700000000000045,True
2017-08-29 21:00:00+00:00,07280,3,9,2,hybride,24.350000000000023,34.5,18.900000000000038,25.600000000000023,18.400000000000038,True
2017-08-30 00:00:00+00:00,07280,3,9,3,hybride,21.400000000000027,34.5,18.900000000000038,21.900000000000038,18.100000000000023,True
2017-09-01 00:00:00+00:00,07280,1,3,1,lineaire,10.600000000000023,12.0,9.200000000000044,18.100000000000023,13.900000000000034,True
2017-11-14 03:00:00+00:00,07280,2,6,1,hybride,3.2416666666666885,5.100000000000023,3.400000000000034,4.800000000000011,-0.8999999999999773,True
2017-11-14 06:00:00+00:00,07280,2,6,2,hybride,3.133333333333354,5.100000000000023,3.400000000000034,5.0,-0.3999999999999772,True
2017-11-29 03:00:00+00:00,07280,1,3,1,lineaire,2.1500000000000057,2.5,1.8000000000000114,5.5,2.300000000000012,True
2017-12-21 06:00:00+00:00,07280,1,3,1,lineaire,5.100000000000023,4.600000000000023,5.600000000000023,2.800000000000012,6.400000000000034,True
2018-07-13 00:00:00+00:00,07280,3,9,1,hybride,18.662500000000023,20.600000000000023,24.100000000000023,13.5,18.200000000000045,True
2018-07-13 03:00:00+00:00,07280,3,9,2,hybride,18.225000000000023,20.600000000000023,24.100000000000023,11.900000000000034,16.30000000000001,True
2018-07-13 06:00:00+00:00,07280,3,9,3,hybride,20.46250000000002,20.600000000000023,24.100000000000023,16.30000000000001,19.100000000000023,True
2018-10-28 09:00:00+00:00,07280,2,6,1,hybride,6.066666666666697,6.2000000000000455,7.5,6.7000000000000455,4.300000000000011,True
2018-10-28 12:00:00+00:00,07280,2,6,2,hybride,6.833333333333352,6.2000000000000455,7.5,8.0,5.2000000000000455,True
2019-07-02 03:00:00+00:00,07280,2,6,1,hybride,20.466666666666697,19.700000000000045,24.600000000000023,20.900000000000038,18.30000000000001,True
2019-07-02 06:00:00+00:00,07280,2,6,2,hybride,21.90833333333336,19.700000000000045,24.600000000000023,23.5,18.200000000000045,True
2020-04-27 12:00:00+00:00,07280,1,3,1,lineaire,19.600000000000023,15.700000000000044,23.5,18.0,15.800000000000011,True
2020-12-05 03:00:00+00:00,07280,1,3,1,lineaire,3.2500000000000284,3.400000000000034,3.1000000000000227,6.800000000000011,-0.7999999999999545,True
2021-12-05 00:00:00+00:00,07280,1,3,1,lineaire,3.150000000000034,3.1000000000000227,3.200000000000045,2.6000000000000227,,True
2021-12-06 00:00:00+00:00,07280,1,3,1,lineaire,2.0500000000000114,2.5,1.6000000000000227,,3.400000000000034,True
2023-02-01 12:00:00+00:00,07280,2,6,1,hybride,6.141666666666689,4.400000000000034,6.0,6.400000000000034,8.300000000000011,True
2023-02-01 15:00:00+00:00,07280,2,6,2,hybride,6.3333333333333615,4.400000000000034,6.0,6.7000000000000455,7.700000000000045,True
2023-02-05 21:00:00+00:00,07280,3,9,1,hybride,5.187500000000014,5.100000000000023,3.6000000000000227,8.800000000000011,2.5,True
2023-02-06 00:00:00+00:00,07280,3,9,2,hybride,4.250000000000028,5.100000000000023,3.6000000000000227,8.100000000000023,0.2000000000000454,True
2023-02-06 03:00:00+00:00,07280,3,9,3,hybride,3.9125000000000227,5.100000000000023,3.6000000000000227,6.900000000000034,0.8000000000000114,True
2023-07-24 09:00:00+00:00,07280,8,24,1,journaliere,21.55000000000001,18.200000000000045,20.30000000000001,22.80000000000001,20.30000000000001,True
2023-07-24 12:00:00+00:00,07280,8,24,2,journaliere,23.650000000000038,18.200000000000045,20.30000000000001,25.900000000000038,21.400000000000038,True
2023-07-24 15:00:00+00:00,07280,8,24,3,journaliere,21.950000000000045,18.200000000000045,20.30000000000001,26.700000000000045,17.200000000000045,True
2023-07-24 18:00:00+00:00,07280,8,24,4,journaliere,22.450000000000017,18.200000000000045,20.30000000000001,27.80000000000001,17.100000000000023,True
2023-07-24 21:00:00+00:00,07280,8,24,5,journaliere,18.05000000000001,18.200000000000045,20.30000000000001,22.30000000000001,13.800000000000011,True
2023-07-25 00:00:00+00:00,07280,8,24,6,journaliere,16.250000000000032,18.200000000000045,20.30000000000001,18.900000000000038,13.600000000000025,True
2023-07-25 03:00:00+00:00,07280,8,24,7,journaliere,16.600000000000023,18.200000000000045,20.30000000000001,18.900000000000038,14.300000000000011,True
2023-07-25 06:00:00+00:00,07280,8,24,8,journaliere,16.400000000000034,18.200000000000045,20.30000000000001,18.200000000000045,14.600000000000025,True
2024-02-05 09:00:00+00:00,07280,1,3,1,lineaire,6.324300591404791,6.548601182809558,6.100000000000023,7.797255577550362,5.100000000000023,True
2025-02-20 12:00:00+00:00,07280,1,3,1,lineaire,12.750000000000028,9.200000000000044,16.30000000000001,9.5,13.700000000000044,True
2025-04-14 09:00:00+00:00,07280,1,3,1,lineaire,14.100000000000023,11.100000000000025,17.100000000000023,15.0,12.400000000000034,True
2015-12-07 09:00:00+00:00,07110,1,3,1,lineaire,12.800000000000011,11.800000000000011,13.800000000000011,12.900000000000034,11.700000000000044,True
2016-10-06 09:00:00+00:00,07110,1,3,1,lineaire,11.050000000000011,6.5,15.600000000000025,14.300000000000011,9.5,True
2017-08-29 18:00:00+00:00,07110,3,9,1,hybride,16.750000000000014,16.5,12.700000000000044,20.900000000000038,15.0,True
2017-08-29 21:00:00+00:00,07110,3,9,2,hybride,13.77500000000002,16.5,12.700000000000044,17.100000000000023,8.800000000000011,True
2017-08-30 00:00:00+00:00,07110,3,9,3,hybride,13.500000000000028,16.5,12.700000000000044,15.5,11.200000000000044,True
2017-09-01 00:00:00+00:00,07110,1,3,1,lineaire,12.100000000000023,13.200000000000044,11.0,11.200000000000044,11.5,True
2017-11-14 03:00:00+00:00,07110,2,6,1,hybride,5.7416666666666885,3.5,5.7000000000000455,6.7000000000000455,7.800000000000011,True
2017-11-14 06:00:00+00:00,07110,2,6,2,hybride,5.858333333333363,3.5,5.7000000000000455,5.600000000000023,7.900000000000034,True
2017-11-29 03:00:00+00:00,07110,1,3,1,lineaire,4.300000000000011,5.0,3.6000000000000227,8.100000000000023,3.8000000000000114,True
2017-12-21 06:00:00+00:00,07110,1,3,1,lineaire,9.55000000000004,9.200000000000044,9.900000000000034,6.5,9.900000000000034,True
2018-07-13 00:00:00+00:00,07110,3,9,1,hybride,15.575000000000024,16.600000000000023,21.400000000000038,12.5,14.200000000000044,True
2018-07-13 03:00:00+00:00,07110,3,9,2,hybride,15.850000000000023,16.600000000000023,21.400000000000038,11.800000000000011,13.600000000000025,True
2018-07-13 06:00:00+00:00,07110,3,9,3,hybride,17.32500000000004,16.600000000000023,21.400000000000038,12.700000000000044,16.200000000000045,True
2018-10-28 09:00:00+00:00,07110,2,6,1,hybride,6.350000000000023,6.400000000000034,7.900000000000034,5.800000000000011,5.800000000000011,True
2018-10-28 12:00:00+00:00,07110,2,6,2,hybride,8.125000000000028,6.400000000000034,7.900000000000034,9.900000000000034,7.800000000000011,True
2019-07-02 03:00:00+00:00,07110,2,6,1,hybride,13.300000000000011,12.900000000000034,18.0,12.0,12.0,True
2019-07-02 06:00:00+00:00,07110,2,6,2,hybride,14.90000000000002,12.900000000000034,18.0,13.800000000000011,13.200000000000044,True
2020-04-27 12:00:00+00:00,07110,1,3,1,lineaire,13.250000000000028,11.700000000000044,14.800000000000011,16.700000000000045,13.5,True
2020-05-18 21:00:00+00:00,07110,1,3,1,lineaire,12.600000000000025,18.400000000000038,6.800000000000011,9.700000000000044,11.300000000000011,True
2020-12-05 03:00:00+00:00,07110,1,3,1,lineaire,5.9500000000000455,4.2000000000000455,7.700000000000045,3.900000000000034,6.0,True
2021-12-05 00:00:00+00:00,07110,1,3,1,lineaire,6.400000000000034,7.700000000000045,5.100000000000023,12.200000000000044,,True
2021-12-06 00:00:00+00:00,07110,1,3,1,lineaire,5.500000000000028,6.900000000000034,4.100000000000023,,6.2000000000000455,True
2023-02-01 12:00:00+00:00,07110,2,6,1,hybride,8.983333333333343,7.5,8.300000000000011,10.800000000000011,9.600000000000025,True
2023-02-01 15:00:00+00:00,07110,2,6,2,hybride,9.091666666666686,7.5,8.300000000000011,11.200000000000044,9.100000000000025,True
2023-02-05 21:00:00+00:00,07110,3,9,1,hybride,5.137500000000024,6.900000000000034,2.0,6.7000000000000455,2.5,True
2023-02-06 00:00:00+00:00,07110,3,9,2,hybride,4.15000000000002,6.900000000000034,2.0,6.2000000000000455,1.5,True
2023-02-06 03:00:00+00:00,07110,3,9,3,hybride,3.312500000000007,6.900000000000034,2.0,6.5,0.3000000000000113,True
2023-07-24 09:00:00+00:00,07110,8,24,1,journaliere,17.05000000000001,16.100000000000023,17.0,17.100000000000023,17.0,True
2023-07-24 12:00:00+00:00,07110,8,24,2,journaliere,18.150000000000034,16.100000000000023,17.0,17.900000000000034,18.400000000000038,True
2023-07-24 15:00:00+00:00,07110,8,24,3,journaliere,19.05000000000001,16.100000000000023,17.0,19.0,19.100000000000023,True
2023-07-24 18:00:00+00:00,07110,8,24,4,journaliere,18.00000000000003,16.100000000000023,17.0,17.700000000000045,18.30000000000001,True
2023-07-24 21:00:00+00:00,07110,8,24,5,journaliere,15.700000000000017,16.100000000000023,17.0,15.600000000000025,15.800000000000011,True
2023-07-25 00:00:00+00:00,07110,8,24,6,journaliere,15.300000000000011,16.100000000000023,17.0,15.600000000000025,15.0,True
2023-07-25 03:00:00+00:00,07110,8,24,7,journaliere,15.000000000000028,16.100000000000023,17.0,15.400000000000034,14.600000000000025,True
2023-07-25 06:00:00+00:00,07110,8,24,8,journaliere,15.850000000000023,16.100000000000023,17.0,16.100000000000023,15.600000000000025,True
2024-02-05 09:00:00+00:00,07110,1,3,1,lineaire,9.400000000000006,9.0,9.800000000000011,9.700000000000044,11.700000000000044,True
2025-02-20 12:00:00+00:00,07110,1,3,1,lineaire,12.450000000000017,12.300000000000011,12.600000000000025,12.600000000000025,13.900000000000034,True
2025-04-14 09:00:00+00:00,07110,1,3,1,lineaire,9.850000000000023,8.100000000000023,11.600000000000025,11.900000000000034,8.700000000000045,True
2015-12-07 09:00:00+00:00,07117,1,3,1,lineaire,14.200000000000017,12.900000000000034,15.5,13.5,12.100000000000025,True
2016-10-06 09:00:00+00:00,07117,1,3,1,lineaire,12.700000000000044,11.200000000000044,14.200000000000044,14.900000000000034,11.0,True
2017-08-29 18:00:00+00:00,07117,3,9,1,hybride,17.18750000000003,17.600000000000023,14.700000000000044,19.700000000000045,15.300000000000011,True
2017-08-29 21:00:00+00:00,07117,3,9,2,hybride,16.100000000000037,17.600000000000023,14.700000000000044,18.700000000000045,13.400000000000034,True
2017-08-30 00:00:00+00:00,07117,3,9,3,hybride,15.23750000000004,17.600000000000023,14.700000000000044,17.200000000000045,12.900000000000034,True
2017-09-01 00:00:00+00:00,07117,1,3,1,lineaire,14.550000000000011,14.5,14.600000000000025,12.900000000000034,15.200000000000044,True
2017-11-14 03:00:00+00:00,07117,2,6,1,hybride,8.225000000000028,6.900000000000034,8.700000000000045,9.400000000000034,8.5,True
2017-11-14 06:00:00+00:00,07117,2,6,2,hybride,8.450000000000028,6.900000000000034,8.700000000000045,8.600000000000023,9.0,True
2017-11-29 03:00:00+00:00,07117,1,3,1,lineaire,7.450000000000017,7.300000000000011,7.600000000000023,8.400000000000034,7.5,True
2017-12-21 06:00:00+00:00,07117,1,3,1,lineaire,10.200000000000017,10.400000000000034,10.0,8.600000000000023,9.700000000000044,True
2018-07-13 00:00:00+00:00,07117,3,9,1,hybride,15.850000000000016,15.400000000000034,19.0,15.300000000000011,15.5,True
2018-07-13 03:00:00+00:00,07117,3,9,2,hybride,16.10000000000001,15.400000000000034,19.0,15.0,15.0,True
2018-07-13 06:00:00+00:00,07117,3,9,3,hybride,17.225000000000016,15.400000000000034,19.0,16.30000000000001,16.400000000000034,True
2018-10-28 09:00:00+00:00,07117,2,6,1,hybride,9.400000000000023,9.5,10.700000000000044,7.900000000000034,9.900000000000034,True
2018-10-28 12:00:00+00:00,07117,2,6,2,hybride,8.650000000000029,9.5,10.700000000000044,6.7000000000000455,7.300000000000011,True
2019-07-02 03:00:00+00:00,07117,2,6,1,hybride,14.733333333333363,13.700000000000044,17.5,14.400000000000034,14.600000000000025,True
2019-07-02 06:00:00+00:00,07117,2,6,2,hybride,15.816666666666677,13.700000000000044,17.5,15.0,15.800000000000011,True
2020-04-27 12:00:00+00:00,07117,1,3,1,lineaire,12.500000000000028,11.800000000000011,13.200000000000044,14.200000000000044,14.0,True
2020-05-18 21:00:00+00:00,07117,1,3,1,lineaire,12.350000000000023,15.0,9.700000000000044,9.900000000000034,11.600000000000025,True
2020-12-05 03:00:00+00:00,07117,1,3,1,lineaire,6.500000000000028,4.2000000000000455,8.800000000000011,6.900000000000034,7.600000000000023,True
2021-12-05 00:00:00+00:00,07117,1,3,1,lineaire,8.600000000000023,8.5,8.700000000000045,12.600000000000025,,True
2021-12-06 00:00:00+00:00,07117,1,3,1,lineaire,8.700000000000045,9.200000000000044,8.200000000000045,,9.400000000000034,True
2023-02-01 12:00:00+00:00,07117,2,6,1,hybride,9.808333333333355,9.800000000000011,9.700000000000044,9.5,10.200000000000044,True
2023-02-01 15:00:00+00:00,07117,2,6,2,hybride,10.266666666666703,9.800000000000011,9.700000000000044,10.900000000000034,10.700000000000044,True
2023-02-05 21:00:00+00:00,07117,3,9,1,hybride,7.112500000000033,7.900000000000034,5.600000000000023,7.900000000000034,5.900000000000034,True
2023-02-06 00:00:00+00:00,07117,3,9,2,hybride,6.800000000000026,7.900000000000034,5.600000000000023,8.100000000000023,5.600000000000023,True
2023-02-06 03:00:00+00:00,07117,3,9,3,hybride,6.562500000000021,7.900000000000034,5.600000000000023,8.0,5.900000000000034,True
2023-07-24 09:00:00+00:00,07117,8,24,1,journaliere,17.00000000000003,15.600000000000025,17.30000000000001,16.700000000000045,17.30000000000001,True
2023-07-24 12:00:00+00:00,07117,8,24,2,journaliere,17.600000000000023,15.600000000000025,17.30000000000001,17.100000000000023,18.100000000000023,True
2023-07-24 15:00:00+00:00,07117,8,24,3,journaliere,18.350000000000023,15.600000000000025,17.30000000000001,17.900000000000034,18.80000000000001,True
2023-07-24 18:00:00+00:00,07117,8,24,4,journaliere,17.05000000000001,15.600000000000025,17.30000000000001,17.30000000000001,16.80000000000001,True
2023-07-24 21:00:00+00:00,07117,8,24,5,journaliere,15.650000000000006,15.600000000000025,17.30000000000001,16.5,14.800000000000011,True
2023-07-25 00:00:00+00:00,07117,8,24,6,journaliere,14.950000000000044,15.600000000000025,17.30000000000001,15.200000000000044,14.700000000000044,True
2023-07-25 03:00:00+00:00,07117,8,24,7,journaliere,15.200000000000017,15.600000000000025,17.30000000000001,15.5,14.900000000000034,True
2023-07-25 06:00:00+00:00,07117,8,24,8,journaliere,15.550000000000011,15.600000000000025,17.30000000000001,15.600000000000025,15.5,True
2024-02-05 09:00:00+00:00,07117,1,3,1,lineaire,9.200000000000017,7.800000000000011,10.600000000000025,10.100000000000025,12.100000000000025,True
2025-02-20 12:00:00+00:00,07117,1,3,1,lineaire,12.964384587685709,12.95516471702468,12.973604458346738,13.300000000000011,14.5,True
2025-04-14 09:00:00+00:00,07117,1,3,1,lineaire,11.200000000000017,8.100000000000023,14.300000000000011,12.800000000000011,11.400000000000034,True
2015-12-07 09:00:00+00:00,07130,1,3,1,lineaire,10.900000000000034,9.100000000000025,12.700000000000044,12.100000000000025,12.800000000000011,True
2016-10-06 09:00:00+00:00,07130,1,3,1,lineaire,11.150000000000034,6.400000000000034,15.900000000000034,13.700000000000044,10.0,True
2017-08-29 18:00:00+00:00,07130,3,9,1,hybride,23.45000000000001,29.0,16.80000000000001,28.400000000000038,13.5,True
2017-08-29 21:00:00+00:00,07130,3,9,2,hybride,19.550000000000026,29.0,16.80000000000001,21.200000000000045,11.200000000000044,True
2017-08-30 00:00:00+00:00,07130,3,9,3,hybride,16.975000000000016,29.0,16.80000000000001,18.700000000000045,9.5,True
2017-09-01 00:00:00+00:00,07130,1,3,1,lineaire,13.25,13.5,13.0,9.5,11.800000000000011,True
2017-11-14 03:00:00+00:00,07130,2,6,1,hybride,2.2916666666666856,3.0,2.800000000000012,1.7000000000000457,1.6000000000000227,True
2017-11-14 06:00:00+00:00,07130,2,6,2,hybride,2.4833333333333485,3.0,2.800000000000012,1.1000000000000227,3.1000000000000227,True
2017-11-29 03:00:00+00:00,07130,1,3,1,lineaire,1.200000000000017,2.1000000000000227,0.3000000000000113,8.300000000000011,1.8000000000000114,True
2017-12-21 06:00:00+00:00,07130,1,3,1,lineaire,8.600000000000023,8.300000000000011,8.900000000000034,0.2000000000000454,7.800000000000011,True
2018-07-13 00:00:00+00:00,07130,3,9,1,hybride,17.67500000000002,18.900000000000038,22.5,15.600000000000025,15.5,True
2018-07-13 03:00:00+00:00,07130,3,9,2,hybride,17.075000000000017,18.900000000000038,22.5,13.5,13.400000000000034,True
2018-07-13 06:00:00+00:00,07130,3,9,3,hybride,18.700000000000024,18.900000000000038,22.5,15.700000000000044,15.900000000000034,True
2018-10-28 09:00:00+00:00,07130,2,6,1,hybride,6.566666666666696,4.7000000000000455,9.0,7.600000000000023,6.400000000000034,True
2018-10-28 12:00:00+00:00,07130,2,6,2,hybride,8.308333333333346,4.7000000000000455,9.0,9.600000000000025,8.5,True
2019-07-02 03:00:00+00:00,07130,2,6,1,hybride,14.066666666666695,11.200000000000044,20.0,14.300000000000011,13.700000000000044,True
2019-07-02 06:00:00+00:00,07130,2,6,2,hybride,16.20833333333335,11.200000000000044,20.0,15.200000000000044,15.5,True
2020-04-27 12:00:00+00:00,07130,1,3,1,lineaire,14.750000000000028,13.600000000000025,15.900000000000034,20.700000000000045,14.300000000000011,True
2020-12-05 03:00:00+00:00,07130,1,3,1,lineaire,2.1500000000000057,0.8000000000000114,3.5,3.1000000000000227,4.5,True
2021-12-05 00:00:00+00:00,07130,1,3,1,lineaire,4.950000000000017,5.5,4.400000000000034,13.300000000000011,,True
2021-12-06 00:00:00+00:00,07130,1,3,1,lineaire,7.4500000000000455,7.700000000000045,7.2000000000000455,,5.7000000000000455,True
2023-02-01 12:00:00+00:00,07130,2,6,1,hybride,9.116666666666688,8.0,8.700000000000045,9.600000000000025,10.400000000000034,True
2023-02-01 15:00:00+00:00,07130,2,6,2,hybride,9.458333333333357,8.0,8.700000000000045,10.600000000000025,10.300000000000011,True
2023-02-05 21:00:00+00:00,07130,3,9,1,hybride,5.92500000000004,7.700000000000045,1.5,7.700000000000045,3.7000000000000455,True
2023-02-06 00:00:00+00:00,07130,3,9,2,hybride,4.300000000000026,7.700000000000045,1.5,7.2000000000000455,0.8000000000000114,True
2023-02-06 03:00:00+00:00,07130,3,9,3,hybride,3.075000000000017,7.700000000000045,1.5,7.0,-0.7999999999999545,True
2023-07-24 09:00:00+00:00,07130,8,24,1,journaliere,17.950000000000045,15.700000000000044,17.200000000000045,18.700000000000045,17.200000000000045,True
2023-07-24 12:00:00+00:00,07130,8,24,2,journaliere,19.25000000000003,15.700000000000044,17.200000000000045,19.400000000000038,19.100000000000023,True
2023-07-24 15:00:00+00:00,07130,8,24,3,journaliere,20.200000000000017,15.700000000000044,17.200000000000045,21.400000000000038,19.0,True
2023-07-24 18:00:00+00:00,07130,8,24,4,journaliere,18.75000000000003,15.700000000000044,17.200000000000045,18.600000000000023,18.900000000000038,True
2023-07-24 21:00:00+00:00,07130,8,24,5,journaliere,17.00000000000003,15.700000000000044,17.200000000000045,18.100000000000023,15.900000000000034,True
2023-07-25 00:00:00+00:00,07130,8,24,6,journaliere,15.350000000000023,15.700000000000044,17.200000000000045,16.5,14.200000000000044,True
2023-07-25 03:00:00+00:00,07130,8,24,7,journaliere,14.100000000000023,15.700000000000044,17.200000000000045,15.300000000000011,12.900000000000034,True
2023-07-25 06:00:00+00:00,07130,8,24,8,journaliere,14.950000000000044,15.700000000000044,17.200000000000045,15.700000000000044,14.200000000000044,True
2024-02-05 09:00:00+00:00,07130,1,3,1,lineaire,9.200000000000017,8.0,10.400000000000034,9.300000000000011,10.700000000000044,True
2025-02-20 12:00:00+00:00,07130,1,3,1,lineaire,12.950000000000044,12.200000000000044,13.700000000000044,10.700000000000044,14.300000000000011,True
2025-04-14 09:00:00+00:00,07130,1,3,1,lineaire,9.900000000000034,5.100000000000023,14.700000000000044,12.700000000000044,13.300000000000011,True
2015-12-07 09:00:00+00:00,07240,1,3,1,lineaire,11.0,7.5,14.5,9.300000000000011,9.400000000000034,True
2016-10-06 09:00:00+00:00,07240,1,3,1,lineaire,9.900000000000034,5.2000000000000455,14.600000000000025,13.200000000000044,10.700000000000044,True
2017-08-29 18:00:00+00:00,07240,3,9,1,hybride,27.46250000000004,35.900000000000034,19.200000000000045,30.200000000000045,16.200000000000045,True
2017-08-29 21:00:00+00:00,07240,3,9,2,hybride,23.800000000000026,35.900000000000034,19.200000000000045,25.5,14.600000000000025,True
2017-08-30 00:00:00+00:00,07240,3,9,3,hybride,20.66250000000003,35.900000000000034,19.200000000000045,22.600000000000023,13.300000000000011,True
2017-09-01 00:00:00+00:00,07240,1,3,1,lineaire,13.950000000000045,16.200000000000045,11.700000000000044,13.300000000000011,11.5,True
2017-11-14 03:00:00+00:00,07240,2,6,1,hybride,2.8916666666667035,2.700000000000045,3.7000000000000455,2.700000000000045,2.800000000000012,True
2017-11-14 06:00:00+00:00,07240,2,6,2,hybride,2.9083333333333643,2.700000000000045,3.7000000000000455,2.900000000000034,2.0,True
2017-11-29 03:00:00+00:00,07240,1,3,1,lineaire,1.200000000000017,2.900000000000034,-0.5,7.100000000000023,0.3000000000000113,True
2017-12-21 06:00:00+00:00,07240,1,3,1,lineaire,7.350000000000023,7.100000000000023,7.600000000000023,2.200000000000045,8.300000000000011,True
2018-07-13 00:00:00+00:00,07240,3,9,1,hybride,19.262500000000017,19.400000000000038,24.30000000000001,15.300000000000011,20.5,True
2018-07-13 03:00:00+00:00,07240,3,9,2,hybride,19.050000000000026,19.400000000000038,24.30000000000001,14.100000000000025,18.400000000000038,True
2018-07-13 06:00:00+00:00,07240,3,9,3,hybride,20.28750000000001,19.400000000000038,24.30000000000001,16.0,19.0,True
2018-10-28 09:00:00+00:00,07240,2,6,1,hybride,5.133333333333363,4.600000000000023,6.900000000000034,6.7000000000000455,3.1000000000000227,True
2018-10-28 12:00:00+00:00,07240,2,6,2,hybride,6.54166666666669,4.600000000000023,6.900000000000034,9.400000000000034,4.5,True
2019-07-02 03:00:00+00:00,07240,2,6,1,hybride,17.96666666666669,16.80000000000001,21.400000000000038,17.400000000000034,17.80000000000001,True
2019-07-02 06:00:00+00:00,07240,2,6,2,hybride,18.458333333333353,16.80000000000001,21.400000000000038,17.5,16.600000000000023,True
2020-04-27 12:00:00+00:00,07240,1,3,1,lineaire,17.400000000000034,19.900000000000038,14.900000000000034,20.600000000000023,16.700000000000045,True
2020-12-05 03:00:00+00:00,07240,1,3,1,lineaire,1.700000000000017,1.5,1.900000000000034,5.0,5.7000000000000455,True
2021-12-05 00:00:00+00:00,07240,1,3,1,lineaire,3.700000000000017,4.100000000000023,3.300000000000012,11.800000000000011,,True
2021-12-06 00:00:00+00:00,07240,1,3,1,lineaire,5.80000000000004,6.2000000000000455,5.400000000000034,,5.7000000000000455,True
2023-02-01 12:00:00+00:00,07240,2,6,1,hybride,7.7583333333333595,7.2000000000000455,8.300000000000011,6.800000000000011,9.100000000000025,True
2023-02-01 15:00:00+00:00,07240,2,6,2,hybride,8.091666666666692,7.2000000000000455,8.300000000000011,7.2000000000000455,9.300000000000011,True
2023-02-05 21:00:00+00:00,07240,3,9,1,hybride,5.600000000000016,6.5,1.900000000000034,8.5,3.200000000000045,True
2023-02-06 00:00:00+00:00,07240,3,9,2,hybride,4.625000000000014,6.5,1.900000000000034,8.0,2.1000000000000227,True
2023-02-06 03:00:00+00:00,07240,3,9,3,hybride,3.525000000000027,6.5,1.900000000000034,7.2000000000000455,0.8000000000000114,True
2023-07-24 09:00:00+00:00,07240,8,24,1,journaliere,19.650000000000006,17.0,17.5,21.80000000000001,17.5,True
2023-07-24 12:00:00+00:00,07240,8,24,2,journaliere,19.650000000000038,17.0,17.5,20.400000000000038,18.900000000000038,True
2023-07-24 15:00:00+00:00,07240,8,24,3,journaliere,20.75000000000003,17.0,17.5,21.600000000000023,19.900000000000038,True
2023-07-24 18:00:00+00:00,07240,8,24,4,journaliere,19.80000000000001,17.0,17.5,21.30000000000001,18.30000000000001,True
2023-07-24 21:00:00+00:00,07240,8,24,5,journaliere,18.55000000000004,17.0,17.5,19.700000000000045,17.400000000000034,True
2023-07-25 00:00:00+00:00,07240,8,24,6,journaliere,17.600000000000023,17.0,17.5,18.900000000000038,16.30000000000001,True
2023-07-25 03:00:00+00:00,07240,8,24,7,journaliere,15.30000000000004,17.0,17.5,17.400000000000034,13.200000000000044,True
2023-07-25 06:00:00+00:00,07240,8,24,8,journaliere,15.400000000000006,17.0,17.5,17.0,13.800000000000011,True
2024-02-05 09:00:00+00:00,07240,1,3,1,lineaire,7.100000000000023,7.2000000000000455,7.0,8.700000000000045,7.700000000000045,True
2025-02-20 12:00:00+00:00,07240,1,3,1,lineaire,13.050000000000011,11.300000000000011,14.800000000000011,11.600000000000025,14.800000000000011,True
2025-04-14 09:00:00+00:00,07240,1,3,1,lineaire,12.250000000000028,7.700000000000045,16.80000000000001,13.400000000000034,13.400000000000034,True
2015-12-07 09:00:00+00:00,07255,1,3,1,lineaire,8.900000000000034,5.400000000000034,12.400000000000034,4.600000000000023,5.100000000000023,True
2017-08-29 18:00:00+00:00,07255,3,9,1,hybride,28.100000000000016,34.5,20.900000000000038,30.600000000000023,19.600000000000023,True
2017-08-29 21:00:00+00:00,07255,3,9,2,hybride,24.500000000000014,34.5,20.900000000000038,26.100000000000023,16.5,True
2017-08-30 00:00:00+00:00,07255,3,9,3,hybride,21.55000000000002,34.5,20.900000000000038,23.5,14.100000000000025,True
2017-09-01 00:00:00+00:00,07255,1,3,1,lineaire,12.750000000000028,15.200000000000044,10.300000000000011,14.100000000000025,10.600000000000025,True
2017-11-14 03:00:00+00:00,07255,2,6,1,hybride,1.5250000000000152,1.8000000000000114,3.0,3.6000000000000227,-1.8999999999999773,True
2017-11-14 06:00:00+00:00,07255,2,6,2,hybride,1.5750000000000215,1.8000000000000114,3.0,3.200000000000045,-2.099999999999966,True
2017-11-29 03:00:00+00:00,07255,1,3,1,lineaire,2.8500000000000227,3.8000000000000114,1.900000000000034,7.400000000000034,2.300000000000012,True
2017-12-21 06:00:00+00:00,07255,1,3,1,lineaire,6.5,6.0,7.0,1.2000000000000457,8.200000000000045,True
2018-07-13 00:00:00+00:00,07255,3,9,1,hybride,19.237500000000026,20.400000000000038,25.30000000000001,15.0,18.700000000000045,True
2018-07-13 03:00:00+00:00,07255,3,9,2,hybride,18.875000000000014,20.400000000000038,25.30000000000001,13.300000000000011,16.5,True
2018-07-13 06:00:00+00:00,07255,3,9,3,hybride,21.18750000000003,20.400000000000038,25.30000000000001,17.200000000000045,19.400000000000038,True
2018-10-28 09:00:00+00:00,07255,2,6,1,hybride,4.791666666666677,4.5,6.100000000000023,4.100000000000023,5.0,True
2018-10-28 12:00:00+00:00,07255,2,6,2,hybride,5.883333333333349,4.5,6.100000000000023,7.5,4.900000000000034,True
2019-07-02 03:00:00+00:00,07255,2,6,1,hybride,20.100000000000016,19.0,22.600000000000023,21.200000000000045,18.80000000000001,True
2019-07-02 06:00:00+00:00,07255,2,6,2,hybride,19.97500000000003,19.0,22.600000000000023,20.400000000000038,16.700000000000045,True
2020-04-27 12:00:00+00:00,07255,1,3,1,lineaire,17.950000000000017,20.0,15.900000000000034,21.200000000000045,16.700000000000045,True
2020-12-05 03:00:00+00:00,07255,1,3,1,lineaire,2.1000000000000227,1.0,3.200000000000045,6.0,3.900000000000034,True
2021-12-05 00:00:00+00:00,07255,1,3,1,lineaire,3.8500000000000227,3.900000000000034,3.8000000000000114,9.900000000000034,,True
2021-12-06 00:00:00+00:00,07255,1,3,1,lineaire,4.900000000000034,4.900000000000034,4.900000000000034,,6.400000000000034,True
2023-02-01 12:00:00+00:00,07255,2,6,1,hybride,6.600000000000037,5.2000000000000455,6.7000000000000455,6.300000000000011,8.700000000000045,True
2023-02-01 15:00:00+00:00,07255,2,6,2,hybride,6.900000000000034,5.2000000000000455,6.7000000000000455,6.2000000000000455,9.0,True
2023-02-05 21:00:00+00:00,07255,3,9,1,hybride,5.375000000000021,6.0,2.400000000000034,8.700000000000045,2.6000000000000227,True
2023-02-06 00:00:00+00:00,07255,3,9,2,hybride,4.725000000000023,6.0,2.400000000000034,8.300000000000011,2.200000000000045,True
2023-02-06 03:00:00+00:00,07255,3,9,3,hybride,4.025000000000027,6.0,2.400000000000034,7.800000000000011,1.7000000000000457,True
2023-07-24 09:00:00+00:00,07255,8,24,1,journaliere,18.75000000000003,18.700000000000045,16.200000000000045,21.30000000000001,16.200000000000045,True
2023-07-24 12:00:00+00:00,07255,8,24,2,journaliere,20.80000000000004,18.700000000000045,16.200000000000045,25.200000000000045,16.400000000000034,True
2023-07-24 15:00:00+00:00,07255,8,24,3,journaliere,23.600000000000023,18.700000000000045,16.200000000000045,27.400000000000038,19.80000000000001,True
2023-07-24 18:00:00+00:00,07255,8,24,4,journaliere,20.850000000000023,18.700000000000045,16.200000000000045,25.700000000000045,16.0,True
2023-07-24 21:00:00+00:00,07255,8,24,5,journaliere,19.100000000000023,18.700000000000045,16.200000000000045,22.700000000000045,15.5,True
2023-07-25 00:00:00+00:00,07255,8,24,6,journaliere,17.350000000000023,18.700000000000045,16.200000000000045,19.900000000000038,14.800000000000011,True
2023-07-25 03:00:00+00:00,07255,8,24,7,journaliere,16.350000000000023,18.700000000000045,16.200000000000045,18.100000000000023,14.600000000000025,True
2023-07-25 06:00:00+00:00,07255,8,24,8,journaliere,16.50000000000003,18.700000000000045,16.200000000000045,18.700000000000045,14.300000000000011,True
2024-02-05 09:00:00+00:00,07255,1,3,1,lineaire,6.650000000000034,6.7000000000000455,6.600000000000023,6.100000000000023,7.0,True
2025-02-20 12:00:00+00:00,07255,1,3,1,lineaire,12.400000000000034,6.900000000000034,17.900000000000034,13.300000000000011,16.100000000000023,True
2025-04-14 09:00:00+00:00,07255,1,3,1,lineaire,11.700000000000017,4.900000000000034,18.5,13.5,14.0,True
2015-12-07 09:00:00+00:00,07761,1,3,1,lineaire,14.300000000000011,11.300000000000011,17.30000000000001,11.5,12.300000000000011,True
2016-05-15 09:00:00+00:00,07761,1,3,1,lineaire,17.200000000000017,15.0,19.400000000000038,18.0,18.80000000000001,True
2017-08-29 18:00:00+00:00,07761,3,9,1,hybride,27.075000000000024,29.900000000000038,18.700000000000045,27.600000000000023,26.5,True
2017-08-29 21:00:00+00:00,07761,3,9,2,hybride,23.800000000000026,29.900000000000038,18.700000000000045,22.100000000000023,24.5,True
2017-08-30 00:00:00+00:00,07761,3,9,3,hybride,21.550000000000033,29.900000000000038,18.700000000000045,20.700000000000045,22.5,True
2017-09-01 00:00:00+00:00,07761,1,3,1,lineaire,23.450000000000017,24.900000000000038,22.0,22.5,17.700000000000045,True
2017-11-14 03:00:00+00:00,07761,2,6,1,hybride,9.3166666666667,4.400000000000034,12.900000000000034,12.700000000000044,10.100000000000025,True
2017-11-14 06:00:00+00:00,07761,2,6,2,hybride,10.033333333333363,4.400000000000034,12.900000000000034,9.300000000000011,10.700000000000044,True
2017-11-29 03:00:00+00:00,07761,1,3,1,lineaire,10.850000000000023,11.0,10.700000000000044,6.2000000000000455,4.600000000000023,True
2017-12-21 06:00:00+00:00,07761,1,3,1,lineaire,2.200000000000017,0.3000000000000113,4.100000000000023,3.400000000000034,2.200000000000045,True
2018-07-13 00:00:00+00:00,07761,3,9,1,hybride,22.012500000000017,23.0,28.100000000000023,17.80000000000001,21.700000000000045,True
2018-07-13 03:00:00+00:00,07761,3,9,2,hybride,21.800000000000026,23.0,28.100000000000023,16.200000000000045,19.900000000000038,True
2018-07-13 06:00:00+00:00,07761,3,9,3,hybride,24.13750000000003,23.0,28.100000000000023,20.200000000000045,22.700000000000045,True
2018-10-28 09:00:00+00:00,07761,2,6,1,hybride,20.025000000000013,18.5,21.200000000000045,22.0,19.30000000000001,True
2018-10-28 12:00:00+00:00,07761,2,6,2,hybride,20.475000000000016,18.5,21.200000000000045,23.0,18.30000000000001,True
2019-07-02 03:00:00+00:00,07761,2,6,1,hybride,22.608333333333363,22.200000000000045,28.400000000000038,21.0,20.900000000000038,True
2019-07-02 06:00:00+00:00,07761,2,6,2,hybride,25.841666666666697,22.200000000000045,28.400000000000038,25.0,25.700000000000045,True
2020-04-27 12:00:00+00:00,07761,1,3,1,lineaire,19.75000000000003,19.200000000000045,20.30000000000001,20.400000000000038,18.0,True
2020-12-05 03:00:00+00:00,07761,1,3,1,lineaire,11.000000000000028,12.100000000000025,9.900000000000034,8.200000000000045,9.0,True
2021-12-05 00:00:00+00:00,07761,1,3,1,lineaire,13.750000000000028,15.200000000000044,12.300000000000011,3.8000000000000114,,True
2021-12-06 00:00:00+00:00,07761,1,3,1,lineaire,5.850000000000023,7.300000000000011,4.400000000000034,,2.400000000000034,True
2023-02-01 12:00:00+00:00,07761,2,6,1,hybride,11.775000000000025,9.300000000000011,9.600000000000025,13.900000000000034,14.400000000000034,True
2023-02-01 15:00:00+00:00,07761,2,6,2,hybride,11.97500000000002,9.300000000000011,9.600000000000025,14.400000000000034,14.5,True
2023-02-05 21:00:00+00:00,07761,3,9,1,hybride,9.237500000000004,13.0,8.900000000000034,7.0,6.0,True
2023-02-06 00:00:00+00:00,07761,3,9,2,hybride,8.450000000000017,13.0,8.900000000000034,5.300000000000011,6.600000000000023,True
2023-02-06 03:00:00+00:00,07761,3,9,3,hybride,7.78750000000003,13.0,8.900000000000034,5.100000000000023,6.2000000000000455,True
2023-07-24 09:00:00+00:00,07761,8,24,1,journaliere,30.150000000000034,30.5,30.600000000000023,29.700000000000045,30.600000000000023,True
2023-07-24 12:00:00+00:00,07761,8,24,2,journaliere,30.150000000000006,30.5,30.600000000000023,31.0,29.30000000000001,True
2023-07-24 15:00:00+00:00,07761,8,24,3,journaliere,30.25000000000003,30.5,30.600000000000023,31.600000000000023,28.900000000000038,True
2023-07-24 18:00:00+00:00,07761,8,24,4,journaliere,27.50000000000003,30.5,30.600000000000023,29.700000000000045,25.30000000000001,True
2023-07-24 21:00:00+00:00,07761,8,24,5,journaliere,25.150000000000006,30.5,30.600000000000023,26.80000000000001,23.5,True
2023-07-25 00:00:00+00:00,07761,8,24,6,journaliere,25.650000000000034,30.5,30.600000000000023,27.100000000000023,24.200000000000045,True
2023-07-25 03:00:00+00:00,07761,8,24,7,journaliere,24.650000000000006,30.5,30.600000000000023,26.30000000000001,23.0,True
2023-07-25 06:00:00+00:00,07761,8,24,8,journaliere,26.80000000000001,30.5,30.600000000000023,30.5,23.100000000000023,True
2024-02-05 09:00:00+00:00,07761,1,3,1,lineaire,11.700000000000017,6.600000000000023,16.80000000000001,12.0,11.400000000000034,True
2025-02-20 12:00:00+00:00,07761,1,3,1,lineaire,13.150000000000034,10.100000000000025,16.200000000000045,17.0,15.900000000000034,True
2025-04-14 09:00:00+00:00,07761,1,3,1,lineaire,16.450000000000017,15.600000000000025,17.30000000000001,16.0,17.200000000000045,True
2015-12-07 09:00:00+00:00,07790,1,3,1,lineaire,12.750000000000028,10.700000000000044,14.800000000000011,15.300000000000011,13.600000000000025,True
2016-05-15 09:00:00+00:00,07790,1,3,1,lineaire,18.25000000000003,17.200000000000045,19.30000000000001,20.5,16.0,True
2017-08-29 18:00:00+00:00,07790,3,9,1,hybride,27.187500000000014,30.100000000000023,21.0,26.600000000000023,26.5,True
2017-08-29 21:00:00+00:00,07790,3,9,2,hybride,24.77500000000002,30.100000000000023,21.0,24.900000000000038,23.100000000000023,True
2017-08-30 00:00:00+00:00,07790,3,9,3,hybride,22.78750000000001,30.100000000000023,21.0,22.30000000000001,22.30000000000001,True
2017-09-01 00:00:00+00:00,07790,1,3,1,lineaire,23.75,23.5,24.0,22.30000000000001,22.5,True
2017-11-14 03:00:00+00:00,07790,2,6,1,hybride,12.400000000000034,10.900000000000034,11.5,14.700000000000044,12.700000000000044,True
2017-11-14 06:00:00+00:00,07790,2,6,2,hybride,10.475000000000023,10.900000000000034,11.5,7.400000000000034,11.900000000000034,True
2017-11-29 03:00:00+00:00,07790,1,3,1,lineaire,8.250000000000028,8.800000000000011,7.700000000000045,5.300000000000011,7.800000000000011,True
2017-12-21 06:00:00+00:00,07790,1,3,1,lineaire,4.450000000000017,1.6000000000000227,7.300000000000011,4.2000000000000455,4.7000000000000455,True
2018-07-13 00:00:00+00:00,07790,3,9,1,hybride,22.67500000000002,22.30000000000001,28.5,21.700000000000045,21.30000000000001,True
2018-07-13 03:00:00+00:00,07790,3,9,2,hybride,23.15000000000002,22.30000000000001,28.5,20.600000000000023,21.200000000000045,True
2018-07-13 06:00:00+00:00,07790,3,9,3,hybride,25.25000000000002,22.30000000000001,28.5,22.900000000000038,24.200000000000045,True
2018-10-28 09:00:00+00:00,07790,2,6,1,hybride,19.91666666666668,17.30000000000001,21.30000000000001,21.0,21.400000000000038,True
2018-10-28 12:00:00+00:00,07790,2,6,2,hybride,19.633333333333347,17.30000000000001,21.30000000000001,22.0,16.600000000000023,True
2019-07-02 03:00:00+00:00,07790,2,6,1,hybride,22.675000000000022,21.80000000000001,29.900000000000038,20.700000000000045,21.0,True
2019-07-02 06:00:00+00:00,07790,2,6,2,hybride,26.150000000000027,21.80000000000001,29.900000000000038,24.900000000000038,25.30000000000001,True
2020-04-27 12:00:00+00:00,07790,1,3,1,lineaire,18.600000000000023,19.200000000000045,18.0,19.30000000000001,16.900000000000034,True
2020-12-05 03:00:00+00:00,07790,1,3,1,lineaire,8.872224224050786,9.475763454942124,8.268684993159447,5.400000000000034,7.091505410152893,True
2021-12-05 00:00:00+00:00,07790,1,3,1,lineaire,11.000000000000028,9.800000000000011,12.200000000000044,5.600000000000023,,True
2021-12-06 00:00:00+00:00,07790,1,3,1,lineaire,9.200000000000017,10.100000000000025,8.300000000000011,,8.100000000000023,True
2023-02-01 12:00:00+00:00,07790,2,6,1,hybride,12.016666666666694,8.900000000000034,11.700000000000044,13.900000000000034,14.5,True
2023-02-01 15:00:00+00:00,07790,2,6,2,hybride,11.908333333333374,8.900000000000034,11.700000000000044,13.200000000000044,12.900000000000034,True
2023-02-05 21:00:00+00:00,07790,3,9,1,hybride,7.00000000000002,10.200000000000044,6.400000000000034,7.5,2.0,True
2023-02-06 00:00:00+00:00,07790,3,9,2,hybride,7.850000000000037,10.200000000000044,6.400000000000034,9.200000000000044,5.600000000000023,True
2023-02-06 03:00:00+00:00,07790,3,9,3,hybride,6.825000000000038,10.200000000000044,6.400000000000034,6.7000000000000455,5.900000000000034,True
2023-07-24 09:00:00+00:00,07790,8,24,1,journaliere,32.95000000000002,26.400000000000038,34.900000000000034,31.0,34.900000000000034,True
2023-07-24 12:00:00+00:00,07790,8,24,2,journaliere,33.55000000000004,26.400000000000038,34.900000000000034,30.700000000000045,36.400000000000034,True
2023-07-24 15:00:00+00:00,07790,8,24,3,journaliere,34.05000000000001,26.400000000000038,34.900000000000034,32.80000000000001,35.30000000000001,True
2023-07-24 18:00:00+00:00,07790,8,24,4,journaliere,29.950000000000017,26.400000000000038,34.900000000000034,29.100000000000023,30.80000000000001,True
2023-07-24 21:00:00+00:00,07790,8,24,5,journaliere,25.200000000000017,26.400000000000038,34.900000000000034,25.0,25.400000000000038,True
2023-07-25 00:00:00+00:00,07790,8,24,6,journaliere,22.80000000000001,26.400000000000038,34.900000000000034,22.600000000000023,23.0,True
2023-07-25 03:00:00+00:00,07790,8,24,7,journaliere,22.650000000000038,26.400000000000038,34.900000000000034,22.400000000000038,22.900000000000038,True
2023-07-25 06:00:00+00:00,07790,8,24,8,journaliere,25.850000000000023,26.400000000000038,34.900000000000034,26.400000000000038,25.30000000000001,True
2024-02-05 09:00:00+00:00,07790,1,3,1,lineaire,11.800000000000011,9.0,14.600000000000025,12.100000000000025,12.300000000000011,True
2025-02-20 12:00:00+00:00,07790,1,3,1,lineaire,12.0,11.5,12.5,12.5,14.200000000000044,True
2025-04-14 09:00:00+00:00,07790,1,3,1,lineaire,15.75,15.5,16.0,16.0,20.0,True
2015-12-07 09:00:00+00:00,07072,1,3,1,lineaire,7.100000000000022,4.5,9.700000000000044,8.100000000000023,8.600000000000023,True
2016-11-08 09:00:00+00:00,07072,1,3,1,lineaire,3.6500000000000057,2.0,5.300000000000011,3.1000000000000227,4.5,True
2017-08-29 18:00:00+00:00,07072,3,9,1,hybride,25.91250000000003,31.700000000000045,18.80000000000001,26.400000000000038,20.30000000000001,True
2017-08-29 21:00:00+00:00,07072,3,9,2,hybride,21.800000000000026,31.700000000000045,18.80000000000001,19.100000000000023,17.600000000000023,True
2017-08-30 00:00:00+00:00,07072,3,9,3,hybride,18.81250000000002,31.700000000000045,18.80000000000001,16.700000000000045,14.5,True
2017-09-01 00:00:00+00:00,07072,1,3,1,lineaire,11.700000000000017,13.5,9.900000000000034,14.5,12.400000000000034,True
2017-11-14 03:00:00+00:00,07072,2,6,1,hybride,2.766666666666694,1.900000000000034,2.300000000000012,4.100000000000023,2.900000000000034,True
2017-11-14 06:00:00+00:00,07072,2,6,2,hybride,2.7833333333333456,1.900000000000034,2.300000000000012,4.5,2.300000000000012,True
2017-11-29 03:00:00+00:00,07072,1,3,1,lineaire,1.7500000000000284,3.900000000000034,-0.3999999999999772,5.800000000000011,3.6000000000000227,True
2017-12-21 06:00:00+00:00,07072,1,3,1,lineaire,7.600000000000023,7.400000000000034,7.800000000000011,5.2000000000000455,8.700000000000045,True
2018-07-13 00:00:00+00:00,07072,3,9,1,hybride,18.18750000000002,19.900000000000038,23.600000000000023,13.800000000000011,17.30000000000001,True
2018-07-13 03:00:00+00:00,07072,3,9,2,hybride,18.00000000000003,19.900000000000038,23.600000000000023,11.900000000000034,16.600000000000023,True
2018-07-13 06:00:00+00:00,07072,3,9,3,hybride,19.56250000000002,19.900000000000038,23.600000000000023,15.0,17.900000000000034,True
2018-10-28 09:00:00+00:00,07072,2,6,1,hybride,5.14166666666668,3.900000000000034,7.300000000000011,5.0,5.5,True
2018-10-28 12:00:00+00:00,07072,2,6,2,hybride,6.958333333333343,3.900000000000034,7.300000000000011,9.0,6.5,True
2019-07-02 03:00:00+00:00,07072,2,6,1,hybride,15.02500000000002,13.900000000000034,20.5,14.800000000000011,13.100000000000025,True
2019-07-02 06:00:00+00:00,07072,2,6,2,hybride,17.27500000000002,13.900000000000034,20.5,17.200000000000045,15.300000000000011,True
2020-04-27 12:00:00+00:00,07072,1,3,1,lineaire,20.05000000000004,17.700000000000045,22.400000000000038,18.600000000000023,17.200000000000045,True
2020-05-18 21:00:00+00:00,07072,1,3,1,lineaire,15.5,21.0,10.0,9.100000000000025,15.200000000000044,True
2020-12-05 03:00:00+00:00,07072,1,3,1,lineaire,3.1000000000000227,2.800000000000012,3.400000000000034,7.400000000000034,-1.5,True
2021-12-05 00:00:00+00:00,07072,1,3,1,lineaire,4.25,4.5,4.0,4.900000000000034,,True
2021-12-06 00:00:00+00:00,07072,1,3,1,lineaire,3.3000000000000114,3.5,3.1000000000000227,,5.7000000000000455,True
2023-02-01 12:00:00+00:00,07072,2,6,1,hybride,7.0583333333333425,6.5,7.900000000000034,6.0,8.300000000000011,True
2023-02-01 15:00:00+00:00,07072,2,6,2,hybride,7.841666666666692,6.5,7.900000000000034,7.100000000000023,9.400000000000034,True
2023-02-05 21:00:00+00:00,07072,3,9,1,hybride,4.6875000000000355,5.400000000000034,0.5,8.200000000000045,2.200000000000045,True
2023-02-06 00:00:00+00:00,07072,3,9,2,hybride,3.825000000000017,5.400000000000034,0.5,8.0,1.400000000000034,True
2023-02-06 03:00:00+00:00,07072,3,9,3,hybride,2.837500000000013,5.400000000000034,0.5,7.600000000000023,0.3000000000000113,True
2023-07-24 09:00:00+00:00,07072,8,24,1,journaliere,17.75000000000003,17.30000000000001,15.300000000000011,20.200000000000045,15.300000000000011,True
2023-07-24 12:00:00+00:00,07072,8,24,2,journaliere,19.75000000000003,17.30000000000001,15.300000000000011,21.700000000000045,17.80000000000001,True
2023-07-24 15:00:00+00:00,07072,8,24,3,journaliere,20.350000000000023,17.30000000000001,15.300000000000011,22.30000000000001,18.400000000000038,True
2023-07-24 18:00:00+00:00,07072,8,24,4,journaliere,20.900000000000006,17.30000000000001,15.300000000000011,22.5,19.30000000000001,True
2023-07-24 21:00:00+00:00,07072,8,24,5,journaliere,18.600000000000023,17.30000000000001,15.300000000000011,21.200000000000045,16.0,True
2023-07-25 00:00:00+00:00,07072,8,24,6,journaliere,15.950000000000017,17.30000000000001,15.300000000000011,17.600000000000023,14.300000000000011,True
2023-07-25 03:00:00+00:00,07072,8,24,7,journaliere,15.250000000000028,17.30000000000001,15.300000000000011,18.200000000000045,12.300000000000011,True
2023-07-25 06:00:00+00:00,07072,8,24,8,journaliere,14.750000000000028,17.30000000000001,15.300000000000011,17.30000000000001,12.200000000000044,True
2024-02-05 09:00:00+00:00,07072,1,3,1,lineaire,8.900000000000006,9.300000000000011,8.5,9.300000000000011,8.700000000000045,True
2025-02-20 12:00:00+00:00,07072,1,3,1,lineaire,9.650000000000034,7.600000000000023,11.700000000000044,6.7000000000000455,15.300000000000011,True
2025-04-14 09:00:00+00:00,07072,1,3,1,lineaire,11.550000000000011,5.300000000000011,17.80000000000001,13.700000000000044,14.300000000000011,True
2015-12-07 09:00:00+00:00,07168,1,3,1,lineaire,11.650000000000034,8.600000000000023,14.700000000000044,7.600000000000023,8.300000000000011,True
2016-11-08 09:00:00+00:00,07168,1,3,1,lineaire,3.900000000000034,2.900000000000034,4.900000000000034,3.5,5.0,True
2017-08-29 18:00:00+00:00,07168,3,9,1,hybride,27.78750000000003,32.700000000000045,22.80000000000001,28.0,22.700000000000045,True
2017-08-29 21:00:00+00:00,07168,3,9,2,hybride,23.52500000000002,32.700000000000045,22.80000000000001,19.80000000000001,18.80000000000001,True
2017-08-30 00:00:00+00:00,07168,3,9,3,hybride,20.537500000000016,32.700000000000045,22.80000000000001,16.600000000000023,15.0,True
2017-09-01 00:00:00+00:00,07168,1,3,1,lineaire,11.100000000000025,12.100000000000025,10.100000000000025,15.0,10.300000000000011,True
2017-11-14 03:00:00+00:00,07168,2,6,1,hybride,2.64166666666668,2.0,2.700000000000045,4.5,1.6000000000000227,True
2017-11-14 06:00:00+00:00,07168,2,6,2,hybride,2.633333333333354,2.0,2.700000000000045,4.5,1.1000000000000227,True
2017-11-29 03:00:00+00:00,07168,1,3,1,lineaire,3.150000000000034,4.2000000000000455,2.1000000000000227,6.600000000000023,3.0,True
2017-12-21 06:00:00+00:00,07168,1,3,1,lineaire,7.600000000000023,7.100000000000023,8.100000000000023,4.300000000000011,8.5,True
2018-07-13 00:00:00+00:00,07168,3,9,1,hybride,17.15000000000002,17.30000000000001,24.900000000000038,13.200000000000044,17.0,True
2018-07-13 03:00:00+00:00,07168,3,9,2,hybride,17.25000000000003,17.30000000000001,24.900000000000038,12.200000000000044,14.600000000000025,True
2018-07-13 06:00:00+00:00,07168,3,9,3,hybride,19.75000000000003,17.30000000000001,24.900000000000038,14.400000000000034,18.600000000000023,True
2018-10-28 09:00:00+00:00,07168,2,6,1,hybride,4.958333333333352,3.6000000000000227,7.400000000000034,4.800000000000011,5.300000000000011,True
2018-10-28 12:00:00+00:00,07168,2,6,2,hybride,6.641666666666684,3.6000000000000227,7.400000000000034,8.0,6.300000000000011,True
2019-07-02 03:00:00+00:00,07168,2,6,1,hybride,15.491666666666685,13.600000000000025,22.100000000000023,17.5,11.600000000000025,True
2019-07-02 06:00:00+00:00,07168,2,6,2,hybride,17.68333333333336,13.600000000000025,22.100000000000023,16.30000000000001,15.900000000000034,True
2020-04-27 12:00:00+00:00,07168,1,3,1,lineaire,21.850000000000023,19.200000000000045,24.5,18.700000000000045,17.30000000000001,True
2020-05-18 21:00:00+00:00,07168,1,3,1,lineaire,16.30000000000001,21.600000000000023,11.0,9.300000000000011,14.200000000000044,True
2020-12-05 03:00:00+00:00,07168,1,3,1,lineaire,2.950000000000017,4.0,1.900000000000034,7.0,0.0,True
2021-12-05 00:00:00+00:00,07168,1,3,1,lineaire,4.450000000000017,4.5,4.400000000000034,7.5,,True
2021-12-06 00:00:00+00:00,07168,1,3,1,lineaire,3.2500000000000284,2.900000000000034,3.6000000000000227,,5.400000000000034,True
2023-02-01 12:00:00+00:00,07168,2,6,1,hybride,7.216666666666688,6.600000000000023,7.300000000000011,6.900000000000034,8.300000000000011,True
2023-02-01 15:00:00+00:00,07168,2,6,2,hybride,7.6583333333333545,6.600000000000023,7.300000000000011,7.800000000000011,8.700000000000045,True
2023-02-05 21:00:00+00:00,07168,3,9,1,hybride,4.762500000000017,5.0,2.700000000000045,7.800000000000011,2.400000000000034,True
2023-02-06 00:00:00+00:00,07168,3,9,2,hybride,4.425000000000011,5.0,2.700000000000045,7.5,2.5,True
2023-02-06 03:00:00+00:00,07168,3,9,3,hybride,3.5375000000000227,5.0,2.700000000000045,6.800000000000011,0.8000000000000114,True
2023-07-24 09:00:00+00:00,07168,8,24,1,journaliere,18.650000000000006,18.30000000000001,16.30000000000001,21.0,16.30000000000001,True
2023-07-24 12:00:00+00:00,07168,8,24,2,journaliere,19.850000000000023,18.30000000000001,16.30000000000001,24.80000000000001,14.900000000000034,True
2023-07-24 15:00:00+00:00,07168,8,24,3,journaliere,21.55000000000004,18.30000000000001,16.30000000000001,24.700000000000045,18.400000000000038,True
2023-07-24 18:00:00+00:00,07168,8,24,4,journaliere,20.25000000000003,18.30000000000001,16.30000000000001,23.80000000000001,16.700000000000045,True
2023-07-24 21:00:00+00:00,07168,8,24,5,journaliere,17.200000000000017,18.30000000000001,16.30000000000001,19.30000000000001,15.100000000000025,True
2023-07-25 00:00:00+00:00,07168,8,24,6,journaliere,16.00000000000003,18.30000000000001,16.30000000000001,17.900000000000034,14.100000000000025,True
2023-07-25 03:00:00+00:00,07168,8,24,7,journaliere,14.900000000000034,18.30000000000001,16.30000000000001,18.200000000000045,11.600000000000025,True
2023-07-25 06:00:00+00:00,07168,8,24,8,journaliere,16.200000000000017,18.30000000000001,16.30000000000001,18.30000000000001,14.100000000000025,True
2024-02-05 09:00:00+00:00,07168,1,3,1,lineaire,7.75,7.5,8.0,8.900000000000034,7.5,True
2025-02-20 12:00:00+00:00,07168,1,3,1,lineaire,10.950000000000017,9.400000000000034,12.5,11.600000000000025,15.5,True
2025-04-14 09:00:00+00:00,07168,1,3,1,lineaire,12.350000000000023,5.7000000000000455,19.0,13.200000000000044,15.100000000000025,True
2015-12-07 09:00:00+00:00,07181,1,3,1,lineaire,11.400000000000034,9.100000000000025,13.700000000000044,7.400000000000034,10.200000000000044,True
2016-11-08 09:00:00+00:00,07181,1,3,1,lineaire,2.200000000000017,0.9000000000000341,3.5,3.5,2.900000000000034,True
2017-08-29 18:00:00+00:00,07181,3,9,1,hybride,25.95000000000004,31.200000000000045,20.400000000000038,25.700000000000045,21.100000000000023,True
2017-08-29 21:00:00+00:00,07181,3,9,2,hybride,23.00000000000003,31.200000000000045,20.400000000000038,21.400000000000038,19.0,True
2017-08-30 00:00:00+00:00,07181,3,9,3,hybride,21.150000000000027,31.200000000000045,20.400000000000038,20.100000000000023,18.30000000000001,True
2017-09-01 00:00:00+00:00,07181,1,3,1,lineaire,10.350000000000023,12.100000000000025,8.600000000000023,18.30000000000001,11.900000000000034,True
2017-11-14 03:00:00+00:00,07181,2,6,1,hybride,1.5166666666666848,1.6000000000000227,0.8000000000000114,3.6000000000000227,-0.1999999999999886,True
2017-11-14 06:00:00+00:00,07181,2,6,2,hybride,1.233333333333358,1.6000000000000227,0.8000000000000114,3.6000000000000227,-0.7999999999999545,True
2017-11-29 03:00:00+00:00,07181,1,3,1,lineaire,2.6000000000000227,3.1000000000000227,2.1000000000000227,4.5,1.3000000000000114,True
2017-12-21 06:00:00+00:00,07181,1,3,1,lineaire,5.30000000000004,4.900000000000034,5.7000000000000455,3.300000000000012,7.5,True
2018-07-13 00:00:00+00:00,07181,3,9,1,hybride,17.162500000000016,17.900000000000034,24.0,12.800000000000011,17.0,True
2018-07-13 03:00:00+00:00,07181,3,9,2,hybride,16.850000000000023,17.900000000000034,24.0,10.900000000000034,14.600000000000025,True
2018-07-13 06:00:00+00:00,07181,3,9,3,hybride,19.662500000000016,17.900000000000034,24.0,14.600000000000025,19.100000000000023,True
2018-10-28 09:00:00+00:00,07181,2,6,1,hybride,4.550000000000031,4.600000000000023,5.5,4.7000000000000455,3.7000000000000455,True
2018-10-28 12:00:00+00:00,07181,2,6,2,hybride,5.525000000000015,4.600000000000023,5.5,7.800000000000011,3.900000000000034,True
2019-07-02 03:00:00+00:00,07181,2,6,1,hybride,16.591666666666704,15.700000000000044,21.80000000000001,19.700000000000045,11.200000000000044,True
2019-07-02 06:00:00+00:00,07181,2,6,2,hybride,18.283333333333363,15.700000000000044,21.80000000000001,17.400000000000034,16.200000000000045,True
2020-04-27 12:00:00+00:00,07181,1,3,1,lineaire,20.350000000000023,17.80000000000001,22.900000000000038,19.80000000000001,15.0,True
2020-12-05 03:00:00+00:00,07181,1,3,1,lineaire,2.5000000000000284,3.200000000000045,1.8000000000000114,6.300000000000011,0.2000000000000454,True
2021-12-05 00:00:00+00:00,07181,1,3,1,lineaire,3.4397724794488758,3.879544958897752,3.0,2.6000000000000227,,True
2021-12-06 00:00:00+00:00,07181,1,3,1,lineaire,0.6500000000000342,1.2000000000000457,0.1000000000000227,,3.300000000000012,True
2023-02-01 12:00:00+00:00,07181,2,6,1,hybride,4.966666666666692,4.800000000000011,5.2000000000000455,3.900000000000034,6.100000000000023,True
2023-02-01 15:00:00+00:00,07181,2,6,2,hybride,5.183333333333357,4.800000000000011,5.2000000000000455,4.800000000000011,5.800000000000011,True
2023-02-05 21:00:00+00:00,07181,3,9,1,hybride,3.86250000000004,4.7000000000000455,3.6000000000000227,5.400000000000034,1.2000000000000457,True
2023-02-06 00:00:00+00:00,07181,3,9,2,hybride,3.55000000000004,4.7000000000000455,3.6000000000000227,5.2000000000000455,0.7000000000000455,True
2023-02-06 03:00:00+00:00,07181,3,9,3,hybride,3.08750000000002,4.7000000000000455,3.6000000000000227,4.800000000000011,-0.1999999999999886,True
2023-07-24 09:00:00+00:00,07181,8,24,1,journaliere,19.350000000000023,18.80000000000001,16.400000000000034,22.30000000000001,16.400000000000034,True
2023-07-24 12:00:00+00:00,07181,8,24,2,journaliere,20.25000000000003,18.80000000000001,16.400000000000034,24.600000000000023,15.900000000000034,True
2023-07-24 15:00:00+00:00,07181,8,24,3,journaliere,20.30000000000001,18.80000000000001,16.400000000000034,25.80000000000001,14.800000000000011,True
2023-07-24 18:00:00+00:00,07181,8,24,4,journaliere,20.00000000000003,18.80000000000001,16.400000000000034,25.700000000000045,14.300000000000011,True
2023-07-24 21:00:00+00:00,07181,8,24,5,journaliere,16.400000000000034,18.80000000000001,16.400000000000034,20.600000000000023,12.200000000000044,True
2023-07-25 00:00:00+00:00,07181,8,24,6,journaliere,15.400000000000036,18.80000000000001,16.400000000000034,18.400000000000038,12.400000000000034,True
2023-07-25 03:00:00+00:00,07181,8,24,7,journaliere,15.200000000000019,18.80000000000001,16.400000000000034,18.400000000000038,12.0,True
2023-07-25 06:00:00+00:00,07181,8,24,8,journaliere,15.450000000000017,18.80000000000001,16.400000000000034,18.80000000000001,12.100000000000025,True
2024-02-05 09:00:00+00:00,07181,1,3,1,lineaire,6.25,6.0,6.5,7.0,5.5,True
2025-02-20 12:00:00+00:00,07181,1,3,1,lineaire,11.500000000000028,8.400000000000034,14.600000000000025,4.600000000000023,13.700000000000044,True
2025-04-14 09:00:00+00:00,07181,1,3,1,lineaire,13.450000000000017,8.800000000000011,18.100000000000023,14.200000000000044,14.300000000000011,True
2015-12-07 09:00:00+00:00,07190,1,3,1,lineaire,10.300000000000011,6.5,14.100000000000025,6.400000000000034,2.0,True
2016-11-08 09:00:00+00:00,07190,1,3,1,lineaire,0.8000000000000396,-1.099999999999966,2.700000000000045,3.7000000000000455,4.300000000000011,True
2017-08-29 18:00:00+00:00,07190,3,9,1,hybride,27.06250000000002,32.400000000000034,16.100000000000023,25.80000000000001,25.80000000000001,True
2017-08-29 21:00:00+00:00,07190,3,9,2,hybride,22.025000000000034,32.400000000000034,16.100000000000023,19.900000000000038,19.700000000000045,True
2017-08-30 00:00:00+00:00,07190,3,9,3,hybride,19.56250000000002,32.400000000000034,16.100000000000023,17.5,20.400000000000038,True
2017-09-01 00:00:00+00:00,07190,1,3,1,lineaire,12.80000000000004,14.700000000000044,10.900000000000034,20.400000000000038,12.100000000000025,True
2017-11-14 03:00:00+00:00,07190,2,6,1,hybride,1.3250000000000264,0.6000000000000227,0.3000000000000113,4.400000000000034,-0.0999999999999659,True
2017-11-14 06:00:00+00:00,07190,2,6,2,hybride,1.300000000000016,0.6000000000000227,0.3000000000000113,4.800000000000011,-0.3999999999999772,True
2017-11-29 03:00:00+00:00,07190,1,3,1,lineaire,1.900000000000034,1.7000000000000457,2.1000000000000227,5.900000000000034,1.7000000000000457,True
2017-12-21 06:00:00+00:00,07190,1,3,1,lineaire,4.25,4.0,4.5,2.5,6.400000000000034,True
2018-07-13 00:00:00+00:00,07190,3,9,1,hybride,17.400000000000027,17.400000000000034,24.200000000000045,12.600000000000025,18.80000000000001,True
2018-07-13 03:00:00+00:00,07190,3,9,2,hybride,17.300000000000026,17.400000000000034,24.200000000000045,11.600000000000025,16.0,True
2018-07-13 06:00:00+00:00,07190,3,9,3,hybride,19.925000000000033,17.400000000000034,24.200000000000045,14.300000000000011,20.400000000000038,True
2018-10-28 09:00:00+00:00,07190,2,6,1,hybride,6.350000000000028,5.900000000000034,4.7000000000000455,8.600000000000023,5.800000000000011,True
2018-10-28 12:00:00+00:00,07190,2,6,2,hybride,6.5500000000000345,5.900000000000034,4.7000000000000455,9.700000000000044,6.300000000000011,True
2019-07-02 03:00:00+00:00,07190,2,6,1,hybride,19.84166666666669,19.30000000000001,23.30000000000001,23.700000000000045,14.400000000000034,True
2019-07-02 06:00:00+00:00,07190,2,6,2,hybride,22.233333333333356,19.30000000000001,23.30000000000001,26.700000000000045,18.30000000000001,True
2020-04-27 12:00:00+00:00,07190,1,3,1,lineaire,21.25000000000003,18.700000000000045,23.80000000000001,19.200000000000045,19.5,True
2020-12-05 03:00:00+00:00,07190,1,3,1,lineaire,2.80000000000004,3.400000000000034,2.200000000000045,4.600000000000023,3.0,True
2021-12-05 00:00:00+00:00,07190,1,3,1,lineaire,4.450000000000017,5.5,3.400000000000034,2.800000000000012,,True
2021-12-06 00:00:00+00:00,07190,1,3,1,lineaire,0.6000000000000228,0.0,1.2000000000000457,,2.700000000000045,True
2023-02-01 12:00:00+00:00,07190,2,6,1,hybride,6.125000000000014,5.900000000000034,6.5,4.0,8.300000000000011,True
2023-02-01 15:00:00+00:00,07190,2,6,2,hybride,6.750000000000014,5.900000000000034,6.5,5.600000000000023,8.800000000000011,True
2023-02-05 21:00:00+00:00,07190,3,9,1,hybride,3.4875000000000327,5.7000000000000455,1.400000000000034,2.900000000000034,1.8000000000000114,True
2023-02-06 00:00:00+00:00,07190,3,9,2,hybride,2.4250000000000256,5.7000000000000455,1.400000000000034,1.6000000000000227,1.0,True
2023-02-06 03:00:00+00:00,07190,3,9,3,hybride,1.5625000000000355,5.7000000000000455,1.400000000000034,1.1000000000000227,0.2000000000000454,True
2023-07-24 09:00:00+00:00,07190,8,24,1,journaliere,22.200000000000017,17.900000000000034,20.100000000000023,24.30000000000001,20.100000000000023,True
2023-07-24 12:00:00+00:00,07190,8,24,2,journaliere,23.75000000000003,17.900000000000034,20.100000000000023,26.80000000000001,20.700000000000045,True
2023-07-24 15:00:00+00:00,07190,8,24,3,journaliere,21.200000000000017,17.900000000000034,20.100000000000023,26.0,16.400000000000034,True
2023-07-24 18:00:00+00:00,07190,8,24,4,journaliere,20.700000000000045,17.900000000000034,20.100000000000023,25.700000000000045,15.700000000000044,True
2023-07-24 21:00:00+00:00,07190,8,24,5,journaliere,17.600000000000023,17.900000000000034,20.100000000000023,20.700000000000045,14.5,True
2023-07-25 00:00:00+00:00,07190,8,24,6,journaliere,15.650000000000006,17.900000000000034,20.100000000000023,17.80000000000001,13.5,True
2023-07-25 03:00:00+00:00,07190,8,24,7,journaliere,14.950000000000017,17.900000000000034,20.100000000000023,17.100000000000023,12.800000000000011,True
2023-07-25 06:00:00+00:00,07190,8,24,8,journaliere,15.750000000000028,17.900000000000034,20.100000000000023,17.900000000000034,13.600000000000025,True
2024-02-05 09:00:00+00:00,07190,1,3,1,lineaire,8.850000000000023,7.0,10.700000000000044,7.2000000000000455,4.800000000000011,True
2025-02-20 12:00:00+00:00,07190,1,3,1,lineaire,9.550000000000011,4.100000000000023,15.0,3.900000000000034,15.700000000000044,True
2025-04-14 09:00:00+00:00,07190,1,3,1,lineaire,15.900000000000034,11.200000000000044,20.600000000000023,15.100000000000025,16.0,True
2015-12-07 09:00:00+00:00,07299,1,3,1,lineaire,7.850000000000023,4.300000000000011,11.400000000000034,5.2000000000000455,4.100000000000023,True
2016-11-08 09:00:00+00:00,07299,1,3,1,lineaire,1.3500000000000227,-0.8999999999999773,3.6000000000000227,3.8000000000000114,4.0,True
2017-08-29 18:00:00+00:00,07299,3,9,1,hybride,27.53750000000003,32.900000000000034,19.200000000000045,26.30000000000001,24.900000000000038,True
2017-08-29 21:00:00+00:00,07299,3,9,2,hybride,23.45000000000003,32.900000000000034,19.200000000000045,21.0,20.700000000000045,True
2017-08-30 00:00:00+00:00,07299,3,9,3,hybride,20.587500000000027,32.900000000000034,19.200000000000045,16.5,20.600000000000023,True
2017-09-01 00:00:00+00:00,07299,1,3,1,lineaire,13.850000000000023,14.0,13.700000000000044,20.600000000000023,11.800000000000011,True
2017-11-14 03:00:00+00:00,07299,2,6,1,hybride,2.7916666666666856,4.0,3.200000000000045,3.400000000000034,0.3000000000000113,True
2017-11-14 06:00:00+00:00,07299,2,6,2,hybride,2.3583333333333627,4.0,3.200000000000045,3.1000000000000227,-0.5999999999999659,True
2017-11-29 03:00:00+00:00,07299,1,3,1,lineaire,2.5000000000000284,2.800000000000012,2.200000000000045,6.100000000000023,1.6000000000000227,True
2017-12-21 06:00:00+00:00,07299,1,3,1,lineaire,2.6000000000000227,0.8000000000000114,4.400000000000034,1.6000000000000227,5.400000000000034,True
2018-07-13 00:00:00+00:00,07299,3,9,1,hybride,16.262500000000017,16.5,24.0,11.100000000000025,17.200000000000045,True
2018-07-13 03:00:00+00:00,07299,3,9,2,hybride,15.875000000000014,16.5,24.0,8.200000000000045,14.800000000000011,True
2018-07-13 06:00:00+00:00,07299,3,9,3,hybride,19.8125,16.5,24.0,15.0,20.0,True
2018-10-28 09:00:00+00:00,07299,2,6,1,hybride,5.41666666666668,5.0,5.400000000000034,6.300000000000011,5.100000000000023,True
2018-10-28 12:00:00+00:00,07299,2,6,2,hybride,5.908333333333365,5.0,5.400000000000034,6.7000000000000455,6.400000000000034,True
2019-07-02 03:00:00+00:00,07299,2,6,1,hybride,20.36666666666668,22.0,23.0,21.200000000000045,15.600000000000025,True
2019-07-02 06:00:00+00:00,07299,2,6,2,hybride,22.383333333333347,22.0,23.0,27.400000000000038,16.80000000000001,True
2020-04-27 12:00:00+00:00,07299,1,3,1,lineaire,20.700000000000017,18.900000000000038,22.5,20.0,15.600000000000025,True
2020-12-05 03:00:00+00:00,07299,1,3,1,lineaire,1.450000000000017,1.900000000000034,1.0,3.900000000000034,2.700000000000045,True
2021-12-05 00:00:00+00:00,07299,1,3,1,lineaire,3.7000000000000455,3.7000000000000455,3.7000000000000455,2.0,,True
2021-12-06 00:00:00+00:00,07299,1,3,1,lineaire,1.5000000000000284,1.3000000000000114,1.7000000000000457,,3.200000000000045,True
2023-02-01 12:00:00+00:00,07299,2,6,1,hybride,5.833333333333352,5.100000000000023,5.900000000000034,6.0,6.600000000000023,True
2023-02-01 15:00:00+00:00,07299,2,6,2,hybride,6.0166666666666995,5.100000000000023,5.900000000000034,5.7000000000000455,7.100000000000023,True
2023-02-05 21:00:00+00:00,07299,3,9,1,hybride,2.83750000000002,4.5,2.200000000000045,1.7000000000000457,1.8000000000000114,True
2023-02-06 00:00:00+00:00,07299,3,9,2,hybride,1.8000000000000256,4.5,2.200000000000045,0.9000000000000341,-0.3999999999999772,True
2023-02-06 03:00:00+00:00,07299,3,9,3,hybride,0.762500000000031,4.5,2.200000000000045,-0.6999999999999886,-1.7999999999999543,True
2023-07-24 09:00:00+00:00,07299,8,24,1,journaliere,21.30000000000001,19.700000000000045,18.0,24.600000000000023,18.0,True
2023-07-24 12:00:00+00:00,07299,8,24,2,journaliere,22.400000000000006,19.700000000000045,18.0,28.0,16.80000000000001,True
2023-07-24 15:00:00+00:00,07299,8,24,3,journaliere,24.100000000000023,19.700000000000045,18.0,28.900000000000038,19.30000000000001,True
2023-07-24 18:00:00+00:00,07299,8,24,4,journaliere,21.350000000000023,19.700000000000045,18.0,27.600000000000023,15.100000000000025,True
2023-07-24 21:00:00+00:00,07299,8,24,5,journaliere,16.950000000000017,19.700000000000045,18.0,19.600000000000023,14.300000000000011,True
2023-07-25 00:00:00+00:00,07299,8,24,6,journaliere,16.400000000000034,19.700000000000045,18.0,19.900000000000038,12.900000000000034,True
2023-07-25 03:00:00+00:00,07299,8,24,7,journaliere,16.100000000000023,19.700000000000045,18.0,19.0,13.200000000000044,True
2023-07-25 06:00:00+00:00,07299,8,24,8,journaliere,16.55000000000004,19.700000000000045,18.0,19.700000000000045,13.400000000000034,True
2024-02-05 09:00:00+00:00,07299,1,3,1,lineaire,7.05000000000004,5.400000000000034,8.700000000000045,7.700000000000045,6.100000000000023,True
2025-02-20 12:00:00+00:00,07299,1,3,1,lineaire,9.05000000000004,4.400000000000034,13.700000000000044,6.5,13.100000000000025,True
2025-04-14 09:00:00+00:00,07299,1,3,1,lineaire,15.650000000000006,12.300000000000011,19.0,14.0,12.800000000000011,True
2015-12-07 09:00:00+00:00,07005,1,3,1,lineaire,10.850000000000023,9.900000000000034,11.800000000000011,10.900000000000034,9.400000000000034,True
2016-05-15 09:00:00+00:00,07005,1,3,1,lineaire,10.150000000000034,7.100000000000023,13.200000000000044,9.900000000000034,11.700000000000044,True
2016-10-06 09:00:00+00:00,07005,1,3,1,lineaire,8.400000000000006,4.800000000000011,12.0,11.700000000000044,10.900000000000034,True
2017-08-29 18:00:00+00:00,07005,3,9,1,hybride,24.287500000000023,31.80000000000001,19.30000000000001,26.400000000000038,13.400000000000034,True
2017-08-29 21:00:00+00:00,07005,3,9,2,hybride,21.300000000000026,31.80000000000001,19.30000000000001,21.900000000000038,12.200000000000044,True
2017-08-30 00:00:00+00:00,07005,3,9,3,hybride,18.98750000000001,31.80000000000001,19.30000000000001,19.100000000000023,12.0,True
2017-09-01 00:00:00+00:00,07005,1,3,1,lineaire,12.750000000000028,13.100000000000025,12.400000000000034,12.0,11.700000000000044,True
2017-11-14 03:00:00+00:00,07005,2,6,1,hybride,5.62500000000001,2.800000000000012,5.5,6.100000000000023,9.0,True
2017-11-14 06:00:00+00:00,07005,2,6,2,hybride,5.800000000000016,2.800000000000012,5.5,4.800000000000011,9.200000000000044,True
2017-11-29 03:00:00+00:00,07005,1,3,1,lineaire,2.2500000000000284,0.6000000000000227,3.900000000000034,5.800000000000011,3.8000000000000114,True
2017-12-21 06:00:00+00:00,07005,1,3,1,lineaire,9.250000000000028,8.700000000000045,9.800000000000011,8.200000000000045,9.700000000000044,True
2018-07-13 00:00:00+00:00,07005,3,9,1,hybride,16.425000000000026,17.900000000000034,19.900000000000038,12.600000000000025,16.30000000000001,True
2018-07-13 03:00:00+00:00,07005,3,9,2,hybride,15.825000000000031,17.900000000000034,19.900000000000038,12.600000000000025,12.900000000000034,True
2018-07-13 06:00:00+00:00,07005,3,9,3,hybride,17.350000000000037,17.900000000000034,19.900000000000038,14.700000000000044,15.900000000000034,True
2018-10-28 09:00:00+00:00,07005,2,6,1,hybride,4.891666666666694,4.5,6.7000000000000455,6.7000000000000455,2.400000000000034,True
2018-10-28 12:00:00+00:00,07005,2,6,2,hybride,6.3083333333333655,4.5,6.7000000000000455,9.100000000000025,4.2000000000000455,True
2019-07-02 03:00:00+00:00,07005,2,6,1,hybride,13.433333333333348,12.0,20.30000000000001,14.100000000000025,10.100000000000025,True
2019-07-02 06:00:00+00:00,07005,2,6,2,hybride,16.241666666666678,12.0,20.30000000000001,16.0,13.900000000000034,True
2020-04-27 12:00:00+00:00,07005,1,3,1,lineaire,18.850000000000023,17.700000000000045,20.0,16.100000000000023,15.0,True
2020-12-05 03:00:00+00:00,07005,1,3,1,lineaire,1.9500000000000173,1.6000000000000227,2.300000000000012,4.7000000000000455,4.2000000000000455,True
2021-12-05 00:00:00+00:00,07005,1,3,1,lineaire,4.55000000000004,4.900000000000034,4.2000000000000455,5.300000000000011,,True
2021-12-06 00:00:00+00:00,07005,1,3,1,lineaire,4.350000000000023,5.5,3.200000000000045,,5.2000000000000455,True
2023-02-01 12:00:00+00:00,07005,2,6,1,hybride,8.425000000000006,7.300000000000011,8.5,8.800000000000011,9.5,True
2023-02-01 15:00:00+00:00,07005,2,6,2,hybride,8.425000000000015,7.300000000000011,8.5,8.100000000000023,9.400000000000034,True
2023-02-05 21:00:00+00:00,07005,3,9,1,hybride,4.5375000000000085,5.5,1.2000000000000457,7.5,1.8000000000000114,True
2023-02-06 00:00:00+00:00,07005,3,9,2,hybride,3.40000000000002,5.5,1.2000000000000457,6.100000000000023,0.8000000000000114,True
2023-02-06 03:00:00+00:00,07005,3,9,3,hybride,2.9875000000000256,5.5,1.2000000000000457,6.900000000000034,0.5,True
2023-07-24 09:00:00+00:00,07005,8,24,1,journaliere,18.200000000000017,15.900000000000034,17.400000000000034,19.0,17.400000000000034,True
2023-07-24 12:00:00+00:00,07005,8,24,2,journaliere,18.50000000000003,15.900000000000034,17.400000000000034,17.30000000000001,19.700000000000045,True
2023-07-24 15:00:00+00:00,07005,8,24,3,journaliere,18.30000000000001,15.900000000000034,17.400000000000034,17.0,19.600000000000023,True
2023-07-24 18:00:00+00:00,07005,8,24,4,journaliere,17.600000000000023,15.900000000000034,17.400000000000034,17.700000000000045,17.5,True
2023-07-24 21:00:00+00:00,07005,8,24,5,journaliere,15.400000000000006,15.900000000000034,17.400000000000034,17.0,13.800000000000011,True
2023-07-25 00:00:00+00:00,07005,8,24,6,journaliere,14.850000000000023,15.900000000000034,17.400000000000034,17.0,12.700000000000044,True
2023-07-25 03:00:00+00:00,07005,8,24,7,journaliere,14.450000000000017,15.900000000000034,17.400000000000034,15.600000000000025,13.300000000000011,True
2023-07-25 06:00:00+00:00,07005,8,24,8,journaliere,15.250000000000028,15.900000000000034,17.400000000000034,15.900000000000034,14.600000000000025,True
2024-02-05 09:00:00+00:00,07005,1,3,1,lineaire,8.800000000000011,9.100000000000025,8.5,9.800000000000011,10.800000000000011,True
2025-02-20 12:00:00+00:00,07005,1,3,1,lineaire,11.900000000000006,9.300000000000011,14.5,4.900000000000034,14.600000000000025,True
2025-04-14 09:00:00+00:00,07005,1,3,1,lineaire,12.050000000000011,8.0,16.100000000000023,11.0,13.800000000000011,True
2015-12-07 09:00:00+00:00,07015,1,3,1,lineaire,9.750000000000028,7.700000000000045,11.800000000000011,9.600000000000025,8.400000000000034,True
2016-05-15 09:00:00+00:00,07015,1,3,1,lineaire,10.350000000000023,6.5,14.200000000000044,10.200000000000044,10.600000000000025,True
2017-08-29 18:00:00+00:00,07015,3,9,1,hybride,25.225000000000023,32.60000000000002,20.200000000000045,27.400000000000038,14.5,True
2017-08-29 21:00:00+00:00,07015,3,9,2,hybride,22.275000000000034,32.60000000000002,20.200000000000045,22.200000000000045,14.100000000000025,True
2017-08-30 00:00:00+00:00,07015,3,9,3,hybride,19.40000000000002,32.60000000000002,20.200000000000045,19.0,12.0,True
2017-09-01 00:00:00+00:00,07015,1,3,1,lineaire,11.950000000000044,13.200000000000044,10.700000000000044,12.0,11.5,True
2017-11-14 03:00:00+00:00,07015,2,6,1,hybride,5.90000000000002,3.900000000000034,6.0,6.0,8.400000000000034,True
2017-11-14 06:00:00+00:00,07015,2,6,2,hybride,6.300000000000026,3.900000000000034,6.0,6.2000000000000455,8.400000000000034,True
2017-11-29 03:00:00+00:00,07015,1,3,1,lineaire,1.9000000000000339,1.1000000000000227,2.700000000000045,5.100000000000023,2.400000000000034,True
2017-12-21 06:00:00+00:00,07015,1,3,1,lineaire,8.450000000000017,8.0,8.900000000000034,6.900000000000034,9.100000000000025,True
2018-07-13 00:00:00+00:00,07015,3,9,1,hybride,16.537500000000016,17.5,18.400000000000038,14.800000000000011,15.900000000000034,True
2018-07-13 03:00:00+00:00,07015,3,9,2,hybride,16.225000000000023,17.5,18.400000000000038,14.800000000000011,14.200000000000044,True
2018-07-13 06:00:00+00:00,07015,3,9,3,hybride,17.28750000000003,17.5,18.400000000000038,16.200000000000045,16.600000000000023,True
2018-10-28 09:00:00+00:00,07015,2,6,1,hybride,4.50833333333335,3.300000000000012,7.100000000000023,6.0,2.900000000000034,True
2018-10-28 12:00:00+00:00,07015,2,6,2,hybride,5.79166666666669,3.300000000000012,7.100000000000023,7.2000000000000455,4.300000000000011,True
2019-07-02 03:00:00+00:00,07015,2,6,1,hybride,14.608333333333363,13.600000000000025,19.80000000000001,13.700000000000044,13.400000000000034,True
2019-07-02 06:00:00+00:00,07015,2,6,2,hybride,16.691666666666677,13.600000000000025,19.80000000000001,16.30000000000001,15.0,True
2020-04-27 12:00:00+00:00,07015,1,3,1,lineaire,20.100000000000023,17.0,23.200000000000045,15.900000000000034,13.800000000000011,True
2020-12-05 03:00:00+00:00,07015,1,3,1,lineaire,2.30000000000004,1.2000000000000457,3.400000000000034,7.700000000000045,2.1000000000000227,True
2021-12-05 00:00:00+00:00,07015,1,3,1,lineaire,3.5500000000000114,3.1000000000000227,4.0,4.7000000000000455,,True
2021-12-06 00:00:00+00:00,07015,1,3,1,lineaire,4.050000000000011,4.600000000000023,3.5,,3.900000000000034,True
2023-02-01 12:00:00+00:00,07015,2,6,1,hybride,8.300000000000034,6.2000000000000455,8.0,9.200000000000044,10.400000000000034,True
2023-02-01 15:00:00+00:00,07015,2,6,2,hybride,8.27500000000001,6.2000000000000455,8.0,8.300000000000011,10.0,True
2023-02-05 21:00:00+00:00,07015,3,9,1,hybride,5.387500000000031,6.600000000000023,2.1000000000000227,8.200000000000045,2.400000000000034,True
2023-02-06 00:00:00+00:00,07015,3,9,2,hybride,4.52500000000002,6.600000000000023,2.1000000000000227,7.400000000000034,2.0,True
2023-02-06 03:00:00+00:00,07015,3,9,3,hybride,3.6125000000000256,6.600000000000023,2.1000000000000227,6.800000000000011,1.2000000000000457,True
2023-07-24 09:00:00+00:00,07015,8,24,1,journaliere,17.400000000000034,16.100000000000023,16.100000000000023,18.700000000000045,16.100000000000023,True
2023-07-24 12:00:00+00:00,07015,8,24,2,journaliere,20.650000000000006,16.100000000000023,16.100000000000023,22.30000000000001,19.0,True
2023-07-24 15:00:00+00:00,07015,8,24,3,journaliere,20.450000000000017,16.100000000000023,16.100000000000023,19.0,21.900000000000038,True
2023-07-24 18:00:00+00:00,07015,8,24,4,journaliere,17.350000000000023,16.100000000000023,16.100000000000023,17.80000000000001,16.900000000000034,True
2023-07-24 21:00:00+00:00,07015,8,24,5,journaliere,16.950000000000017,16.100000000000023,16.100000000000023,18.0,15.900000000000034,True
2023-07-25 00:00:00+00:00,07015,8,24,6,journaliere,16.00000000000003,16.100000000000023,16.100000000000023,17.400000000000034,14.600000000000025,True
2023-07-25 03:00:00+00:00,07015,8,24,7,journaliere,15.100000000000023,16.100000000000023,16.100000000000023,16.200000000000045,14.0,True
2023-07-25 06:00:00+00:00,07015,8,24,8,journaliere,15.200000000000017,16.100000000000023,16.100000000000023,16.100000000000023,14.300000000000011,True
2024-02-05 09:00:00+00:00,07015,1,3,1,lineaire,9.400000000000006,9.5,9.300000000000011,10.400000000000034,11.0,True
2025-02-20 12:00:00+00:00,07015,1,3,1,lineaire,10.450000000000017,8.5,12.400000000000034,6.5,15.300000000000011,True
2025-04-14 09:00:00+00:00,07015,1,3,1,lineaire,12.350000000000023,8.200000000000045,16.5,12.900000000000034,14.100000000000025,True
2015-12-07 09:00:00+00:00,07020,1,3,1,lineaire,13.450000000000017,12.5,14.400000000000034,13.400000000000034,12.5,True
2016-10-06 09:00:00+00:00,07020,1,3,1,lineaire,13.050000000000011,12.300000000000011,13.800000000000011,15.0,12.400000000000034,True
2017-08-29 18:00:00+00:00,07020,3,9,1,hybride,17.975000000000023,19.0,16.200000000000045,19.900000000000038,15.400000000000034,True
2017-08-29 21:00:00+00:00,07020,3,9,2,hybride,17.300000000000026,19.0,16.200000000000045,18.30000000000001,15.700000000000044,True
2017-08-30 00:00:00+00:00,07020,3,9,3,hybride,16.95000000000003,19.0,16.200000000000045,18.200000000000045,15.800000000000011,True
2017-09-01 00:00:00+00:00,07020,1,3,1,lineaire,14.150000000000006,14.300000000000011,14.0,15.800000000000011,16.700000000000045,True
2017-11-14 03:00:00+00:00,07020,2,6,1,hybride,10.875000000000039,10.100000000000025,12.200000000000044,8.700000000000045,13.200000000000044,True
2017-11-14 06:00:00+00:00,07020,2,6,2,hybride,11.200000000000035,10.100000000000025,12.200000000000044,8.600000000000023,13.200000000000044,True
2017-11-29 03:00:00+00:00,07020,1,3,1,lineaire,7.500000000000028,7.600000000000023,7.400000000000034,9.900000000000034,7.0,True
2017-12-21 06:00:00+00:00,07020,1,3,1,lineaire,11.400000000000006,11.300000000000011,11.5,11.300000000000011,11.300000000000011,True
2018-07-13 00:00:00+00:00,07020,3,9,1,hybride,15.187500000000028,15.700000000000044,18.600000000000023,14.600000000000025,13.300000000000011,True
2018-07-13 03:00:00+00:00,07020,3,9,2,hybride,14.950000000000031,15.700000000000044,18.600000000000023,12.800000000000011,12.700000000000044,True
2018-07-13 06:00:00+00:00,07020,3,9,3,hybride,17.56250000000003,15.700000000000044,18.600000000000023,16.900000000000034,17.600000000000023,True
2018-10-28 09:00:00+00:00,07020,2,6,1,hybride,9.450213220563121,9.366762839981703,10.616638074014691,8.789110944004,9.444966102263088,True
2018-10-28 12:00:00+00:00,07020,2,6,2,hybride,9.217503980901185,9.366762839981703,10.616638074014691,8.382211840787638,8.087778090809712,True
2019-07-02 03:00:00+00:00,07020,2,6,1,hybride,15.216666666666686,15.200000000000044,16.5,14.800000000000011,14.800000000000011,True
2019-07-02 06:00:00+00:00,07020,2,6,2,hybride,15.80833333333336,15.200000000000044,16.5,15.400000000000034,15.700000000000044,True
2020-04-27 12:00:00+00:00,07020,1,3,1,lineaire,11.150000000000034,10.100000000000025,12.200000000000044,13.600000000000025,12.300000000000011,True
2020-12-05 03:00:00+00:00,07020,1,3,1,lineaire,7.800000000000011,8.600000000000023,7.0,6.800000000000011,8.0,True
2021-12-05 00:00:00+00:00,07020,1,3,1,lineaire,8.799969469002548,8.772800934937234,8.827138003067864,11.811730575603349,,True
2021-12-06 00:00:00+00:00,07020,1,3,1,lineaire,8.900000000000034,9.100000000000025,8.700000000000045,,9.5,True
2023-02-01 12:00:00+00:00,07020,2,6,1,hybride,10.325000000000031,9.900000000000034,9.900000000000034,10.800000000000011,10.700000000000044,True
2023-02-01 15:00:00+00:00,07020,2,6,2,hybride,10.150000000000034,9.900000000000034,9.900000000000034,10.600000000000025,10.200000000000044,True
2023-02-05 21:00:00+00:00,07020,3,9,1,hybride,6.52500000000002,6.900000000000034,5.300000000000011,9.5,3.6000000000000227,True
2023-02-06 00:00:00+00:00,07020,3,9,2,hybride,7.250000000000028,6.900000000000034,5.300000000000011,9.900000000000034,6.900000000000034,True
2023-02-06 03:00:00+00:00,07020,3,9,3,hybride,6.475000000000023,6.900000000000034,5.300000000000011,9.900000000000034,4.600000000000023,True
2023-07-24 09:00:00+00:00,07020,8,24,1,journaliere,17.700000000000017,15.400000000000034,17.80000000000001,17.600000000000023,17.80000000000001,True
2023-07-24 12:00:00+00:00,07020,8,24,2,journaliere,18.150000000000034,15.400000000000034,17.80000000000001,18.100000000000023,18.200000000000045,True
2023-07-24 15:00:00+00:00,07020,8,24,3,journaliere,18.650000000000034,15.400000000000034,17.80000000000001,19.200000000000045,18.100000000000023,True
2023-07-24 18:00:00+00:00,07020,8,24,4,journaliere,18.100000000000023,15.400000000000034,17.80000000000001,18.0,18.200000000000045,True
2023-07-24 21:00:00+00:00,07020,8,24,5,journaliere,16.55000000000001,15.400000000000034,17.80000000000001,16.80000000000001,16.30000000000001,True
2023-07-25 00:00:00+00:00,07020,8,24,6,journaliere,16.450000000000045,15.400000000000034,17.80000000000001,16.700000000000045,16.200000000000045,True
2023-07-25 03:00:00+00:00,07020,8,24,7,journaliere,15.750000000000028,15.400000000000034,17.80000000000001,16.100000000000023,15.400000000000034,True
2023-07-25 06:00:00+00:00,07020,8,24,8,journaliere,15.850000000000023,15.400000000000034,17.80000000000001,15.400000000000034,16.30000000000001,True
2024-02-05 09:00:00+00:00,07020,1,3,1,lineaire,10.100000000000023,10.200000000000044,10.0,10.800000000000011,11.300000000000011,True
2025-02-20 12:00:00+00:00,07020,1,3,1,lineaire,12.472143245449164,12.544286490898296,12.400000000000034,12.132776249997134,12.600000000000025,True
2025-04-14 09:00:00+00:00,07020,1,3,1,lineaire,10.800000000000011,8.800000000000011,12.800000000000011,11.600000000000025,10.400000000000034,True
2015-12-07 09:00:00+00:00,07027,1,3,1,lineaire,11.700000000000017,9.5,13.900000000000034,12.300000000000011,11.600000000000025,True
2016-10-06 09:00:00+00:00,07027,1,3,1,lineaire,9.550000000000011,5.5,13.600000000000025,13.0,10.700000000000044,True
2017-08-29 18:00:00+00:00,07027,3,9,1,hybride,20.012500000000024,23.600000000000023,16.30000000000001,23.900000000000038,12.600000000000025,True
2017-08-29 21:00:00+00:00,07027,3,9,2,hybride,17.825000000000017,23.600000000000023,16.30000000000001,19.30000000000001,12.100000000000025,True
2017-08-30 00:00:00+00:00,07027,3,9,3,hybride,16.23750000000002,23.600000000000023,16.30000000000001,17.80000000000001,10.900000000000034,True
2017-09-01 00:00:00+00:00,07027,1,3,1,lineaire,13.05000000000004,13.700000000000044,12.400000000000034,10.900000000000034,12.400000000000034,True
2017-11-14 03:00:00+00:00,07027,2,6,1,hybride,7.100000000000017,5.100000000000023,7.2000000000000455,7.800000000000011,9.0,True
2017-11-14 06:00:00+00:00,07027,2,6,2,hybride,7.375000000000033,5.100000000000023,7.2000000000000455,6.800000000000011,9.700000000000044,True
2017-11-29 03:00:00+00:00,07027,1,3,1,lineaire,3.1000000000000227,3.400000000000034,2.800000000000012,6.100000000000023,5.5,True
2017-12-21 06:00:00+00:00,07027,1,3,1,lineaire,9.500000000000028,9.100000000000025,9.900000000000034,6.900000000000034,9.600000000000025,True
2018-07-13 00:00:00+00:00,07027,3,9,1,hybride,15.550000000000033,15.700000000000044,21.900000000000038,14.5,13.200000000000044,True
2018-07-13 03:00:00+00:00,07027,3,9,2,hybride,15.550000000000026,15.700000000000044,21.900000000000038,12.0,12.600000000000025,True
2018-07-13 06:00:00+00:00,07027,3,9,3,hybride,17.825000000000024,15.700000000000044,21.900000000000038,15.0,15.600000000000025,True
2018-10-28 09:00:00+00:00,07027,2,6,1,hybride,6.725000000000013,4.600000000000023,8.5,8.0,7.100000000000023,True
2018-10-28 12:00:00+00:00,07027,2,6,2,hybride,7.975000000000017,4.600000000000023,8.5,8.800000000000011,8.700000000000045,True
2019-07-02 03:00:00+00:00,07027,2,6,1,hybride,12.833333333333346,11.300000000000011,19.30000000000001,12.300000000000011,11.100000000000025,True
2019-07-02 06:00:00+00:00,07027,2,6,2,hybride,15.616666666666683,11.300000000000011,19.30000000000001,14.200000000000044,15.0,True
2020-04-27 12:00:00+00:00,07027,1,3,1,lineaire,14.450000000000017,14.300000000000011,14.600000000000025,17.5,12.200000000000044,True
2020-12-05 03:00:00+00:00,07027,1,3,1,lineaire,1.200000000000017,1.0,1.400000000000034,4.7000000000000455,3.300000000000012,True
2021-12-05 00:00:00+00:00,07027,1,3,1,lineaire,4.75,4.5,5.0,12.200000000000044,,True
2021-12-06 00:00:00+00:00,07027,1,3,1,lineaire,6.200000000000017,7.300000000000011,5.100000000000023,,4.600000000000023,True
2023-02-01 12:00:00+00:00,07027,2,6,1,hybride,8.666666666666691,6.800000000000011,8.400000000000034,9.600000000000025,10.400000000000034,True
2023-02-01 15:00:00+00:00,07027,2,6,2,hybride,8.68333333333336,6.800000000000011,8.400000000000034,8.900000000000034,10.100000000000025,True
2023-02-05 21:00:00+00:00,07027,3,9,1,hybride,5.012500000000031,5.900000000000034,2.400000000000034,6.7000000000000455,3.300000000000012,True
2023-02-06 00:00:00+00:00,07027,3,9,2,hybride,4.350000000000037,5.900000000000034,2.400000000000034,6.7000000000000455,2.400000000000034,True
2023-02-06 03:00:00+00:00,07027,3,9,3,hybride,3.5375000000000227,5.900000000000034,2.400000000000034,7.100000000000023,0.5,True
2023-07-24 09:00:00+00:00,07027,8,24,1,journaliere,18.200000000000045,15.5,16.200000000000045,20.200000000000045,16.200000000000045,True
2023-07-24 12:00:00+00:00,07027,8,24,2,journaliere,18.850000000000023,15.5,16.200000000000045,19.700000000000045,18.0,True
2023-07-24 15:00:00+00:00,07027,8,24,3,journaliere,18.150000000000006,15.5,16.200000000000045,19.80000000000001,16.5,True
2023-07-24 18:00:00+00:00,07027,8,24,4,journaliere,18.950000000000017,15.5,16.200000000000045,19.30000000000001,18.600000000000023,True
2023-07-24 21:00:00+00:00,07027,8,24,5,journaliere,14.950000000000017,15.5,16.200000000000045,16.80000000000001,13.100000000000025,True
2023-07-25 00:00:00+00:00,07027,8,24,6,journaliere,14.100000000000023,15.5,16.200000000000045,15.5,12.700000000000044,True
2023-07-25 03:00:00+00:00,07027,8,24,7,journaliere,13.450000000000017,15.5,16.200000000000045,15.100000000000025,11.800000000000011,True
2023-07-25 06:00:00+00:00,07027,8,24,8,journaliere,14.600000000000023,15.5,16.200000000000045,15.5,13.700000000000044,True
2024-02-05 09:00:00+00:00,07027,1,3,1,lineaire,8.80000000000004,8.400000000000034,9.200000000000044,9.200000000000044,10.900000000000034,True
2025-02-20 12:00:00+00:00,07027,1,3,1,lineaire,13.550000000000011,12.600000000000025,14.5,10.5,14.5,True
2025-04-14 09:00:00+00:00,07027,1,3,1,lineaire,11.050000000000011,7.300000000000011,14.800000000000011,13.400000000000034,13.400000000000034,True
2015-12-07 09:00:00+00:00,07037,1,3,1,lineaire,10.250000000000028,8.700000000000045,11.800000000000011,9.700000000000044,8.0,True
2017-08-29 18:00:00+00:00,07037,3,9,1,hybride,24.55000000000002,32.60000000000002,17.400000000000034,27.100000000000023,13.5,True
2017-08-29 21:00:00+00:00,07037,3,9,2,hybride,20.650000000000034,32.60000000000002,17.400000000000034,21.700000000000045,10.900000000000034,True
2017-08-30 00:00:00+00:00,07037,3,9,3,hybride,17.97500000000003,32.60000000000002,17.400000000000034,18.400000000000038,11.100000000000025,True
2017-09-01 00:00:00+00:00,07037,1,3,1,lineaire,12.750000000000028,13.700000000000044,11.800000000000011,11.100000000000025,11.800000000000011,True
2017-11-14 03:00:00+00:00,07037,2,6,1,hybride,4.18333333333337,0.7000000000000455,3.300000000000012,6.400000000000034,7.2000000000000455,True
2017-11-14 06:00:00+00:00,07037,2,6,2,hybride,4.241666666666684,0.7000000000000455,3.300000000000012,5.100000000000023,7.0,True
2017-11-29 03:00:00+00:00,07037,1,3,1,lineaire,0.700000000000017,-0.3999999999999772,1.8000000000000114,5.300000000000011,2.6000000000000227,True
2017-12-21 06:00:00+00:00,07037,1,3,1,lineaire,8.700000000000017,8.5,8.900000000000034,4.400000000000034,8.200000000000045,True
2018-07-13 00:00:00+00:00,07037,3,9,1,hybride,17.387500000000017,18.600000000000023,21.5,13.900000000000034,17.0,True
2018-07-13 03:00:00+00:00,07037,3,9,2,hybride,17.17500000000001,18.600000000000023,21.5,13.100000000000025,15.5,True
2018-07-13 06:00:00+00:00,07037,3,9,3,hybride,18.28750000000001,18.600000000000023,21.5,14.300000000000011,17.30000000000001,True
2018-10-28 09:00:00+00:00,07037,2,6,1,hybride,4.441666666666691,3.900000000000034,6.7000000000000455,5.800000000000011,2.300000000000012,True
2018-10-28 12:00:00+00:00,07037,2,6,2,hybride,5.983333333333363,3.900000000000034,6.7000000000000455,7.600000000000023,4.800000000000011,True
2019-07-02 03:00:00+00:00,07037,2,6,1,hybride,13.00833333333335,11.100000000000025,19.400000000000038,12.0,12.300000000000011,True
2019-07-02 06:00:00+00:00,07037,2,6,2,hybride,15.366666666666696,11.100000000000025,19.400000000000038,13.700000000000044,14.5,True
2020-04-27 12:00:00+00:00,07037,1,3,1,lineaire,19.400000000000034,16.700000000000045,22.100000000000023,18.200000000000045,16.200000000000045,True
2020-12-05 03:00:00+00:00,07037,1,3,1,lineaire,2.1000000000000227,2.1000000000000227,2.1000000000000227,2.6000000000000227,4.300000000000011,True
2021-12-05 00:00:00+00:00,07037,1,3,1,lineaire,3.4000000000000057,3.8000000000000114,3.0,9.0,,True
2021-12-06 00:00:00+00:00,07037,1,3,1,lineaire,5.05000000000004,5.2000000000000455,4.900000000000034,,4.900000000000034,True
2023-02-01 12:00:00+00:00,07037,2,6,1,hybride,7.7833333333333545,6.400000000000034,7.800000000000011,8.0,9.400000000000034,True
2023-02-01 15:00:00+00:00,07037,2,6,2,hybride,8.091666666666688,6.400000000000034,7.800000000000011,8.400000000000034,9.300000000000011,True
2023-02-05 21:00:00+00:00,07037,3,9,1,hybride,4.275000000000013,5.5,0.3000000000000113,7.0,1.7000000000000457,True
2023-02-06 00:00:00+00:00,07037,3,9,2,hybride,3.2750000000000057,5.5,0.3000000000000113,6.5,0.8000000000000114,True
2023-02-06 03:00:00+00:00,07037,3,9,3,hybride,2.400000000000013,5.5,0.3000000000000113,5.900000000000034,0.5,True
2023-07-24 09:00:00+00:00,07037,8,24,1,journaliere,16.600000000000023,15.100000000000025,15.0,18.200000000000045,15.0,True
2023-07-24 12:00:00+00:00,07037,8,24,2,journaliere,17.950000000000017,15.100000000000025,15.0,18.80000000000001,17.100000000000023,True
2023-07-24 15:00:00+00:00,07037,8,24,3,journaliere,18.200000000000017,15.100000000000025,15.0,19.80000000000001,16.600000000000023,True
2023-07-24 18:00:00+00:00,07037,8,24,4,journaliere,19.450000000000017,15.100000000000025,15.0,21.0,17.900000000000034,True
2023-07-24 21:00:00+00:00,07037,8,24,5,journaliere,16.150000000000034,15.100000000000025,15.0,18.900000000000038,13.400000000000034,True
2023-07-25 00:00:00+00:00,07037,8,24,6,journaliere,13.600000000000023,15.100000000000025,15.0,16.80000000000001,10.400000000000034,True
2023-07-25 03:00:00+00:00,07037,8,24,7,journaliere,13.300000000000011,15.100000000000025,15.0,16.30000000000001,10.300000000000011,True
2023-07-25 06:00:00+00:00,07037,8,24,8,journaliere,13.700000000000017,15.100000000000025,15.0,15.100000000000025,12.300000000000011,True
2024-02-05 09:00:00+00:00,07037,1,3,1,lineaire,7.850000000000023,8.0,7.700000000000045,8.5,8.900000000000034,True
2025-02-20 12:00:00+00:00,07037,1,3,1,lineaire,11.150000000000034,8.700000000000045,13.600000000000025,6.0,12.600000000000025,True
2025-04-14 09:00:00+00:00,07037,1,3,1,lineaire,11.150000000000006,8.5,13.800000000000011,10.5,13.800000000000011,True
2015-12-07 09:00:00+00:00,07139,1,3,1,lineaire,9.950000000000017,7.100000000000023,12.800000000000011,9.300000000000011,8.600000000000023,True
2017-08-29 18:00:00+00:00,07139,3,9,1,hybride,25.11250000000002,33.30000000000001,17.200000000000045,28.600000000000023,13.300000000000011,True
2017-08-29 21:00:00+00:00,07139,3,9,2,hybride,20.850000000000023,33.30000000000001,17.200000000000045,21.100000000000023,11.800000000000011,True
2017-08-30 00:00:00+00:00,07139,3,9,3,hybride,18.262500000000024,33.30000000000001,17.200000000000045,19.600000000000023,11.0,True
2017-09-01 00:00:00+00:00,07139,1,3,1,lineaire,11.450000000000017,13.400000000000034,9.5,11.0,11.900000000000034,True
2017-11-14 03:00:00+00:00,07139,2,6,1,hybride,4.108333333333363,1.8000000000000114,2.900000000000034,5.400000000000034,6.7000000000000455,True
2017-11-14 06:00:00+00:00,07139,2,6,2,hybride,4.091666666666683,1.8000000000000114,2.900000000000034,5.300000000000011,6.0,True
2017-11-29 03:00:00+00:00,07139,1,3,1,lineaire,0.9500000000000456,0.7000000000000455,1.2000000000000457,7.5,2.300000000000012,True
2017-12-21 06:00:00+00:00,07139,1,3,1,lineaire,8.05000000000004,7.700000000000045,8.400000000000034,4.5,8.400000000000034,True
2018-07-13 00:00:00+00:00,07139,3,9,1,hybride,17.975000000000037,19.700000000000045,22.100000000000023,14.100000000000025,17.200000000000045,True
2018-07-13 03:00:00+00:00,07139,3,9,2,hybride,17.350000000000023,19.700000000000045,22.100000000000023,13.300000000000011,14.300000000000011,True
2018-07-13 06:00:00+00:00,07139,3,9,3,hybride,18.77500000000002,19.700000000000045,22.100000000000023,15.100000000000025,17.0,True
2018-10-28 09:00:00+00:00,07139,2,6,1,hybride,4.816666666666686,3.8000000000000114,7.2000000000000455,6.400000000000034,3.0,True
2018-10-28 12:00:00+00:00,07139,2,6,2,hybride,6.533333333333364,3.8000000000000114,7.2000000000000455,8.900000000000034,5.100000000000023,True
2019-07-02 03:00:00+00:00,07139,2,6,1,hybride,13.533333333333356,10.600000000000025,20.400000000000038,13.600000000000025,12.800000000000011,True
2019-07-02 06:00:00+00:00,07139,2,6,2,hybride,16.09166666666669,10.600000000000025,20.400000000000038,14.600000000000025,15.5,True
2020-04-27 12:00:00+00:00,07139,1,3,1,lineaire,17.850000000000023,18.900000000000038,16.80000000000001,20.0,15.600000000000025,True
2020-05-18 21:00:00+00:00,07139,1,3,1,lineaire,16.150000000000006,21.80000000000001,10.5,12.800000000000011,14.5,True
2020-12-05 03:00:00+00:00,07139,1,3,1,lineaire,1.5,2.5,0.5,4.100000000000023,5.0,True
2021-12-05 00:00:00+00:00,07139,1,3,1,lineaire,2.8500000000000227,3.7000000000000455,2.0,12.0,,True
2021-12-06 00:00:00+00:00,07139,1,3,1,lineaire,5.700000000000017,6.100000000000023,5.300000000000011,,4.400000000000034,True
2023-02-01 12:00:00+00:00,07139,2,6,1,hybride,7.516666666666685,7.100000000000023,7.800000000000011,7.300000000000011,8.100000000000023,True
2023-02-01 15:00:00+00:00,07139,2,6,2,hybride,8.15833333333334,7.100000000000023,7.800000000000011,8.5,9.0,True
2023-02-05 21:00:00+00:00,07139,3,9,1,hybride,4.687500000000014,5.300000000000011,2.400000000000034,6.5,3.1000000000000227,True
2023-02-06 00:00:00+00:00,07139,3,9,2,hybride,3.625000000000014,5.300000000000011,2.400000000000034,5.800000000000011,1.0,True
2023-02-06 03:00:00+00:00,07139,3,9,3,hybride,2.6625000000000227,5.300000000000011,2.400000000000034,4.600000000000023,-0.1999999999999886,True
2023-07-24 09:00:00+00:00,07139,8,24,1,journaliere,17.700000000000017,15.5,17.100000000000023,18.30000000000001,17.100000000000023,True
2023-07-24 12:00:00+00:00,07139,8,24,2,journaliere,18.850000000000023,15.5,17.100000000000023,18.5,19.200000000000045,True
2023-07-24 15:00:00+00:00,07139,8,24,3,journaliere,19.50000000000003,15.5,17.100000000000023,21.80000000000001,17.200000000000045,True
2023-07-24 18:00:00+00:00,07139,8,24,4,journaliere,19.600000000000023,15.5,17.100000000000023,21.600000000000023,17.600000000000023,True
2023-07-24 21:00:00+00:00,07139,8,24,5,journaliere,16.05000000000001,15.5,17.100000000000023,17.5,14.600000000000025,True
2023-07-25 00:00:00+00:00,07139,8,24,6,journaliere,15.350000000000023,15.5,17.100000000000023,17.100000000000023,13.600000000000025,True
2023-07-25 03:00:00+00:00,07139,8,24,7,journaliere,13.5,15.5,17.100000000000023,15.5,11.5,True
2023-07-25 06:00:00+00:00,07139,8,24,8,journaliere,14.200000000000017,15.5,17.100000000000023,15.5,12.900000000000034,True
2024-02-05 09:00:00+00:00,07139,1,3,1,lineaire,7.650000000000006,7.800000000000011,7.5,8.800000000000011,8.400000000000034,True
2025-02-20 12:00:00+00:00,07139,1,3,1,lineaire,11.750000000000028,8.800000000000011,14.700000000000044,8.0,14.200000000000044,True
2025-04-14 09:00:00+00:00,07139,1,3,1,lineaire,11.150000000000034,7.600000000000023,14.700000000000044,12.200000000000044,11.800000000000011,True
2015-12-07 09:00:00+00:00,07314,1,3,1,lineaire,11.800000000000011,8.5,15.100000000000025,10.400000000000034,11.5,True
2016-06-23 09:00:00+00:00,07314,1,3,1,lineaire,20.700000000000017,20.5,20.900000000000038,25.400000000000038,19.700000000000045,True
2016-10-06 09:00:00+00:00,07314,1,3,1,lineaire,13.55000000000004,12.900000000000034,14.200000000000044,16.900000000000034,11.200000000000044,True
2017-08-29 18:00:00+00:00,07314,3,9,1,hybride,21.425000000000033,23.600000000000023,20.400000000000038,23.400000000000038,16.700000000000045,True
2017-08-29 21:00:00+00:00,07314,3,9,2,hybride,20.87500000000003,23.600000000000023,20.400000000000038,23.100000000000023,16.400000000000034,True
2017-08-30 00:00:00+00:00,07314,3,9,3,hybride,20.00000000000002,23.600000000000023,20.400000000000038,22.600000000000023,15.0,True
2017-09-01 00:00:00+00:00,07314,1,3,1,lineaire,17.950000000000017,17.80000000000001,18.100000000000023,15.0,16.900000000000034,True
2017-11-14 03:00:00+00:00,07314,2,6,1,hybride,8.341666666666686,8.800000000000011,8.0,9.100000000000025,7.2000000000000455,True
2017-11-14 06:00:00+00:00,07314,2,6,2,hybride,8.00833333333335,8.800000000000011,8.0,8.300000000000011,7.2000000000000455,True
2017-11-29 03:00:00+00:00,07314,1,3,1,lineaire,7.150000000000006,8.5,5.800000000000011,12.800000000000011,7.300000000000011,True
2017-12-21 06:00:00+00:00,07314,1,3,1,lineaire,9.200000000000017,8.800000000000011,9.600000000000025,5.900000000000034,9.600000000000025,True
2018-07-13 00:00:00+00:00,07314,3,9,1,hybride,19.537500000000016,19.80000000000001,22.5,18.5,18.700000000000045,True
2018-07-13 03:00:00+00:00,07314,3,9,2,hybride,19.775000000000006,19.80000000000001,22.5,18.0,18.80000000000001,True
2018-07-13 06:00:00+00:00,07314,3,9,3,hybride,20.18750000000002,19.80000000000001,22.5,18.400000000000038,18.700000000000045,True
2018-10-28 09:00:00+00:00,07314,2,6,1,hybride,6.925000000000026,5.600000000000023,8.600000000000023,9.600000000000025,4.900000000000034,True
2018-10-28 12:00:00+00:00,07314,2,6,2,hybride,8.125000000000014,5.600000000000023,8.600000000000023,11.800000000000011,5.5,True
2019-07-02 03:00:00+00:00,07314,2,6,1,hybride,20.133333333333375,19.200000000000045,21.200000000000045,20.200000000000045,20.600000000000023,True
2019-07-02 06:00:00+00:00,07314,2,6,2,hybride,20.11666666666671,19.200000000000045,21.200000000000045,19.200000000000045,20.200000000000045,True
2020-04-27 12:00:00+00:00,07314,1,3,1,lineaire,14.600000000000023,14.900000000000034,14.300000000000011,18.200000000000045,15.200000000000044,True
2020-12-05 03:00:00+00:00,07314,1,3,1,lineaire,5.541590403326314,4.600000000000023,6.483180806652605,8.125736272319923,9.070148821609946,True
2021-12-05 00:00:00+00:00,07314,1,3,1,lineaire,10.100000000000023,10.300000000000011,9.900000000000034,13.200000000000044,,True
2021-12-06 00:00:00+00:00,07314,1,3,1,lineaire,9.900000000000034,9.900000000000034,9.900000000000034,,10.900000000000034,True
2023-02-01 12:00:00+00:00,07314,2,6,1,hybride,8.866666666666688,8.5,8.300000000000011,8.900000000000034,9.700000000000044,True
2023-02-01 15:00:00+00:00,07314,2,6,2,hybride,8.983333333333348,8.5,8.300000000000011,9.200000000000044,10.0,True
2023-02-05 21:00:00+00:00,07314,3,9,1,hybride,8.162500000000037,9.900000000000034,4.800000000000011,9.200000000000044,6.2000000000000455,True
2023-02-06 00:00:00+00:00,07314,3,9,2,hybride,7.175000000000026,9.900000000000034,4.800000000000011,8.800000000000011,5.2000000000000455,True
2023-02-06 03:00:00+00:00,07314,3,9,3,hybride,6.4125000000000085,9.900000000000034,4.800000000000011,8.5,5.0,True
2023-07-24 09:00:00+00:00,07314,8,24,1,journaliere,18.400000000000034,19.5,17.700000000000045,19.100000000000023,17.700000000000045,True
2023-07-24 12:00:00+00:00,07314,8,24,2,journaliere,20.900000000000034,19.5,17.700000000000045,22.100000000000023,19.700000000000045,True
2023-07-24 15:00:00+00:00,07314,8,24,3,journaliere,20.55000000000001,19.5,17.700000000000045,21.0,20.100000000000023,True
2023-07-24 18:00:00+00:00,07314,8,24,4,journaliere,19.700000000000017,19.5,17.700000000000045,20.100000000000023,19.30000000000001,True
2023-07-24 21:00:00+00:00,07314,8,24,5,journaliere,19.05000000000004,19.5,17.700000000000045,19.900000000000038,18.200000000000045,True
2023-07-25 00:00:00+00:00,07314,8,24,6,journaliere,18.650000000000034,19.5,17.700000000000045,19.600000000000023,17.700000000000045,True
2023-07-25 03:00:00+00:00,07314,8,24,7,journaliere,18.05000000000001,19.5,17.700000000000045,18.5,17.600000000000023,True
2023-07-25 06:00:00+00:00,07314,8,24,8,journaliere,18.950000000000017,19.5,17.700000000000045,19.5,18.400000000000038,True
2024-02-05 09:00:00+00:00,07314,1,3,1,lineaire,7.850000000000023,7.5,8.200000000000045,8.600000000000023,10.700000000000044,True
2025-02-20 12:00:00+00:00,07314,1,3,1,lineaire,12.200000000000017,10.900000000000034,13.5,12.700000000000044,14.900000000000034,True
2025-04-14 09:00:00+00:00,07314,1,3,1,lineaire,11.150000000000034,9.100000000000025,13.200000000000044,13.100000000000025,11.700000000000044,True
2015-12-07 09:00:00+00:00,07335,1,3,1,lineaire,10.750000000000028,6.600000000000023,14.900000000000034,11.300000000000011,9.5,True
2016-06-23 09:00:00+00:00,07335,1,3,1,lineaire,25.200000000000017,21.5,28.900000000000038,25.400000000000038,18.5,True
2016-10-06 09:00:00+00:00,07335,1,3,1,lineaire,9.55000000000004,5.400000000000034,13.700000000000044,13.800000000000011,8.900000000000034,True
2017-08-29 18:00:00+00:00,07335,3,9,1,hybride,25.962500000000027,31.200000000000045,18.900000000000038,32.10000000000002,15.5,True
2017-08-29 21:00:00+00:00,07335,3,9,2,hybride,23.12500000000003,31.200000000000045,18.900000000000038,27.30000000000001,15.100000000000025,True
2017-08-30 00:00:00+00:00,07335,3,9,3,hybride,20.337500000000027,31.200000000000045,18.900000000000038,24.80000000000001,12.600000000000025,True
2017-09-01 00:00:00+00:00,07335,1,3,1,lineaire,11.80000000000004,14.900000000000034,8.700000000000045,12.600000000000025,10.0,True
2017-11-14 03:00:00+00:00,07335,2,6,1,hybride,1.4083333333333643,1.3000000000000114,2.700000000000045,2.700000000000045,-0.5999999999999659,True
2017-11-14 06:00:00+00:00,07335,2,6,2,hybride,1.791666666666695,1.3000000000000114,2.700000000000045,3.300000000000012,-0.5999999999999659,True
2017-11-29 03:00:00+00:00,07335,1,3,1,lineaire,2.950000000000017,4.300000000000011,1.6000000000000227,6.900000000000034,0.4000000000000341,True
2017-12-21 06:00:00+00:00,07335,1,3,1,lineaire,6.900000000000006,6.5,7.300000000000011,0.4000000000000341,7.800000000000011,True
2018-07-13 00:00:00+00:00,07335,3,9,1,hybride,18.68750000000003,19.900000000000038,24.400000000000038,14.600000000000025,18.100000000000023,True
2018-07-13 03:00:00+00:00,07335,3,9,2,hybride,18.300000000000026,19.900000000000038,24.400000000000038,12.800000000000011,16.100000000000023,True
2018-07-13 06:00:00+00:00,07335,3,9,3,hybride,19.83750000000002,19.900000000000038,24.400000000000038,15.800000000000011,17.0,True
2018-10-28 09:00:00+00:00,07335,2,6,1,hybride,4.133333333333349,3.5,5.2000000000000455,5.100000000000023,3.300000000000012,True
2018-10-28 12:00:00+00:00,07335,2,6,2,hybride,5.958670227839647,3.5,5.2000000000000455,9.900000000000034,4.668014244691829,True
2019-07-02 03:00:00+00:00,07335,2,6,1,hybride,19.033333333333346,17.80000000000001,21.0,19.30000000000001,19.100000000000023,True
2019-07-02 06:00:00+00:00,07335,2,6,2,hybride,19.191666666666677,17.80000000000001,21.0,18.900000000000038,18.0,True
2020-04-27 12:00:00+00:00,07335,1,3,1,lineaire,19.650000000000006,19.30000000000001,20.0,21.900000000000038,14.700000000000044,True
2020-12-05 03:00:00+00:00,07335,1,3,1,lineaire,2.200000000000017,2.1000000000000227,2.300000000000012,4.5,5.100000000000023,True
2021-12-05 00:00:00+00:00,07335,1,3,1,lineaire,4.150000000000034,4.400000000000034,3.900000000000034,11.900000000000034,,True
2021-12-06 00:00:00+00:00,07335,1,3,1,lineaire,5.900000000000006,6.0,5.800000000000011,,5.800000000000011,True
2023-02-01 12:00:00+00:00,07335,2,6,1,hybride,7.458333333333362,6.600000000000023,7.100000000000023,6.7000000000000455,9.600000000000025,True
2023-02-01 15:00:00+00:00,07335,2,6,2,hybride,7.491666666666683,6.600000000000023,7.100000000000023,7.0,9.100000000000025,True
2023-02-05 21:00:00+00:00,07335,3,9,1,hybride,5.300000000000011,7.0,-0.3999999999999772,8.300000000000011,2.6000000000000227,True
2023-02-06 00:00:00+00:00,07335,3,9,2,hybride,3.750000000000014,7.0,-0.3999999999999772,7.600000000000023,0.8000000000000114,True
2023-02-06 03:00:00+00:00,07335,3,9,3,hybride,2.52500000000002,7.0,-0.3999999999999772,7.100000000000023,0.1000000000000227,True
2023-07-24 09:00:00+00:00,07335,8,24,1,journaliere,19.100000000000023,17.30000000000001,17.400000000000034,20.80000000000001,17.400000000000034,True
2023-07-24 12:00:00+00:00,07335,8,24,2,journaliere,23.05000000000001,17.30000000000001,17.400000000000034,25.600000000000023,20.5,True
2023-07-24 15:00:00+00:00,07335,8,24,3,journaliere,23.650000000000038,17.30000000000001,17.400000000000034,25.900000000000038,21.400000000000038,True
2023-07-24 18:00:00+00:00,07335,8,24,4,journaliere,21.600000000000023,17.30000000000001,17.400000000000034,22.700000000000045,20.5,True
2023-07-24 21:00:00+00:00,07335,8,24,5,journaliere,18.350000000000023,17.30000000000001,17.400000000000034,19.80000000000001,16.900000000000034,True
2023-07-25 00:00:00+00:00,07335,8,24,6,journaliere,15.400000000000036,17.30000000000001,17.400000000000034,18.900000000000038,11.900000000000034,True
2023-07-25 03:00:00+00:00,07335,8,24,7,journaliere,13.700000000000017,17.30000000000001,17.400000000000034,17.80000000000001,9.600000000000025,True
2023-07-25 06:00:00+00:00,07335,8,24,8,journaliere,15.050000000000011,17.30000000000001,17.400000000000034,17.30000000000001,12.800000000000011,True
2024-02-05 09:00:00+00:00,07335,1,3,1,lineaire,6.100000000000023,6.2000000000000455,6.0,7.5,6.600000000000023,True
2025-02-20 12:00:00+00:00,07335,1,3,1,lineaire,14.25,11.5,17.0,13.400000000000034,13.700000000000044,True
2025-04-14 09:00:00+00:00,07335,1,3,1,lineaire,11.000000000000028,7.100000000000023,14.900000000000034,12.5,12.700000000000044,True
2015-12-07 09:00:00+00:00,07434,1,3,1,lineaire,11.700000000000017,9.0,14.400000000000034,9.200000000000044,8.700000000000045,True
2016-06-23 09:00:00+00:00,07434,1,3,1,lineaire,25.850000000000023,23.0,28.700000000000045,25.400000000000038,18.5,True
2016-10-06 09:00:00+00:00,07434,1,3,1,lineaire,9.450000000000017,5.600000000000023,13.300000000000011,11.5,8.600000000000023,True
2017-08-29 18:00:00+00:00,07434,3,9,1,hybride,24.812500000000036,27.200000000000045,18.900000000000038,29.900000000000038,19.100000000000023,True
2017-08-29 21:00:00+00:00,07434,3,9,2,hybride,21.975000000000037,27.200000000000045,18.900000000000038,26.600000000000023,15.200000000000044,True
2017-08-30 00:00:00+00:00,07434,3,9,3,hybride,19.962500000000027,27.200000000000045,18.900000000000038,24.100000000000023,13.800000000000011,True
2017-09-01 00:00:00+00:00,07434,1,3,1,lineaire,11.096265688682916,13.800000000000011,8.392531377365819,13.800000000000011,10.900000000000034,True
2017-11-14 03:00:00+00:00,07434,2,6,1,hybride,1.8000000000000302,2.200000000000045,3.1000000000000227,1.900000000000034,0.3000000000000113,True
2017-11-14 06:00:00+00:00,07434,2,6,2,hybride,1.925000000000035,2.200000000000045,3.1000000000000227,1.900000000000034,0.2000000000000454,True
2017-11-29 03:00:00+00:00,07434,1,3,1,lineaire,2.0500000000000114,2.6000000000000227,1.5,3.6000000000000227,0.3000000000000113,True
2017-12-21 06:00:00+00:00,07434,1,3,1,lineaire,4.750000000000028,4.400000000000034,5.100000000000023,1.1000000000000227,5.900000000000034,True
2018-07-13 00:00:00+00:00,07434,3,9,1,hybride,19.31250000000002,20.400000000000038,22.700000000000045,15.0,20.30000000000001,True
2018-07-13 03:00:00+00:00,07434,3,9,2,hybride,19.05000000000004,20.400000000000038,22.700000000000045,14.900000000000034,18.200000000000045,True
2018-07-13 06:00:00+00:00,07434,3,9,3,hybride,19.412500000000044,20.400000000000038,22.700000000000045,16.200000000000045,17.200000000000045,True
2018-10-28 09:00:00+00:00,07434,2,6,1,hybride,3.28333333333335,2.0,3.400000000000034,5.0,3.200000000000045,True
2018-10-28 12:00:00+00:00,07434,2,6,2,hybride,3.791666666666695,2.0,3.400000000000034,6.400000000000034,2.900000000000034,True
2019-07-02 03:00:00+00:00,07434,2,6,1,hybride,19.141666666666694,19.900000000000038,21.200000000000045,19.100000000000023,16.80000000000001,True
2019-07-02 06:00:00+00:00,07434,2,6,2,hybride,19.50833333333337,19.900000000000038,21.200000000000045,18.80000000000001,17.700000000000045,True
2020-04-27 12:00:00+00:00,07434,1,3,1,lineaire,16.55000000000001,16.600000000000023,16.5,18.700000000000045,14.700000000000044,True
2020-12-05 03:00:00+00:00,07434,1,3,1,lineaire,1.9500000000000173,1.6000000000000227,2.300000000000012,4.300000000000011,4.100000000000023,True
2021-12-05 00:00:00+00:00,07434,1,3,1,lineaire,3.0500000000000114,3.0,3.1000000000000227,7.900000000000034,,True
2021-12-06 00:00:00+00:00,07434,1,3,1,lineaire,3.5000000000000284,3.6000000000000227,3.400000000000034,,6.300000000000011,True
2023-02-01 12:00:00+00:00,07434,2,6,1,hybride,4.975000000000017,3.900000000000034,5.100000000000023,4.5,6.800000000000011,True
2023-02-01 15:00:00+00:00,07434,2,6,2,hybride,5.475000000000028,3.900000000000034,5.100000000000023,5.7000000000000455,6.800000000000011,True
2023-02-05 21:00:00+00:00,07434,3,9,1,hybride,5.46250000000002,7.0,2.700000000000045,6.900000000000034,3.1000000000000227,True
2023-02-06 00:00:00+00:00,07434,3,9,2,hybride,4.225000000000023,7.0,2.700000000000045,6.2000000000000455,1.0,True
2023-02-06 03:00:00+00:00,07434,3,9,3,hybride,3.2375000000000256,7.0,2.700000000000045,5.600000000000023,-0.1999999999999886,True
2023-07-24 09:00:00+00:00,07434,8,24,1,journaliere,17.400000000000034,16.5,14.100000000000025,20.700000000000045,14.100000000000025,True
2023-07-24 12:00:00+00:00,07434,8,24,2,journaliere,20.200000000000045,16.5,14.100000000000025,22.700000000000045,17.700000000000045,True
2023-07-24 15:00:00+00:00,07434,8,24,3,journaliere,21.55000000000001,16.5,14.100000000000025,23.30000000000001,19.80000000000001,True
2023-07-24 18:00:00+00:00,07434,8,24,4,journaliere,20.30000000000001,16.5,14.100000000000025,22.5,18.100000000000023,True
2023-07-24 21:00:00+00:00,07434,8,24,5,journaliere,16.850000000000023,16.5,14.100000000000025,19.200000000000045,14.5,True
2023-07-25 00:00:00+00:00,07434,8,24,6,journaliere,14.450000000000017,16.5,14.100000000000025,16.900000000000034,12.0,True
2023-07-25 03:00:00+00:00,07434,8,24,7,journaliere,13.5,16.5,14.100000000000025,16.0,11.0,True
2023-07-25 06:00:00+00:00,07434,8,24,8,journaliere,14.100000000000023,16.5,14.100000000000025,16.5,11.700000000000044,True
2024-02-05 09:00:00+00:00,07434,1,3,1,lineaire,2.3000000000000114,1.8000000000000114,2.800000000000012,2.400000000000034,3.900000000000034,True
2025-02-20 12:00:00+00:00,07434,1,3,1,lineaire,13.000000000000028,9.900000000000034,16.100000000000023,14.600000000000025,12.5,True
2025-04-14 09:00:00+00:00,07434,1,3,1,lineaire,12.600000000000023,7.0,18.200000000000045,11.900000000000034,10.0,True
2015-12-07 09:00:00+00:00,07510,1,3,1,lineaire,11.850000000000023,8.600000000000023,15.100000000000025,9.200000000000044,10.600000000000025,True
2016-06-23 09:00:00+00:00,07510,1,3,1,lineaire,24.950000000000017,19.5,30.400000000000038,27.400000000000038,21.200000000000045,True
2016-10-06 09:00:00+00:00,07510,1,3,1,lineaire,16.100000000000023,13.600000000000025,18.600000000000023,19.600000000000023,10.900000000000034,True
2017-08-29 18:00:00+00:00,07510,3,9,1,hybride,26.600000000000044,30.700000000000045,19.900000000000038,31.200000000000045,19.200000000000045,True
2017-08-29 21:00:00+00:00,07510,3,9,2,hybride,23.37500000000003,30.700000000000045,19.900000000000038,26.0,16.900000000000034,True
2017-08-30 00:00:00+00:00,07510,3,9,3,hybride,21.22500000000003,30.700000000000045,19.900000000000038,23.30000000000001,16.400000000000034,True
2017-09-01 00:00:00+00:00,07510,1,3,1,lineaire,13.300000000000011,15.600000000000025,11.0,16.400000000000034,12.5,True
2017-11-14 03:00:00+00:00,07510,2,6,1,hybride,3.4333333333333513,2.300000000000012,5.5,4.600000000000023,2.400000000000034,True
2017-11-14 06:00:00+00:00,07510,2,6,2,hybride,3.51666666666668,2.300000000000012,5.5,3.6000000000000227,1.6000000000000227,True
2017-11-29 03:00:00+00:00,07510,1,3,1,lineaire,3.1000000000000227,4.300000000000011,1.900000000000034,5.300000000000011,-1.5,True
2017-12-21 06:00:00+00:00,07510,1,3,1,lineaire,6.150000000000034,6.600000000000023,5.7000000000000455,-0.0999999999999659,7.700000000000045,True
2018-07-13 00:00:00+00:00,07510,3,9,1,hybride,20.725000000000023,20.5,22.100000000000023,19.900000000000038,21.200000000000045,True
2018-07-13 03:00:00+00:00,07510,3,9,2,hybride,20.27500000000002,20.5,22.100000000000023,17.200000000000045,21.30000000000001,True
2018-07-13 06:00:00+00:00,07510,3,9,3,hybride,20.37500000000003,20.5,22.100000000000023,16.900000000000034,21.200000000000045,True
2018-10-28 09:00:00+00:00,07510,2,6,1,hybride,5.458333333333357,4.100000000000023,5.2000000000000455,8.0,4.900000000000034,True
2018-10-28 12:00:00+00:00,07510,2,6,2,hybride,6.591666666666697,4.100000000000023,5.2000000000000455,11.400000000000034,5.300000000000011,True
2019-07-02 03:00:00+00:00,07510,2,6,1,hybride,19.7916666666667,19.400000000000038,21.30000000000001,18.900000000000038,20.200000000000045,True
2019-07-02 06:00:00+00:00,07510,2,6,2,hybride,20.408333333333346,19.400000000000038,21.30000000000001,19.5,20.80000000000001,True
2020-04-27 12:00:00+00:00,07510,1,3,1,lineaire,15.850000000000023,14.600000000000025,17.100000000000023,20.900000000000038,13.200000000000044,True
2020-12-05 03:00:00+00:00,07510,1,3,1,lineaire,4.050000000000011,3.5,4.600000000000023,5.900000000000034,6.400000000000034,True
2021-12-05 00:00:00+00:00,07510,1,3,1,lineaire,6.650000000000034,7.100000000000023,6.2000000000000455,12.900000000000034,,True
2021-12-06 00:00:00+00:00,07510,1,3,1,lineaire,5.75,6.5,5.0,,8.800000000000011,True
2023-02-01 12:00:00+00:00,07510,2,6,1,hybride,9.17500000000004,6.2000000000000455,9.200000000000044,11.600000000000025,10.700000000000044,True
2023-02-01 15:00:00+00:00,07510,2,6,2,hybride,9.67500000000004,6.2000000000000455,9.200000000000044,11.100000000000025,11.200000000000044,True
2023-02-05 21:00:00+00:00,07510,3,9,1,hybride,6.63750000000001,7.5,2.400000000000034,9.100000000000025,5.0,True
2023-02-06 00:00:00+00:00,07510,3,9,2,hybride,5.325000000000017,7.5,2.400000000000034,8.900000000000034,2.5,True
2023-02-06 03:00:00+00:00,07510,3,9,3,hybride,4.237500000000033,7.5,2.400000000000034,8.400000000000034,1.2000000000000457,True
2023-07-24 09:00:00+00:00,07510,8,24,1,journaliere,21.450000000000045,19.80000000000001,21.200000000000045,21.700000000000045,21.200000000000045,True
2023-07-24 12:00:00+00:00,07510,8,24,2,journaliere,23.100000000000023,19.80000000000001,21.200000000000045,23.100000000000023,23.100000000000023,True
2023-07-24 15:00:00+00:00,07510,8,24,3,journaliere,23.450000000000017,19.80000000000001,21.200000000000045,24.80000000000001,22.100000000000023,True
2023-07-24 18:00:00+00:00,07510,8,24,4,journaliere,22.600000000000023,19.80000000000001,21.200000000000045,24.200000000000045,21.0,True
2023-07-24 21:00:00+00:00,07510,8,24,5,journaliere,19.30000000000001,19.80000000000001,21.200000000000045,20.5,18.100000000000023,True
2023-07-25 00:00:00+00:00,07510,8,24,6,journaliere,18.05000000000001,19.80000000000001,21.200000000000045,19.5,16.600000000000023,True
2023-07-25 03:00:00+00:00,07510,8,24,7,journaliere,18.150000000000034,19.80000000000001,21.200000000000045,19.600000000000023,16.700000000000045,True
2023-07-25 06:00:00+00:00,07510,8,24,8,journaliere,18.150000000000006,19.80000000000001,21.200000000000045,19.80000000000001,16.5,True
2024-02-05 09:00:00+00:00,07510,1,3,1,lineaire,4.30000000000004,4.2000000000000455,4.400000000000034,4.5,7.800000000000011,True
2025-02-20 12:00:00+00:00,07510,1,3,1,lineaire,16.00000000000003,11.200000000000044,20.80000000000001,17.5,15.200000000000044,True
2025-04-14 09:00:00+00:00,07510,1,3,1,lineaire,13.450000000000045,7.2000000000000455,19.700000000000045,13.400000000000034,13.0,True
2015-12-07 09:00:00+00:00,07607,1,3,1,lineaire,10.000000000000028,4.600000000000023,15.400000000000034,9.100000000000025,6.600000000000023,True
2016-06-23 09:00:00+00:00,07607,1,3,1,lineaire,24.650000000000006,19.5,29.80000000000001,27.400000000000038,21.700000000000045,True
2016-10-06 09:00:00+00:00,07607,1,3,1,lineaire,17.25,13.5,21.0,19.600000000000023,10.900000000000034,True
2017-08-29 18:00:00+00:00,07607,3,9,1,hybride,27.150000000000006,29.5,19.5,33.0,21.600000000000023,True
2017-08-29 21:00:00+00:00,07607,3,9,2,hybride,22.125000000000014,29.5,19.5,21.400000000000038,18.100000000000023,True
2017-08-30 00:00:00+00:00,07607,3,9,3,hybride,20.30000000000001,29.5,19.5,20.700000000000045,16.5,True
2017-09-01 00:00:00+00:00,07607,1,3,1,lineaire,12.250000000000028,14.800000000000011,9.700000000000044,16.5,13.800000000000011,True
2017-11-14 03:00:00+00:00,07607,2,6,1,hybride,1.575000000000022,-0.0999999999999659,2.300000000000012,6.100000000000023,-1.1999999999999886,True
2017-11-14 06:00:00+00:00,07607,2,6,2,hybride,0.7000000000000124,-0.0999999999999659,2.300000000000012,2.0,-2.1999999999999886,True
2017-11-29 03:00:00+00:00,07607,1,3,1,lineaire,5.250000000000028,5.900000000000034,4.600000000000023,-2.2999999999999545,-1.6999999999999886,True
2017-12-21 06:00:00+00:00,07607,1,3,1,lineaire,6.30000000000004,5.900000000000034,6.7000000000000455,0.4000000000000341,6.600000000000023,True
2018-07-13 00:00:00+00:00,07607,3,9,1,hybride,19.525000000000027,20.200000000000045,18.80000000000001,17.600000000000023,20.80000000000001,True
2018-07-13 03:00:00+00:00,07607,3,9,2,hybride,19.000000000000014,20.200000000000045,18.80000000000001,16.5,20.5,True
2018-07-13 06:00:00+00:00,07607,3,9,3,hybride,18.75000000000002,20.200000000000045,18.80000000000001,16.700000000000045,20.0,True
2018-10-28 09:00:00+00:00,07607,2,6,1,hybride,5.241666666666703,3.200000000000045,5.100000000000023,8.700000000000045,4.600000000000023,True
2018-10-28 12:00:00+00:00,07607,2,6,2,hybride,6.6083333333333485,3.200000000000045,5.100000000000023,11.0,6.5,True
2019-07-02 03:00:00+00:00,07607,2,6,1,hybride,18.80833333333336,18.100000000000023,21.600000000000023,18.600000000000023,18.100000000000023,True
2019-07-02 06:00:00+00:00,07607,2,6,2,hybride,19.591666666666676,18.100000000000023,21.600000000000023,18.5,19.0,True
2020-04-27 12:00:00+00:00,07607,1,3,1,lineaire,15.950000000000017,15.300000000000011,16.600000000000023,19.400000000000038,11.900000000000034,True
2020-12-05 03:00:00+00:00,07607,1,3,1,lineaire,3.4000000000000057,3.5,3.300000000000012,7.0,6.7000000000000455,True
2021-12-05 00:00:00+00:00,07607,1,3,1,lineaire,7.150000000000006,7.0,7.300000000000011,11.5,,True
2021-12-06 00:00:00+00:00,07607,1,3,1,lineaire,4.400000000000034,4.600000000000023,4.2000000000000455,,9.600000000000025,True
2023-02-01 12:00:00+00:00,07607,2,6,1,hybride,7.966666666666692,5.400000000000034,4.900000000000034,10.300000000000011,11.100000000000025,True
2023-02-01 15:00:00+00:00,07607,2,6,2,hybride,8.458333333333362,5.400000000000034,4.900000000000034,11.700000000000044,12.0,True
2023-02-05 21:00:00+00:00,07607,3,9,1,hybride,4.900000000000006,9.0,-1.0,5.600000000000023,1.0,True
2023-02-06 00:00:00+00:00,07607,3,9,2,hybride,3.200000000000003,9.0,-1.0,6.300000000000011,-1.5,True
2023-02-06 03:00:00+00:00,07607,3,9,3,hybride,1.65000000000002,9.0,-1.0,6.400000000000034,-2.7999999999999545,True
2023-07-24 09:00:00+00:00,07607,8,24,1,journaliere,21.450000000000017,20.700000000000045,18.900000000000038,24.0,18.900000000000038,True
2023-07-24 12:00:00+00:00,07607,8,24,2,journaliere,25.55000000000004,20.700000000000045,18.900000000000038,28.200000000000045,22.900000000000038,True
2023-07-24 15:00:00+00:00,07607,8,24,3,journaliere,27.0,20.700000000000045,18.900000000000038,30.5,23.5,True
2023-07-24 18:00:00+00:00,07607,8,24,4,journaliere,24.650000000000006,20.700000000000045,18.900000000000038,28.0,21.30000000000001,True
2023-07-24 21:00:00+00:00,07607,8,24,5,journaliere,19.75000000000003,20.700000000000045,18.900000000000038,21.200000000000045,18.30000000000001,True
2023-07-25 00:00:00+00:00,07607,8,24,6,journaliere,18.850000000000023,20.700000000000045,18.900000000000038,20.700000000000045,17.0,True
2023-07-25 03:00:00+00:00,07607,8,24,7,journaliere,18.30000000000004,20.700000000000045,18.900000000000038,20.700000000000045,15.900000000000034,True
2023-07-25 06:00:00+00:00,07607,8,24,8,journaliere,18.650000000000034,20.700000000000045,18.900000000000038,20.700000000000045,16.600000000000023,True
2024-02-05 09:00:00+00:00,07607,1,3,1,lineaire,4.900000000000034,4.400000000000034,5.400000000000034,3.5,8.900000000000034,True
2025-02-20 12:00:00+00:00,07607,1,3,1,lineaire,16.150000000000006,10.5,21.80000000000001,18.900000000000038,15.400000000000034,True
2025-04-14 09:00:00+00:00,07607,1,3,1,lineaire,13.400000000000034,7.700000000000045,19.100000000000023,14.400000000000034,10.900000000000034,True
2015-12-07 09:00:00+00:00,07535,1,3,1,lineaire,12.500000000000028,8.900000000000034,16.100000000000023,9.900000000000034,13.200000000000044,True
2016-06-23 09:00:00+00:00,07535,1,3,1,lineaire,26.25,22.5,30.0,28.30000000000001,23.100000000000023,True
2016-10-06 09:00:00+00:00,07535,1,3,1,lineaire,15.450000000000017,13.100000000000025,17.80000000000001,14.400000000000034,14.300000000000011,True
2017-08-29 18:00:00+00:00,07535,3,9,1,hybride,27.43750000000002,30.100000000000023,19.400000000000038,31.600000000000023,23.30000000000001,True
2017-08-29 21:00:00+00:00,07535,3,9,2,hybride,23.150000000000034,30.100000000000023,19.400000000000038,23.900000000000038,19.200000000000045,True
2017-08-30 00:00:00+00:00,07535,3,9,3,hybride,20.362500000000033,30.100000000000023,19.400000000000038,21.200000000000045,16.100000000000023,True
2017-09-01 00:00:00+00:00,07535,1,3,1,lineaire,9.80000000000004,11.400000000000034,8.200000000000045,16.100000000000023,10.900000000000034,True
2017-11-14 03:00:00+00:00,07535,2,6,1,hybride,1.5000000000000284,2.400000000000034,3.0,2.6000000000000227,-1.7999999999999543,True
2017-11-14 06:00:00+00:00,07535,2,6,2,hybride,1.40000000000002,2.400000000000034,3.0,2.6000000000000227,-2.599999999999966,True
2017-11-29 03:00:00+00:00,07535,1,3,1,lineaire,3.6000000000000227,4.2000000000000455,3.0,-1.099999999999966,1.5,True
2017-12-21 06:00:00+00:00,07535,1,3,1,lineaire,2.8000000000000114,1.3000000000000114,4.300000000000011,-0.6999999999999886,6.800000000000011,True
2018-07-13 00:00:00+00:00,07535,3,9,1,hybride,18.18750000000003,18.900000000000038,24.400000000000038,13.800000000000011,18.400000000000038,True
2018-07-13 03:00:00+00:00,07535,3,9,2,hybride,18.00000000000003,18.900000000000038,24.400000000000038,11.5,17.200000000000045,True
2018-07-13 06:00:00+00:00,07535,3,9,3,hybride,19.662500000000037,18.900000000000038,24.400000000000038,14.700000000000044,17.900000000000034,True
2018-10-28 09:00:00+00:00,07535,2,6,1,hybride,5.133333333333349,4.100000000000023,5.5,8.0,3.400000000000034,True
2018-10-28 12:00:00+00:00,07535,2,6,2,hybride,5.691666666666682,4.100000000000023,5.5,8.800000000000011,3.900000000000034,True
2019-07-02 03:00:00+00:00,07535,2,6,1,hybride,19.55833333333336,20.600000000000023,21.100000000000023,19.900000000000038,16.80000000000001,True
2019-07-02 06:00:00+00:00,07535,2,6,2,hybride,20.566666666666684,20.600000000000023,21.100000000000023,20.600000000000023,19.80000000000001,True
2020-04-27 12:00:00+00:00,07535,1,3,1,lineaire,15.400000000000034,16.600000000000023,14.200000000000044,18.80000000000001,16.80000000000001,True
2020-12-05 03:00:00+00:00,07535,1,3,1,lineaire,3.0,3.5,2.5,5.300000000000011,5.0,True
2021-12-05 00:00:00+00:00,07535,1,3,1,lineaire,4.150000000000006,5.0,3.300000000000012,9.200000000000044,,True
2021-12-06 00:00:00+00:00,07535,1,3,1,lineaire,4.700000000000017,4.300000000000011,5.100000000000023,,7.700000000000045,True
2023-02-01 12:00:00+00:00,07535,2,6,1,hybride,6.608333333333357,5.300000000000011,7.600000000000023,4.900000000000034,9.400000000000034,True
2023-02-01 15:00:00+00:00,07535,2,6,2,hybride,7.241666666666692,5.300000000000011,7.600000000000023,6.100000000000023,9.200000000000044,True
2023-02-05 21:00:00+00:00,07535,3,9,1,hybride,4.950000000000024,7.0,-1.599999999999966,6.400000000000034,3.7000000000000455,True
2023-02-06 00:00:00+00:00,07535,3,9,2,hybride,2.450000000000017,7.0,-1.599999999999966,5.0,-0.5999999999999659,True
2023-02-06 03:00:00+00:00,07535,3,9,3,hybride,0.7000000000000242,7.0,-1.599999999999966,4.0,-2.2999999999999545,True
2023-07-24 09:00:00+00:00,07535,8,24,1,journaliere,21.55000000000004,17.900000000000034,18.700000000000045,24.400000000000038,18.700000000000045,True
2023-07-24 12:00:00+00:00,07535,8,24,2,journaliere,25.150000000000034,17.900000000000034,18.700000000000045,28.700000000000045,21.600000000000023,True
2023-07-24 15:00:00+00:00,07535,8,24,3,journaliere,27.0,17.900000000000034,18.700000000000045,31.0,23.0,True
2023-07-24 18:00:00+00:00,07535,8,24,4,journaliere,25.100000000000023,17.900000000000034,18.700000000000045,29.30000000000001,20.900000000000038,True
2023-07-24 21:00:00+00:00,07535,8,24,5,journaliere,19.600000000000023,17.900000000000034,18.700000000000045,23.100000000000023,16.100000000000023,True
2023-07-25 00:00:00+00:00,07535,8,24,6,journaliere,16.200000000000017,17.900000000000034,18.700000000000045,19.100000000000023,13.300000000000011,True
2023-07-25 03:00:00+00:00,07535,8,24,7,journaliere,14.550000000000011,17.900000000000034,18.700000000000045,18.0,11.100000000000025,True
2023-07-25 06:00:00+00:00,07535,8,24,8,journaliere,15.150000000000034,17.900000000000034,18.700000000000045,17.900000000000034,12.400000000000034,True
2024-02-05 09:00:00+00:00,07535,1,3,1,lineaire,1.950000000000017,0.9000000000000341,3.0,1.3000000000000114,3.6000000000000227,True
2025-02-20 12:00:00+00:00,07535,1,3,1,lineaire,15.500000000000028,11.800000000000011,19.200000000000045,16.200000000000045,13.5,True
2025-04-14 09:00:00+00:00,07535,1,3,1,lineaire,14.5,9.0,20.0,12.600000000000025,10.300000000000011,True
2015-12-07 09:00:00+00:00,07558,1,3,1,lineaire,8.950000000000045,8.200000000000045,9.700000000000044,8.700000000000045,9.400000000000034,True
2016-06-23 09:00:00+00:00,07558,1,3,1,lineaire,22.950000000000017,19.400000000000038,26.5,24.100000000000023,20.80000000000001,True
2016-10-06 09:00:00+00:00,07558,1,3,1,lineaire,12.050000000000011,10.0,14.100000000000025,13.0,8.700000000000045,True
2017-08-29 18:00:00+00:00,07558,3,9,1,hybride,26.400000000000027,29.900000000000038,19.700000000000045,29.600000000000023,21.30000000000001,True
2017-08-29 21:00:00+00:00,07558,3,9,2,hybride,23.550000000000026,29.900000000000038,19.700000000000045,25.30000000000001,19.30000000000001,True
2017-08-30 00:00:00+00:00,07558,3,9,3,hybride,20.750000000000036,29.900000000000038,19.700000000000045,22.900000000000038,15.600000000000025,True
2017-09-01 00:00:00+00:00,07558,1,3,1,lineaire,11.650000000000006,12.800000000000011,10.5,15.600000000000025,10.600000000000025,True
2017-11-14 03:00:00+00:00,07558,2,6,1,hybride,1.350000000000018,1.8000000000000114,3.0,0.6000000000000227,0.4000000000000341,True
2017-11-14 06:00:00+00:00,07558,2,6,2,hybride,1.675000000000016,1.8000000000000114,3.0,1.2000000000000457,0.3000000000000113,True
2017-11-29 03:00:00+00:00,07558,1,3,1,lineaire,1.3000000000000114,2.1000000000000227,0.5,-0.8999999999999773,-1.2999999999999543,True
2017-12-21 06:00:00+00:00,07558,1,3,1,lineaire,2.950000000000017,3.6000000000000227,2.300000000000012,0.4000000000000341,3.900000000000034,True
2018-07-13 00:00:00+00:00,07558,3,9,1,hybride,18.962500000000006,19.0,22.5,16.100000000000023,20.0,True
2018-07-13 03:00:00+00:00,07558,3,9,2,hybride,18.17500000000001,19.0,22.5,14.200000000000044,17.0,True
2018-07-13 06:00:00+00:00,07558,3,9,3,hybride,18.762500000000003,19.0,22.5,14.800000000000011,17.0,True
2018-10-28 09:00:00+00:00,07558,2,6,1,hybride,3.441666666666687,2.400000000000034,3.400000000000034,8.0,0.3000000000000113,True
2018-10-28 12:00:00+00:00,07558,2,6,2,hybride,3.43333333333337,2.400000000000034,3.400000000000034,7.400000000000034,0.2000000000000454,True
2019-07-02 03:00:00+00:00,07558,2,6,1,hybride,20.275000000000027,19.5,23.700000000000045,21.600000000000023,17.700000000000045,True
2019-07-02 06:00:00+00:00,07558,2,6,2,hybride,21.12500000000002,19.5,23.700000000000045,21.600000000000023,18.30000000000001,True
2020-04-27 12:00:00+00:00,07558,1,3,1,lineaire,13.700000000000044,12.700000000000044,14.700000000000044,17.5,13.400000000000034,True
2020-12-05 03:00:00+00:00,07558,1,3,1,lineaire,0.25,0.5,0.0,4.900000000000034,0.9000000000000341,True
2021-12-05 00:00:00+00:00,07558,1,3,1,lineaire,1.900000000000006,2.800000000000012,1.0,2.0,,True
2021-12-06 00:00:00+00:00,07558,1,3,1,lineaire,1.5500000000000114,1.3000000000000114,1.8000000000000114,,3.900000000000034,True
2023-02-01 12:00:00+00:00,07558,2,6,1,hybride,4.200000000000027,3.1000000000000227,3.7000000000000455,4.600000000000023,5.600000000000023,True
2023-02-01 15:00:00+00:00,07558,2,6,2,hybride,4.575000000000036,3.1000000000000227,3.7000000000000455,4.600000000000023,6.7000000000000455,True
2023-02-05 21:00:00+00:00,07558,3,9,1,hybride,2.9375000000000355,3.900000000000034,1.2000000000000457,5.2000000000000455,0.1000000000000227,True
2023-02-06 00:00:00+00:00,07558,3,9,2,hybride,2.42500000000004,3.900000000000034,1.2000000000000457,4.7000000000000455,-0.0999999999999659,True
2023-02-06 03:00:00+00:00,07558,3,9,3,hybride,1.9375000000000213,3.900000000000034,1.2000000000000457,4.0,0.0,True
2023-07-24 09:00:00+00:00,07558,8,24,1,journaliere,20.55000000000004,18.400000000000038,15.900000000000034,25.200000000000045,15.900000000000034,True
2023-07-24 12:00:00+00:00,07558,8,24,2,journaliere,23.05000000000004,18.400000000000038,15.900000000000034,28.900000000000038,17.200000000000045,True
2023-07-24 15:00:00+00:00,07558,8,24,3,journaliere,24.75000000000003,18.400000000000038,15.900000000000034,29.100000000000023,20.400000000000038,True
2023-07-24 18:00:00+00:00,07558,8,24,4,journaliere,21.05000000000001,18.400000000000038,15.900000000000034,24.100000000000023,18.0,True
2023-07-24 21:00:00+00:00,07558,8,24,5,journaliere,17.850000000000023,18.400000000000038,15.900000000000034,21.30000000000001,14.400000000000034,True
2023-07-25 00:00:00+00:00,07558,8,24,6,journaliere,15.950000000000017,18.400000000000038,15.900000000000034,19.5,12.400000000000034,True
2023-07-25 03:00:00+00:00,07558,8,24,7,journaliere,14.750000000000032,18.400000000000038,15.900000000000034,18.400000000000038,11.100000000000025,True
2023-07-25 06:00:00+00:00,07558,8,24,8,journaliere,15.100000000000025,18.400000000000038,15.900000000000034,18.400000000000038,11.800000000000011,True
2024-02-05 09:00:00+00:00,07558,1,3,1,lineaire,9.300000000000011,4.300000000000011,14.300000000000011,5.7000000000000455,1.2000000000000457,True
2025-02-20 12:00:00+00:00,07558,1,3,1,lineaire,10.000000000000028,6.600000000000023,13.400000000000034,8.700000000000045,6.300000000000011,True
2025-04-14 09:00:00+00:00,07558,1,3,1,lineaire,10.30000000000004,8.900000000000034,11.700000000000044,10.800000000000011,11.900000000000034,True
2015-12-07 09:00:00+00:00,07621,1,3,1,lineaire,9.0,3.0,15.0,12.200000000000044,9.300000000000011,True
2016-06-23 09:00:00+00:00,07621,1,3,1,lineaire,23.900000000000006,18.0,29.80000000000001,29.600000000000023,19.900000000000038,True
2016-10-06 09:00:00+00:00,07621,1,3,1,lineaire,16.100000000000023,15.0,17.200000000000045,16.5,15.700000000000044,True
2017-08-29 18:00:00+00:00,07621,3,9,1,hybride,24.43314472142047,26.80000000000001,18.86515777136367,26.80000000000001,21.30000000000001,True
2017-08-29 21:00:00+00:00,07621,3,9,2,hybride,20.491289442840923,26.80000000000001,18.86515777136367,19.5,16.80000000000001,True
2017-08-30 00:00:00+00:00,07621,3,9,3,hybride,19.174434164261392,26.80000000000001,18.86515777136367,19.400000000000038,15.600000000000025,True
2017-09-01 00:00:00+00:00,07621,1,3,1,lineaire,14.900000000000034,15.700000000000044,14.100000000000025,15.600000000000025,12.600000000000025,True
2017-11-14 03:00:00+00:00,07621,2,6,1,hybride,1.6333333333333542,-0.0999999999999659,4.600000000000023,6.100000000000023,-2.5,True
2017-11-14 06:00:00+00:00,07621,2,6,2,hybride,2.0416666666667,-0.0999999999999659,4.600000000000023,3.400000000000034,-1.2999999999999543,True
2017-11-29 03:00:00+00:00,07621,1,3,1,lineaire,3.950000000000017,6.300000000000011,1.6000000000000227,4.800000000000011,-1.599999999999966,True
2017-12-21 06:00:00+00:00,07621,1,3,1,lineaire,5.450000000000017,5.0,5.900000000000034,1.6000000000000227,5.2000000000000455,True
2018-07-13 00:00:00+00:00,07621,3,9,1,hybride,19.32500000000001,20.0,22.400000000000038,16.30000000000001,19.80000000000001,True
2018-07-13 03:00:00+00:00,07621,3,9,2,hybride,19.42500000000001,20.0,22.400000000000038,16.30000000000001,19.0,True
2018-07-13 06:00:00+00:00,07621,3,9,3,hybride,19.950000000000024,20.0,22.400000000000038,17.400000000000034,18.80000000000001,True
2018-10-28 09:00:00+00:00,07621,2,6,1,hybride,5.158333333333364,3.7000000000000455,4.2000000000000455,8.100000000000023,4.800000000000011,True
2018-10-28 12:00:00+00:00,07621,2,6,2,hybride,5.241666666666697,3.7000000000000455,4.2000000000000455,7.400000000000034,5.5,True
2019-07-02 03:00:00+00:00,07621,2,6,1,hybride,17.058333333333344,15.5,17.80000000000001,16.80000000000001,18.900000000000038,True
2019-07-02 06:00:00+00:00,07621,2,6,2,hybride,17.591666666666676,15.5,17.80000000000001,17.0,19.30000000000001,True
2020-04-27 12:00:00+00:00,07621,1,3,1,lineaire,14.700000000000017,14.900000000000034,14.5,18.400000000000038,17.0,True
2020-12-05 03:00:00+00:00,07621,1,3,1,lineaire,0.2000000000000454,0.2000000000000454,0.2000000000000454,4.800000000000011,4.800000000000011,True
2021-12-05 00:00:00+00:00,07621,1,3,1,lineaire,5.450000000000017,4.800000000000011,6.100000000000023,11.700000000000044,,True
2021-12-06 00:00:00+00:00,07621,1,3,1,lineaire,4.55000000000004,4.400000000000034,4.7000000000000455,,8.600000000000023,True
2023-02-01 12:00:00+00:00,07621,2,6,1,hybride,7.566666666666691,7.400000000000034,4.800000000000011,8.600000000000023,8.600000000000023,True
2023-02-01 15:00:00+00:00,07621,2,6,2,hybride,7.633333333333354,7.400000000000034,4.800000000000011,9.5,9.700000000000044,True
2023-02-05 21:00:00+00:00,07621,3,9,1,hybride,2.3750000000000213,5.400000000000034,3.0,1.0,-1.099999999999966,True
2023-02-06 00:00:00+00:00,07621,3,9,2,hybride,1.6250000000000142,5.400000000000034,3.0,-0.5,-1.3999999999999773,True
2023-02-06 03:00:00+00:00,07621,3,9,3,hybride,1.375000000000007,5.400000000000034,3.0,0.0,-1.6999999999999886,True
2023-07-24 09:00:00+00:00,07621,8,24,1,journaliere,19.000000000000032,18.0,15.600000000000025,22.400000000000038,15.600000000000025,True
2023-07-24 12:00:00+00:00,07621,8,24,2,journaliere,21.80000000000001,18.0,15.600000000000025,25.600000000000023,18.0,True
2023-07-24 15:00:00+00:00,07621,8,24,3,journaliere,21.650000000000006,18.0,15.600000000000025,28.30000000000001,15.0,True
2023-07-24 18:00:00+00:00,07621,8,24,4,journaliere,22.200000000000017,18.0,15.600000000000025,26.900000000000038,17.5,True
2023-07-24 21:00:00+00:00,07621,8,24,5,journaliere,16.400000000000034,18.0,15.600000000000025,18.600000000000023,14.200000000000044,True
2023-07-25 00:00:00+00:00,07621,8,24,6,journaliere,16.100000000000023,18.0,15.600000000000025,18.400000000000038,13.800000000000011,True
2023-07-25 03:00:00+00:00,07621,8,24,7,journaliere,15.950000000000017,18.0,15.600000000000025,17.600000000000023,14.300000000000011,True
2023-07-25 06:00:00+00:00,07621,8,24,8,journaliere,16.450000000000017,18.0,15.600000000000025,18.0,14.900000000000034,True
2024-02-05 09:00:00+00:00,07621,1,3,1,lineaire,7.000000000000028,1.6000000000000227,12.400000000000034,4.5,6.400000000000034,True
2025-02-20 12:00:00+00:00,07621,1,3,1,lineaire,18.00000000000003,15.400000000000034,20.600000000000023,18.200000000000045,11.800000000000011,True
2025-04-14 09:00:00+00:00,07621,1,3,1,lineaire,14.250000000000028,10.600000000000025,17.900000000000034,13.5,8.300000000000011,True
2015-12-07 09:00:00+00:00,07627,1,3,1,lineaire,9.75,4.0,15.5,8.200000000000045,5.0,True
2016-06-23 09:00:00+00:00,07627,1,3,1,lineaire,24.100000000000023,18.600000000000023,29.600000000000023,27.700000000000045,19.400000000000038,True
2016-10-06 09:00:00+00:00,07627,1,3,1,lineaire,15.650000000000006,14.300000000000011,17.0,15.400000000000034,14.700000000000044,True
2017-08-29 18:00:00+00:00,07627,3,9,1,hybride,23.386097487633982,25.600000000000023,18.947088360936505,24.900000000000038,20.7708457700676,True
2017-08-29 21:00:00+00:00,07627,3,9,2,hybride,20.897358390305097,25.600000000000023,18.947088360936505,22.600000000000023,16.44234520028384,True
2017-08-30 00:00:00+00:00,07627,3,9,3,hybride,19.12847175893524,25.600000000000023,18.947088360936505,19.700000000000045,15.593254494336152,True
2017-09-01 00:00:00+00:00,07627,1,3,1,lineaire,14.250000000000028,14.800000000000011,13.700000000000044,15.593254494336152,13.100000000000025,True
2017-11-14 03:00:00+00:00,07627,2,6,1,hybride,3.2833333333333647,4.900000000000034,5.400000000000034,5.800000000000011,-2.7999999999999545,True
2017-11-14 06:00:00+00:00,07627,2,6,2,hybride,3.1916666666666864,4.900000000000034,5.400000000000034,4.5,-2.1999999999999886,True
2017-11-29 03:00:00+00:00,07627,1,3,1,lineaire,4.25,4.5,4.0,-0.5,-0.5,True
2017-12-21 06:00:00+00:00,07627,1,3,1,lineaire,4.600000000000023,4.7000000000000455,4.5,2.400000000000034,5.100000000000023,True
2018-07-13 00:00:00+00:00,07627,3,9,1,hybride,18.725000000000023,19.400000000000038,22.80000000000001,16.0,18.400000000000038,True
2018-07-13 03:00:00+00:00,07627,3,9,2,hybride,18.675000000000026,19.400000000000038,22.80000000000001,14.700000000000044,17.80000000000001,True
2018-07-13 06:00:00+00:00,07627,3,9,3,hybride,19.750000000000014,19.400000000000038,22.80000000000001,16.100000000000023,19.0,True
2018-10-28 09:00:00+00:00,07627,2,6,1,hybride,4.483333333333358,2.900000000000034,3.7000000000000455,8.600000000000023,3.0,True
2018-10-28 12:00:00+00:00,07627,2,6,2,hybride,4.716666666666701,2.900000000000034,3.7000000000000455,7.400000000000034,4.600000000000023,True
2019-07-02 03:00:00+00:00,07627,2,6,1,hybride,17.55000000000002,17.600000000000023,18.200000000000045,19.5,15.100000000000025,True
2019-07-02 06:00:00+00:00,07627,2,6,2,hybride,17.700000000000024,17.600000000000023,18.200000000000045,17.5,17.30000000000001,True
2020-04-27 12:00:00+00:00,07627,1,3,1,lineaire,15.200000000000017,17.100000000000023,13.300000000000011,18.200000000000045,15.5,True
2020-12-05 03:00:00+00:00,07627,1,3,1,lineaire,-0.14999999999997704,1.2000000000000457,-1.5,5.400000000000034,5.7000000000000455,True
2021-12-05 00:00:00+00:00,07627,1,3,1,lineaire,5.250000000000028,7.2000000000000455,3.300000000000012,6.600000000000023,,True
2021-12-06 00:00:00+00:00,07627,1,3,1,lineaire,4.200000000000017,4.300000000000011,4.100000000000023,,8.5,True
2023-02-01 12:00:00+00:00,07627,2,6,1,hybride,7.108333333333354,7.300000000000011,4.2000000000000455,7.600000000000023,8.300000000000011,True
2023-02-01 15:00:00+00:00,07627,2,6,2,hybride,7.866666666666698,7.300000000000011,4.2000000000000455,10.100000000000025,10.900000000000034,True
2023-02-05 21:00:00+00:00,07627,3,9,1,hybride,4.675000000000011,7.100000000000023,1.5,5.300000000000011,2.0,True
2023-02-06 00:00:00+00:00,07627,3,9,2,hybride,2.000000000000014,7.100000000000023,1.5,0.8000000000000114,-1.3999999999999773,True
2023-02-06 03:00:00+00:00,07627,3,9,3,hybride,1.27500000000002,7.100000000000023,1.5,0.6000000000000227,-1.2999999999999543,True
2023-07-24 09:00:00+00:00,07627,8,24,1,journaliere,19.50000000000003,17.5,16.100000000000023,22.900000000000038,16.100000000000023,True
2023-07-24 12:00:00+00:00,07627,8,24,2,journaliere,22.30000000000004,17.5,16.100000000000023,26.900000000000038,17.700000000000045,True
2023-07-24 15:00:00+00:00,07627,8,24,3,journaliere,22.350000000000023,17.5,16.100000000000023,28.80000000000001,15.900000000000034,True
2023-07-24 18:00:00+00:00,07627,8,24,4,journaliere,23.55000000000001,17.5,16.100000000000023,29.5,17.600000000000023,True
2023-07-24 21:00:00+00:00,07627,8,24,5,journaliere,18.30000000000001,17.5,16.100000000000023,21.0,15.600000000000025,True
2023-07-25 00:00:00+00:00,07627,8,24,6,journaliere,17.700000000000017,17.5,16.100000000000023,21.100000000000023,14.300000000000011,True
2023-07-25 03:00:00+00:00,07627,8,24,7,journaliere,15.30000000000004,17.5,16.100000000000023,18.200000000000045,12.400000000000034,True
2023-07-25 06:00:00+00:00,07627,8,24,8,journaliere,15.75,17.5,16.100000000000023,17.5,14.0,True
2024-02-05 09:00:00+00:00,07627,1,3,1,lineaire,7.200000000000045,0.2000000000000454,14.200000000000044,5.900000000000034,5.600000000000023,True
2025-02-20 12:00:00+00:00,07627,1,3,1,lineaire,16.25,13.0,19.5,16.30000000000001,14.300000000000011,True
2025-04-14 09:00:00+00:00,07627,1,3,1,lineaire,14.750000000000028,11.300000000000011,18.200000000000045,12.100000000000025,8.900000000000034,True
2015-12-07 09:00:00+00:00,07630,1,3,1,lineaire,13.050000000000011,9.600000000000025,16.5,11.400000000000034,10.300000000000011,True
2016-06-23 09:00:00+00:00,07630,1,3,1,lineaire,26.30000000000001,22.100000000000023,30.5,27.30000000000001,21.30000000000001,True
2016-10-06 09:00:00+00:00,07630,1,3,1,lineaire,19.00000000000003,16.400000000000034,21.600000000000023,19.30000000000001,16.100000000000023,True
2017-08-29 18:00:00+00:00,07630,3,9,1,hybride,27.487500000000004,29.0,21.900000000000038,33.0,22.5,True
2017-08-29 21:00:00+00:00,07630,3,9,2,hybride,24.350000000000023,29.0,21.900000000000038,28.30000000000001,18.200000000000045,True
2017-08-30 00:00:00+00:00,07630,3,9,3,hybride,22.137500000000024,29.0,21.900000000000038,23.0,18.200000000000045,True
2017-09-01 00:00:00+00:00,07630,1,3,1,lineaire,16.30000000000001,17.600000000000023,15.0,18.200000000000045,14.700000000000044,True
2017-11-14 03:00:00+00:00,07630,2,6,1,hybride,3.7083333333333477,4.5,5.900000000000034,5.0,-0.0999999999999659,True
2017-11-14 06:00:00+00:00,07630,2,6,2,hybride,3.4416666666666864,4.5,5.900000000000034,3.6000000000000227,-0.6999999999999886,True
2017-11-29 03:00:00+00:00,07630,1,3,1,lineaire,5.9500000000000455,7.2000000000000455,4.7000000000000455,0.7000000000000455,2.400000000000034,True
2017-12-21 06:00:00+00:00,07630,1,3,1,lineaire,5.600000000000023,5.600000000000023,5.600000000000023,3.8000000000000114,6.900000000000034,True
2018-07-13 00:00:00+00:00,07630,3,9,1,hybride,22.575000000000024,23.80000000000001,26.200000000000045,21.30000000000001,20.200000000000045,True
2018-07-13 03:00:00+00:00,07630,3,9,2,hybride,22.150000000000034,23.80000000000001,26.200000000000045,18.900000000000038,19.700000000000045,True
2018-07-13 06:00:00+00:00,07630,3,9,3,hybride,22.900000000000027,23.80000000000001,26.200000000000045,20.0,20.400000000000038,True
2018-10-28 09:00:00+00:00,07630,2,6,1,hybride,6.208333333333353,5.5,4.800000000000011,9.600000000000025,4.7000000000000455,True
2018-10-28 12:00:00+00:00,07630,2,6,2,hybride,6.41666666666669,5.5,4.800000000000011,10.700000000000044,4.900000000000034,True
2019-07-02 03:00:00+00:00,07630,2,6,1,hybride,20.87500000000002,20.5,21.700000000000045,20.600000000000023,21.100000000000023,True
2019-07-02 06:00:00+00:00,07630,2,6,2,hybride,20.950000000000024,20.5,21.700000000000045,19.900000000000038,21.30000000000001,True
2020-04-27 12:00:00+00:00,07630,1,3,1,lineaire,17.25000000000003,18.100000000000023,16.400000000000034,17.700000000000045,17.700000000000045,True
2020-12-05 03:00:00+00:00,07630,1,3,1,lineaire,2.6000000000000227,2.400000000000034,2.800000000000012,6.400000000000034,5.5,True
2021-12-05 00:00:00+00:00,07630,1,3,1,lineaire,6.7000000000000455,8.200000000000045,5.2000000000000455,11.600000000000025,,True
2021-12-06 00:00:00+00:00,07630,1,3,1,lineaire,5.4500000000000455,5.7000000000000455,5.2000000000000455,,9.400000000000034,True
2023-02-01 12:00:00+00:00,07630,2,6,1,hybride,8.133333333333374,7.2000000000000455,6.2000000000000455,9.100000000000025,9.700000000000044,True
2023-02-01 15:00:00+00:00,07630,2,6,2,hybride,8.391666666666703,7.2000000000000455,6.2000000000000455,9.700000000000044,10.800000000000011,True
2023-02-05 21:00:00+00:00,07630,3,9,1,hybride,6.175000000000011,8.5,1.7000000000000457,6.100000000000023,5.0,True
2023-02-06 00:00:00+00:00,07630,3,9,2,hybride,3.5750000000000313,8.5,1.7000000000000457,3.200000000000045,0.9000000000000341,True
2023-02-06 03:00:00+00:00,07630,3,9,3,hybride,3.150000000000034,8.5,1.7000000000000457,6.100000000000023,-0.2999999999999545,True
2023-07-24 09:00:00+00:00,07630,8,24,1,journaliere,22.700000000000017,19.5,19.900000000000038,25.5,19.900000000000038,True
2023-07-24 12:00:00+00:00,07630,8,24,2,journaliere,26.100000000000023,19.5,19.900000000000038,31.5,20.700000000000045,True
2023-07-24 15:00:00+00:00,07630,8,24,3,journaliere,28.700000000000017,19.5,19.900000000000038,34.60000000000002,22.80000000000001,True
2023-07-24 18:00:00+00:00,07630,8,24,4,journaliere,27.25,19.5,19.900000000000038,32.0,22.5,True
2023-07-24 21:00:00+00:00,07630,8,24,5,journaliere,22.450000000000017,19.5,19.900000000000038,26.600000000000023,18.30000000000001,True
2023-07-25 00:00:00+00:00,07630,8,24,6,journaliere,20.100000000000023,19.5,19.900000000000038,22.900000000000038,17.30000000000001,True
2023-07-25 03:00:00+00:00,07630,8,24,7,journaliere,18.25000000000003,19.5,19.900000000000038,19.80000000000001,16.700000000000045,True
2023-07-25 06:00:00+00:00,07630,8,24,8,journaliere,18.100000000000023,19.5,19.900000000000038,19.5,16.700000000000045,True
2024-02-05 09:00:00+00:00,07630,1,3,1,lineaire,3.7500000000000284,2.900000000000034,4.600000000000023,4.800000000000011,5.100000000000023,True
2025-02-20 12:00:00+00:00,07630,1,3,1,lineaire,14.850000000000023,12.200000000000044,17.5,16.400000000000034,13.400000000000034,True
2025-04-14 09:00:00+00:00,07630,1,3,1,lineaire,15.100000000000023,11.400000000000034,18.80000000000001,13.700000000000044,11.600000000000025,True
2015-12-07 09:00:00+00:00,07643,1,3,1,lineaire,13.0,11.5,14.5,12.100000000000025,11.300000000000011,True
2016-05-15 09:00:00+00:00,07643,1,3,1,lineaire,18.25,15.0,21.5,22.100000000000023,17.5,True
2017-08-29 18:00:00+00:00,07643,3,9,1,hybride,25.325000000000024,26.600000000000023,24.400000000000038,24.100000000000023,25.100000000000023,True
2017-08-29 21:00:00+00:00,07643,3,9,2,hybride,24.550000000000026,26.600000000000023,24.400000000000038,22.80000000000001,24.400000000000038,True
2017-08-30 00:00:00+00:00,07643,3,9,3,hybride,24.150000000000027,26.600000000000023,24.400000000000038,22.900000000000038,23.80000000000001,True
2017-09-01 00:00:00+00:00,07643,1,3,1,lineaire,17.600000000000023,19.200000000000045,16.0,23.80000000000001,18.600000000000023,True
2017-11-14 03:00:00+00:00,07643,2,6,1,hybride,7.550000000000011,8.800000000000011,11.200000000000044,8.0,3.0,True
2017-11-14 06:00:00+00:00,07643,2,6,2,hybride,7.8750000000000275,8.800000000000011,11.200000000000044,7.900000000000034,2.800000000000012,True
2017-11-29 03:00:00+00:00,07643,1,3,1,lineaire,6.450000000000017,8.300000000000011,4.600000000000023,0.9000000000000341,4.7000000000000455,True
2017-12-21 06:00:00+00:00,07643,1,3,1,lineaire,7.400000000000006,7.300000000000011,7.5,3.200000000000045,4.2000000000000455,True
2018-07-13 00:00:00+00:00,07643,3,9,1,hybride,23.000000000000014,22.5,29.100000000000023,20.700000000000045,23.0,True
2018-07-13 03:00:00+00:00,07643,3,9,2,hybride,22.77500000000002,22.5,29.100000000000023,18.400000000000038,21.100000000000023,True
2018-07-13 06:00:00+00:00,07643,3,9,3,hybride,24.325000000000017,22.5,29.100000000000023,20.100000000000023,22.30000000000001,True
2018-10-28 09:00:00+00:00,07643,2,6,1,hybride,9.4166666666667,7.700000000000045,9.600000000000025,12.900000000000034,8.100000000000023,True
2018-10-28 12:00:00+00:00,07643,2,6,2,hybride,9.958333333333357,7.700000000000045,9.600000000000025,13.0,8.900000000000034,True
2019-07-02 03:00:00+00:00,07643,2,6,1,hybride,24.700000000000017,24.30000000000001,30.30000000000001,23.30000000000001,22.900000000000038,True
2019-07-02 06:00:00+00:00,07643,2,6,2,hybride,26.92500000000001,24.30000000000001,30.30000000000001,25.30000000000001,25.80000000000001,True
2020-04-27 12:00:00+00:00,07643,1,3,1,lineaire,17.850000000000023,18.0,17.700000000000045,19.0,21.0,True
2020-12-05 03:00:00+00:00,07643,1,3,1,lineaire,1.6000000000000227,3.5,-0.2999999999999545,11.100000000000025,-0.8999999999999773,True
2021-12-05 00:00:00+00:00,07643,1,3,1,lineaire,7.450000000000018,9.600000000000025,5.300000000000011,5.7000000000000455,,True
2021-12-06 00:00:00+00:00,07643,1,3,1,lineaire,6.700000000000017,6.100000000000023,7.300000000000011,,8.65946197622934,True
2023-02-01 12:00:00+00:00,07643,2,6,1,hybride,10.400000000000016,6.400000000000034,9.100000000000025,13.0,14.0,True
2023-02-01 15:00:00+00:00,07643,2,6,2,hybride,11.375000000000034,6.400000000000034,9.100000000000025,13.700000000000044,15.400000000000034,True
2023-02-05 21:00:00+00:00,07643,3,9,1,hybride,9.825000000000031,11.400000000000034,5.800000000000011,13.900000000000034,5.400000000000034,True
2023-02-06 00:00:00+00:00,07643,3,9,2,hybride,8.800000000000026,11.400000000000034,5.800000000000011,11.100000000000025,6.900000000000034,True
2023-02-06 03:00:00+00:00,07643,3,9,3,hybride,6.3015124433695675,11.400000000000034,5.800000000000011,6.006049773478226,4.800000000000011,True
2023-07-24 09:00:00+00:00,07643,8,24,1,journaliere,26.25000000000003,25.0,25.100000000000023,27.400000000000038,25.100000000000023,True
2023-07-24 12:00:00+00:00,07643,8,24,2,journaliere,27.30000000000004,25.0,25.100000000000023,28.200000000000045,26.400000000000038,True
2023-07-24 15:00:00+00:00,07643,8,24,3,journaliere,26.950000000000017,25.0,25.100000000000023,26.80000000000001,27.100000000000023,True
2023-07-24 18:00:00+00:00,07643,8,24,4,journaliere,26.30000000000004,25.0,25.100000000000023,26.700000000000045,25.900000000000038,True
2023-07-24 21:00:00+00:00,07643,8,24,5,journaliere,23.50000000000003,25.0,25.100000000000023,24.100000000000023,22.900000000000038,True
2023-07-25 00:00:00+00:00,07643,8,24,6,journaliere,21.55000000000001,25.0,25.100000000000023,22.100000000000023,21.0,True
2023-07-25 03:00:00+00:00,07643,8,24,7,journaliere,21.05000000000001,25.0,25.100000000000023,22.80000000000001,19.30000000000001,True
2023-07-25 06:00:00+00:00,07643,8,24,8,journaliere,22.15011585465846,25.0,25.100000000000023,25.0,19.300231709316915,True
2024-02-05 09:00:00+00:00,07643,1,3,1,lineaire,8.300000000000011,2.6000000000000227,14.0,9.600000000000025,7.0,True
2025-02-20 12:00:00+00:00,07643,1,3,1,lineaire,12.600000000000023,12.200000000000044,13.0,12.600000000000025,11.0,True
2025-04-14 09:00:00+00:00,07643,1,3,1,lineaire,14.806036080027859,14.11207216005572,15.5,13.0,16.200000000000045,True
2015-12-07 09:00:00+00:00,07747,1,3,1,lineaire,11.600000000000023,6.7000000000000455,16.5,9.400000000000034,10.700000000000044,True
2016-05-15 09:00:00+00:00,07747,1,3,1,lineaire,18.25000000000003,16.600000000000023,19.900000000000038,17.600000000000023,18.400000000000038,True
2017-08-29 18:00:00+00:00,07747,3,9,1,hybride,27.550000000000026,28.100000000000023,21.700000000000045,26.30000000000001,30.900000000000038,True
2017-08-29 21:00:00+00:00,07747,3,9,2,hybride,25.550000000000026,28.100000000000023,21.700000000000045,24.600000000000023,27.80000000000001,True
2017-08-30 00:00:00+00:00,07747,3,9,3,hybride,23.050000000000026,28.100000000000023,21.700000000000045,23.0,22.600000000000023,True
2017-09-01 00:00:00+00:00,07747,1,3,1,lineaire,18.25000000000003,18.400000000000038,18.100000000000023,22.600000000000023,19.100000000000023,True
2017-11-14 03:00:00+00:00,07747,2,6,1,hybride,9.250000000000018,8.900000000000034,9.800000000000011,9.100000000000025,9.5,True
2017-11-14 06:00:00+00:00,07747,2,6,2,hybride,9.350000000000032,8.900000000000034,9.800000000000011,7.700000000000045,10.700000000000044,True
2017-11-29 03:00:00+00:00,07747,1,3,1,lineaire,6.450000000000017,4.100000000000023,8.800000000000011,2.800000000000012,5.800000000000011,True
2017-12-21 06:00:00+00:00,07747,1,3,1,lineaire,10.75,10.5,11.0,8.0,9.800000000000011,True
2018-07-13 00:00:00+00:00,07747,3,9,1,hybride,24.76250000000003,23.700000000000045,29.200000000000045,23.5,25.400000000000038,True
2018-07-13 03:00:00+00:00,07747,3,9,2,hybride,24.82500000000003,23.700000000000045,29.200000000000045,22.400000000000038,24.0,True
2018-07-13 06:00:00+00:00,07747,3,9,3,hybride,25.63750000000003,23.700000000000045,29.200000000000045,22.900000000000038,24.0,True
2018-10-28 09:00:00+00:00,07747,2,6,1,hybride,8.858333333333345,8.5,8.700000000000045,10.5,7.800000000000011,True
2018-10-28 12:00:00+00:00,07747,2,6,2,hybride,9.166666666666703,8.5,8.700000000000045,11.200000000000044,8.200000000000045,True
2019-07-02 03:00:00+00:00,07747,2,6,1,hybride,24.325000000000024,24.100000000000023,30.400000000000038,22.5,22.400000000000038,True
2019-07-02 06:00:00+00:00,07747,2,6,2,hybride,26.050000000000022,24.100000000000023,30.400000000000038,22.600000000000023,25.0,True
2020-04-27 12:00:00+00:00,07747,1,3,1,lineaire,20.150000000000034,19.100000000000023,21.200000000000045,21.900000000000038,19.30000000000001,True
2020-12-05 03:00:00+00:00,07747,1,3,1,lineaire,1.5500000000000114,1.5,1.6000000000000227,6.0,4.600000000000023,True
2021-12-05 00:00:00+00:00,07747,1,3,1,lineaire,9.80000000000004,10.200000000000044,9.400000000000034,10.600000000000025,,True
2021-12-06 00:00:00+00:00,07747,1,3,1,lineaire,8.150000000000006,7.5,8.800000000000011,,14.0,True
2023-02-01 12:00:00+00:00,07747,2,6,1,hybride,12.225000000000025,11.600000000000025,10.100000000000025,12.600000000000025,14.100000000000025,True
2023-02-01 15:00:00+00:00,07747,2,6,2,hybride,12.15000000000002,11.600000000000025,10.100000000000025,12.900000000000034,14.5,True
2023-02-05 21:00:00+00:00,07747,3,9,1,hybride,9.075000000000031,10.900000000000034,7.300000000000011,11.400000000000034,4.900000000000034,True
2023-02-06 00:00:00+00:00,07747,3,9,2,hybride,8.175000000000026,10.900000000000034,7.300000000000011,10.100000000000025,4.400000000000034,True
2023-02-06 03:00:00+00:00,07747,3,9,3,hybride,8.15000000000002,10.900000000000034,7.300000000000011,10.200000000000044,6.0,True
2023-07-24 09:00:00+00:00,07747,8,24,1,journaliere,25.850000000000023,25.5,22.700000000000045,29.0,22.700000000000045,True
2023-07-24 12:00:00+00:00,07747,8,24,2,journaliere,27.25,25.5,22.700000000000045,30.5,24.0,True
2023-07-24 15:00:00+00:00,07747,8,24,3,journaliere,29.55000000000001,25.5,22.700000000000045,35.10000000000002,24.0,True
2023-07-24 18:00:00+00:00,07747,8,24,4,journaliere,24.850000000000023,25.5,22.700000000000045,27.400000000000038,22.30000000000001,True
2023-07-24 21:00:00+00:00,07747,8,24,5,journaliere,23.30000000000004,25.5,22.700000000000045,25.200000000000045,21.400000000000038,True
2023-07-25 00:00:00+00:00,07747,8,24,6,journaliere,22.75,25.5,22.700000000000045,25.0,20.5,True
2023-07-25 03:00:00+00:00,07747,8,24,7,journaliere,22.100000000000023,25.5,22.700000000000045,25.0,19.200000000000045,True
2023-07-25 06:00:00+00:00,07747,8,24,8,journaliere,22.75,25.5,22.700000000000045,25.5,20.0,True
2024-02-05 09:00:00+00:00,07747,1,3,1,lineaire,15.750000000000032,11.100000000000025,20.400000000000038,19.5,12.100000000000025,True
2025-02-20 12:00:00+00:00,07747,1,3,1,lineaire,13.600000000000023,12.200000000000044,15.0,13.5,15.0,True
2025-04-14 09:00:00+00:00,07747,1,3,1,lineaire,17.17989951691499,14.95979903382994,19.400000000000038,16.30000000000001,17.700000000000045,True
2015-12-07 09:00:00+00:00,07222,1,3,1,lineaire,10.550000000000011,7.600000000000023,13.5,11.200000000000044,10.800000000000011,True
2016-06-23 09:00:00+00:00,07222,1,3,1,lineaire,22.200000000000017,19.100000000000023,25.30000000000001,20.30000000000001,18.80000000000001,True
2016-10-06 09:00:00+00:00,07222,1,3,1,lineaire,10.750000000000028,7.300000000000011,14.200000000000044,13.0,11.200000000000044,True
2017-08-29 18:00:00+00:00,07222,3,9,1,hybride,23.35000000000003,26.400000000000038,18.200000000000045,30.5,14.200000000000044,True
2017-08-29 21:00:00+00:00,07222,3,9,2,hybride,20.650000000000034,26.400000000000038,18.200000000000045,25.200000000000045,12.800000000000011,True
2017-08-30 00:00:00+00:00,07222,3,9,3,hybride,18.375000000000036,26.400000000000038,18.200000000000045,22.30000000000001,10.700000000000044,True
2017-09-01 00:00:00+00:00,07222,1,3,1,lineaire,13.000000000000028,14.100000000000025,11.900000000000034,10.700000000000044,12.600000000000025,True
2017-11-14 03:00:00+00:00,07222,2,6,1,hybride,1.8333333333333521,1.1000000000000227,4.0,1.5,1.7000000000000457,True
2017-11-14 06:00:00+00:00,07222,2,6,2,hybride,2.591666666666687,1.1000000000000227,4.0,2.200000000000045,2.1000000000000227,True
2017-11-29 03:00:00+00:00,07222,1,3,1,lineaire,0.35000000000002274,2.400000000000034,-1.6999999999999886,10.200000000000044,0.3000000000000113,True
2017-12-21 06:00:00+00:00,07222,1,3,1,lineaire,8.050000000000011,7.600000000000023,8.5,-1.8999999999999773,8.400000000000034,True
2018-07-13 00:00:00+00:00,07222,3,9,1,hybride,19.65000000000004,21.200000000000045,23.400000000000038,15.700000000000044,19.400000000000038,True
2018-07-13 03:00:00+00:00,07222,3,9,2,hybride,19.025000000000034,21.200000000000045,23.400000000000038,14.700000000000044,16.80000000000001,True
2018-07-13 06:00:00+00:00,07222,3,9,3,hybride,20.200000000000024,21.200000000000045,23.400000000000038,17.0,18.100000000000023,True
2018-10-28 09:00:00+00:00,07222,2,6,1,hybride,5.1833333333333655,2.700000000000045,8.900000000000034,8.100000000000023,3.1000000000000227,True
2018-10-28 12:00:00+00:00,07222,2,6,2,hybride,7.441666666666691,2.700000000000045,8.900000000000034,10.600000000000025,5.5,True
2019-07-02 03:00:00+00:00,07222,2,6,1,hybride,16.508333333333347,14.300000000000011,20.80000000000001,16.30000000000001,16.80000000000001,True
2019-07-02 06:00:00+00:00,07222,2,6,2,hybride,17.86666666666668,14.300000000000011,20.80000000000001,16.200000000000045,18.0,True
2020-04-27 12:00:00+00:00,07222,1,3,1,lineaire,16.850000000000023,16.30000000000001,17.400000000000034,22.200000000000045,16.200000000000045,True
2020-12-05 03:00:00+00:00,07222,1,3,1,lineaire,0.5500000000000398,-0.5999999999999659,1.7000000000000457,3.7000000000000455,5.7000000000000455,True
2021-12-05 00:00:00+00:00,07222,1,3,1,lineaire,5.500000000000028,5.7000000000000455,5.300000000000011,12.600000000000025,,True
2021-12-06 00:00:00+00:00,07222,1,3,1,lineaire,6.750000000000028,7.400000000000034,6.100000000000023,,5.100000000000023,True
2023-02-01 12:00:00+00:00,07222,2,6,1,hybride,8.208333333333352,7.5,9.200000000000044,7.400000000000034,9.300000000000011,True
2023-02-01 15:00:00+00:00,07222,2,6,2,hybride,9.266666666666683,7.5,9.200000000000044,9.800000000000011,10.0,True
2023-02-05 21:00:00+00:00,07222,3,9,1,hybride,5.975000000000023,7.100000000000023,1.7000000000000457,8.5,3.900000000000034,True
2023-02-06 00:00:00+00:00,07222,3,9,2,hybride,5.025000000000034,7.100000000000023,1.7000000000000457,8.200000000000045,3.1000000000000227,True
2023-02-06 03:00:00+00:00,07222,3,9,3,hybride,4.225000000000023,7.100000000000023,1.7000000000000457,8.300000000000011,2.5,True
2023-07-24 09:00:00+00:00,07222,8,24,1,journaliere,18.75000000000003,16.80000000000001,18.80000000000001,18.700000000000045,18.80000000000001,True
2023-07-24 12:00:00+00:00,07222,8,24,2,journaliere,22.600000000000023,16.80000000000001,18.80000000000001,23.600000000000023,21.600000000000023,True
2023-07-24 15:00:00+00:00,07222,8,24,3,journaliere,22.0,16.80000000000001,18.80000000000001,22.0,22.0,True
2023-07-24 18:00:00+00:00,07222,8,24,4,journaliere,19.350000000000023,16.80000000000001,18.80000000000001,20.100000000000023,18.600000000000023,True
2023-07-24 21:00:00+00:00,07222,8,24,5,journaliere,16.600000000000023,16.80000000000001,18.80000000000001,18.0,15.200000000000044,True
2023-07-25 00:00:00+00:00,07222,8,24,6,journaliere,15.250000000000028,16.80000000000001,18.80000000000001,17.100000000000023,13.400000000000034,True
2023-07-25 03:00:00+00:00,07222,8,24,7,journaliere,14.600000000000023,16.80000000000001,18.80000000000001,16.700000000000045,12.5,True
2023-07-25 06:00:00+00:00,07222,8,24,8,journaliere,15.650000000000006,16.80000000000001,18.80000000000001,16.80000000000001,14.5,True
2024-02-05 09:00:00+00:00,07222,1,3,1,lineaire,8.200000000000045,8.200000000000045,8.200000000000045,9.100000000000025,10.900000000000034,True
2025-02-20 12:00:00+00:00,07222,1,3,1,lineaire,13.200000000000017,10.600000000000025,15.800000000000011,13.900000000000034,14.5,True
2025-04-14 09:00:00+00:00,07222,1,3,1,lineaire,11.900000000000034,8.700000000000045,15.100000000000025,12.900000000000034,12.900000000000034,True
2015-12-07 09:00:00+00:00,07591,1,3,1,lineaire,9.30000000000004,4.900000000000034,13.700000000000044,5.400000000000034,4.100000000000023,True
2016-06-23 09:00:00+00:00,07591,1,3,1,lineaire,24.600000000000023,19.400000000000038,29.80000000000001,23.900000000000038,26.0,True
2016-10-06 09:00:00+00:00,07591,1,3,1,lineaire,10.850000000000023,6.2000000000000455,15.5,13.200000000000044,13.200000000000044,True
2017-08-29 18:00:00+00:00,07591,3,9,1,hybride,27.050000000000026,29.600000000000023,17.200000000000045,28.200000000000045,27.0,True
2017-08-29 21:00:00+00:00,07591,3,9,2,hybride,23.200000000000017,29.600000000000023,17.200000000000045,22.5,23.5,True
2017-08-30 00:00:00+00:00,07591,3,9,3,hybride,19.900000000000034,29.600000000000023,17.200000000000045,18.600000000000023,20.400000000000038,True
2017-09-01 00:00:00+00:00,07591,1,3,1,lineaire,14.050000000000011,14.5,13.600000000000025,20.400000000000038,9.900000000000034,True
2017-11-14 03:00:00+00:00,07591,2,6,1,hybride,1.2333333333333627,3.1000000000000227,2.700000000000045,1.8000000000000114,-2.7999999999999545,True
2017-11-14 06:00:00+00:00,07591,2,6,2,hybride,0.6416666666666939,3.1000000000000227,2.700000000000045,0.4000000000000341,-3.5,True
2017-11-29 03:00:00+00:00,07591,1,3,1,lineaire,0.5500000000000398,0.9000000000000341,0.2000000000000454,-4.199999999999989,-3.099999999999966,True
2017-12-21 06:00:00+00:00,07591,1,3,1,lineaire,-5.099999999999966,-5.7999999999999545,-4.399999999999977,-8.199999999999989,-3.599999999999966,True
2018-07-13 00:00:00+00:00,07591,3,9,1,hybride,18.75000000000002,20.30000000000001,23.700000000000045,15.400000000000034,17.30000000000001,True
2018-07-13 03:00:00+00:00,07591,3,9,2,hybride,18.225000000000023,20.30000000000001,23.700000000000045,13.300000000000011,15.600000000000025,True
2018-07-13 06:00:00+00:00,07591,3,9,3,hybride,19.72500000000003,20.30000000000001,23.700000000000045,15.5,17.700000000000045,True
2018-10-28 09:00:00+00:00,07591,2,6,1,hybride,9.233333333333338,6.0,12.5,10.0,10.600000000000025,True
2018-10-28 12:00:00+00:00,07591,2,6,2,hybride,9.841666666666677,6.0,12.5,9.800000000000011,8.900000000000034,True
2019-07-02 03:00:00+00:00,07591,2,6,1,hybride,17.90000000000002,17.5,24.400000000000038,17.100000000000023,14.900000000000034,True
2019-07-02 06:00:00+00:00,07591,2,6,2,hybride,19.57500000000003,17.5,24.400000000000038,17.900000000000034,16.200000000000045,True
2020-04-27 12:00:00+00:00,07591,1,3,1,lineaire,15.400000000000034,16.600000000000023,14.200000000000044,19.5,14.200000000000044,True
2020-12-05 03:00:00+00:00,07591,1,3,1,lineaire,0.15000000000000568,1.5,-1.1999999999999886,0.9000000000000341,-0.1999999999999886,True
2021-12-05 00:00:00+00:00,07591,1,3,1,lineaire,1.2500000000000286,2.300000000000012,0.2000000000000454,-2.8999999999999773,,True
2021-12-06 00:00:00+00:00,07591,1,3,1,lineaire,-4.449999999999989,-3.899999999999977,-5.0,,-5.199999999999989,True
2023-02-01 12:00:00+00:00,07591,2,6,1,hybride,2.850000000000018,-1.099999999999966,1.6000000000000227,5.0,6.800000000000011,True
2023-02-01 15:00:00+00:00,07591,2,6,2,hybride,4.55000000000003,-1.099999999999966,1.6000000000000227,7.2000000000000455,9.600000000000025,True
2023-02-05 21:00:00+00:00,07591,3,9,1,hybride,2.6750000000000114,3.5,4.5,1.7000000000000457,1.5,True
2023-02-06 00:00:00+00:00,07591,3,9,2,hybride,2.250000000000014,3.5,4.5,-0.2999999999999545,1.3000000000000114,True
2023-02-06 03:00:00+00:00,07591,3,9,3,hybride,1.950000000000017,3.5,4.5,-1.2999999999999543,0.6000000000000227,True
2023-07-24 09:00:00+00:00,07591,8,24,1,journaliere,21.75000000000003,17.900000000000034,21.400000000000038,22.100000000000023,21.400000000000038,True
2023-07-24 12:00:00+00:00,07591,8,24,2,journaliere,25.900000000000006,17.900000000000034,21.400000000000038,29.30000000000001,22.5,True
2023-07-24 15:00:00+00:00,07591,8,24,3,journaliere,26.80000000000001,17.900000000000034,21.400000000000038,30.5,23.100000000000023,True
2023-07-24 18:00:00+00:00,07591,8,24,4,journaliere,23.50000000000003,17.900000000000034,21.400000000000038,28.400000000000038,18.600000000000023,True
2023-07-24 21:00:00+00:00,07591,8,24,5,journaliere,18.400000000000006,17.900000000000034,21.400000000000038,23.0,13.800000000000011,True
2023-07-25 00:00:00+00:00,07591,8,24,6,journaliere,14.850000000000023,17.900000000000034,21.400000000000038,19.0,10.700000000000044,True
2023-07-25 03:00:00+00:00,07591,8,24,7,journaliere,12.850000000000023,17.900000000000034,21.400000000000038,17.200000000000045,8.5,True
2023-07-25 06:00:00+00:00,07591,8,24,8,journaliere,13.80000000000004,17.900000000000034,21.400000000000038,17.900000000000034,9.700000000000044,True
2024-02-05 09:00:00+00:00,07591,1,3,1,lineaire,6.5,0.0,13.0,8.400000000000034,6.0,True
2025-02-20 12:00:00+00:00,07591,1,3,1,lineaire,10.850000000000023,6.400000000000034,15.300000000000011,8.400000000000034,11.400000000000034,True
2025-04-14 09:00:00+00:00,07591,1,3,1,lineaire,12.850000000000023,9.0,16.700000000000045,14.300000000000011,12.200000000000044,True
2015-12-07 09:00:00+00:00,07650,1,3,1,lineaire,14.350000000000023,12.200000000000044,16.5,13.100000000000025,14.300000000000011,True
2016-05-15 09:00:00+00:00,07650,1,3,1,lineaire,16.600000000000023,13.200000000000044,20.0,20.600000000000023,16.400000000000034,True
2017-08-29 18:00:00+00:00,07650,3,9,1,hybride,26.875000000000036,29.400000000000038,22.200000000000045,26.200000000000045,26.100000000000023,True
2017-08-29 21:00:00+00:00,07650,3,9,2,hybride,25.275000000000034,29.400000000000038,22.200000000000045,23.400000000000038,26.100000000000023,True
2017-08-30 00:00:00+00:00,07650,3,9,3,hybride,23.925000000000033,29.400000000000038,22.200000000000045,21.5,26.200000000000045,True
2017-09-01 00:00:00+00:00,07650,1,3,1,lineaire,18.700000000000045,20.200000000000045,17.200000000000045,26.200000000000045,19.0,True
2017-11-14 03:00:00+00:00,07650,2,6,1,hybride,7.183333333333361,8.100000000000023,8.900000000000034,7.600000000000023,4.400000000000034,True
2017-11-14 06:00:00+00:00,07650,2,6,2,hybride,7.391666666666684,8.100000000000023,8.900000000000034,8.300000000000011,4.0,True
2017-11-29 03:00:00+00:00,07650,1,3,1,lineaire,4.350000000000023,4.2000000000000455,4.5,2.400000000000034,4.800000000000011,True
2017-12-21 06:00:00+00:00,07650,1,3,1,lineaire,3.900000000000034,2.900000000000034,4.900000000000034,2.5,1.400000000000034,True
2018-07-13 00:00:00+00:00,07650,3,9,1,hybride,23.98750000000001,24.0,29.5,21.30000000000001,23.900000000000038,True
2018-07-13 03:00:00+00:00,07650,3,9,2,hybride,23.97500000000001,24.0,29.5,18.400000000000038,24.0,True
2018-07-13 06:00:00+00:00,07650,3,9,3,hybride,25.837500000000006,24.0,29.5,21.100000000000023,26.0,True
2018-10-28 09:00:00+00:00,07650,2,6,1,hybride,10.750000000000028,9.100000000000025,10.600000000000025,14.600000000000025,9.200000000000044,True
2018-10-28 12:00:00+00:00,07650,2,6,2,hybride,10.950000000000017,9.100000000000025,10.600000000000025,13.300000000000011,10.300000000000011,True
2019-07-02 03:00:00+00:00,07650,2,6,1,hybride,24.74166666666668,23.30000000000001,30.30000000000001,23.80000000000001,23.900000000000038,True
2019-07-02 06:00:00+00:00,07650,2,6,2,hybride,27.583333333333346,23.30000000000001,30.30000000000001,27.80000000000001,26.600000000000023,True
2020-04-27 12:00:00+00:00,07650,1,3,1,lineaire,18.700000000000017,18.900000000000038,18.5,20.5,19.200000000000045,True
2020-12-05 03:00:00+00:00,07650,1,3,1,lineaire,3.2500000000000284,5.2000000000000455,1.3000000000000114,13.800000000000011,2.400000000000034,True
2021-12-05 00:00:00+00:00,07650,1,3,1,lineaire,7.650000000000034,10.400000000000034,4.900000000000034,5.300000000000011,,True
2021-12-06 00:00:00+00:00,07650,1,3,1,lineaire,5.2000000000000455,5.2000000000000455,5.2000000000000455,,6.100000000000023,True
2023-02-01 12:00:00+00:00,07650,2,6,1,hybride,10.491666666666688,8.300000000000011,9.600000000000025,11.600000000000025,12.900000000000034,True
2023-02-01 15:00:00+00:00,07650,2,6,2,hybride,10.858333333333348,8.300000000000011,9.600000000000025,12.0,13.100000000000025,True
2023-02-05 21:00:00+00:00,07650,3,9,1,hybride,7.57500000000003,9.700000000000044,6.100000000000023,9.5,3.200000000000045,True
2023-02-06 00:00:00+00:00,07650,3,9,2,hybride,5.65000000000002,9.700000000000044,6.100000000000023,3.8000000000000114,3.0,True
2023-02-06 03:00:00+00:00,07650,3,9,3,hybride,5.725000000000037,9.700000000000044,6.100000000000023,2.700000000000045,6.2000000000000455,True
2023-07-24 09:00:00+00:00,07650,8,24,1,journaliere,27.950000000000017,26.100000000000023,25.900000000000038,30.0,25.900000000000038,True
2023-07-24 12:00:00+00:00,07650,8,24,2,journaliere,29.150000000000034,26.100000000000023,25.900000000000038,31.200000000000045,27.100000000000023,True
2023-07-24 15:00:00+00:00,07650,8,24,3,journaliere,29.05000000000001,26.100000000000023,25.900000000000038,31.0,27.100000000000023,True
2023-07-24 18:00:00+00:00,07650,8,24,4,journaliere,28.05000000000001,26.100000000000023,25.900000000000038,30.100000000000023,26.0,True
2023-07-24 21:00:00+00:00,07650,8,24,5,journaliere,25.00000000000003,26.100000000000023,25.900000000000038,26.100000000000023,23.900000000000038,True
2023-07-25 00:00:00+00:00,07650,8,24,6,journaliere,22.05000000000004,26.100000000000023,25.900000000000038,24.200000000000045,19.900000000000038,True
2023-07-25 03:00:00+00:00,07650,8,24,7,journaliere,21.350000000000023,26.100000000000023,25.900000000000038,23.80000000000001,18.900000000000038,True
2023-07-25 06:00:00+00:00,07650,8,24,8,journaliere,22.950000000000017,26.100000000000023,25.900000000000038,26.100000000000023,19.80000000000001,True
2024-02-05 09:00:00+00:00,07650,1,3,1,lineaire,7.950000000000017,3.5,12.400000000000034,8.400000000000034,7.900000000000034,True
2025-02-20 12:00:00+00:00,07650,1,3,1,lineaire,11.950000000000017,11.400000000000034,12.5,16.400000000000034,15.600000000000025,True
2025-04-14 09:00:00+00:00,07650,1,3,1,lineaire,15.80000000000004,14.200000000000044,17.400000000000034,17.400000000000034,16.600000000000023,True
2015-12-07 09:00:00+00:00,07690,1,3,1,lineaire,13.5,11.5,15.5,11.900000000000034,12.0,True
2016-05-15 09:00:00+00:00,07690,1,3,1,lineaire,17.850000000000023,16.600000000000023,19.100000000000023,18.30000000000001,18.80000000000001,True
2017-08-29 18:00:00+00:00,07690,3,9,1,hybride,26.95000000000003,28.100000000000023,25.700000000000045,26.100000000000023,26.700000000000045,True
2017-08-29 21:00:00+00:00,07690,3,9,2,hybride,25.975000000000023,28.100000000000023,25.700000000000045,24.5,25.600000000000023,True
2017-08-30 00:00:00+00:00,07690,3,9,3,hybride,25.32500000000003,28.100000000000023,25.700000000000045,22.80000000000001,25.900000000000038,True
2017-09-01 00:00:00+00:00,07690,1,3,1,lineaire,22.650000000000034,23.700000000000045,21.600000000000023,25.900000000000038,20.0,True
2017-11-14 03:00:00+00:00,07690,2,6,1,hybride,10.450000000000017,8.400000000000034,11.400000000000034,14.0,9.0,True
2017-11-14 06:00:00+00:00,07690,2,6,2,hybride,10.175000000000026,8.400000000000034,11.400000000000034,11.300000000000011,8.600000000000023,True
2017-11-29 03:00:00+00:00,07690,1,3,1,lineaire,7.150000000000034,7.2000000000000455,7.100000000000023,5.800000000000011,5.800000000000011,True
2017-12-21 06:00:00+00:00,07690,1,3,1,lineaire,5.05000000000004,3.7000000000000455,6.400000000000034,3.7000000000000455,6.300000000000011,True
2018-07-13 00:00:00+00:00,07690,3,9,1,hybride,25.11250000000002,25.80000000000001,26.700000000000045,25.30000000000001,23.100000000000023,True
2018-07-13 03:00:00+00:00,07690,3,9,2,hybride,24.62500000000003,25.80000000000001,26.700000000000045,23.400000000000038,22.600000000000023,True
2018-07-13 06:00:00+00:00,07690,3,9,3,hybride,24.91250000000003,25.80000000000001,26.700000000000045,23.80000000000001,22.900000000000038,True
2018-10-28 09:00:00+00:00,07690,2,6,1,hybride,17.20000000000002,14.200000000000044,18.100000000000023,17.30000000000001,20.5,True
2018-10-28 12:00:00+00:00,07690,2,6,2,hybride,17.92500000000002,14.200000000000044,18.100000000000023,17.80000000000001,20.30000000000001,True
2019-07-02 03:00:00+00:00,07690,2,6,1,hybride,26.650000000000027,25.600000000000023,31.0,26.200000000000045,25.600000000000023,True
2019-07-02 06:00:00+00:00,07690,2,6,2,hybride,28.350000000000016,25.600000000000023,31.0,27.700000000000045,27.30000000000001,True
2020-04-27 12:00:00+00:00,07690,1,3,1,lineaire,17.55000000000001,17.100000000000023,18.0,18.0,15.800000000000011,True
2020-12-05 03:00:00+00:00,07690,1,3,1,lineaire,6.9500000000000455,6.7000000000000455,7.2000000000000455,8.800000000000011,5.300000000000011,True
2021-12-05 00:00:00+00:00,07690,1,3,1,lineaire,11.80000000000004,12.900000000000034,10.700000000000044,7.2000000000000455,,True
2021-12-06 00:00:00+00:00,07690,1,3,1,lineaire,6.850000000000023,7.5,6.2000000000000455,,5.7000000000000455,True
2023-02-01 12:00:00+00:00,07690,2,6,1,hybride,11.666666666666677,8.0,12.600000000000025,13.300000000000011,14.300000000000011,True
2023-02-01 15:00:00+00:00,07690,2,6,2,hybride,12.60833333333336,8.0,12.600000000000025,14.100000000000025,14.200000000000044,True
2023-02-05 21:00:00+00:00,07690,3,9,1,hybride,10.72500000000003,12.200000000000044,10.800000000000011,9.0,10.200000000000044,True
2023-02-06 00:00:00+00:00,07690,3,9,2,hybride,10.050000000000026,12.200000000000044,10.800000000000011,8.200000000000045,9.0,True
2023-02-06 03:00:00+00:00,07690,3,9,3,hybride,9.72500000000003,12.200000000000044,10.800000000000011,8.200000000000045,8.400000000000034,True
2023-07-24 09:00:00+00:00,07690,8,24,1,journaliere,29.00000000000003,25.0,29.900000000000038,28.100000000000023,29.900000000000038,True
2023-07-24 12:00:00+00:00,07690,8,24,2,journaliere,30.30000000000001,25.0,29.900000000000038,27.5,33.10000000000002,True
2023-07-24 15:00:00+00:00,07690,8,24,3,journaliere,30.350000000000023,25.0,29.900000000000038,28.200000000000045,32.5,True
2023-07-24 18:00:00+00:00,07690,8,24,4,journaliere,28.850000000000023,25.0,29.900000000000038,27.5,30.200000000000045,True
2023-07-24 21:00:00+00:00,07690,8,24,5,journaliere,27.200000000000017,25.0,29.900000000000038,26.5,27.900000000000038,True
2023-07-25 00:00:00+00:00,07690,8,24,6,journaliere,25.05000000000004,25.0,29.900000000000038,25.400000000000038,24.700000000000045,True
2023-07-25 03:00:00+00:00,07690,8,24,7,journaliere,24.350000000000023,25.0,29.900000000000038,25.600000000000023,23.100000000000023,True
2023-07-25 06:00:00+00:00,07690,8,24,8,journaliere,24.75,25.0,29.900000000000038,25.0,24.5,True
2024-02-05 09:00:00+00:00,07690,1,3,1,lineaire,11.900000000000034,10.100000000000025,13.700000000000044,9.800000000000011,12.100000000000025,True
2025-02-20 12:00:00+00:00,07690,1,3,1,lineaire,12.550000000000011,12.100000000000025,13.0,12.0,14.800000000000011,True
2025-04-14 09:00:00+00:00,07690,1,3,1,lineaire,15.250000000000028,14.400000000000034,16.100000000000023,14.700000000000044,15.600000000000025,True
2015-12-07 09:00:00+00:00,07149,1,3,1,lineaire,11.250000000000028,9.200000000000044,13.300000000000011,8.900000000000034,8.0,True
2017-08-29 18:00:00+00:00,07149,3,9,1,hybride,25.25000000000002,31.900000000000038,20.100000000000023,27.100000000000023,16.0,True
2017-08-29 21:00:00+00:00,07149,3,9,2,hybride,22.725000000000023,31.900000000000038,20.100000000000023,24.0,14.900000000000034,True
2017-08-30 00:00:00+00:00,07149,3,9,3,hybride,19.400000000000027,31.900000000000038,20.100000000000023,19.200000000000045,12.300000000000011,True
2017-09-01 00:00:00+00:00,07149,1,3,1,lineaire,13.950000000000017,13.900000000000034,14.0,12.300000000000011,12.600000000000025,True
2017-11-14 03:00:00+00:00,07149,2,6,1,hybride,4.975000000000032,4.100000000000023,5.300000000000011,6.7000000000000455,4.2000000000000455,True
2017-11-14 06:00:00+00:00,07149,2,6,2,hybride,5.0000000000000195,4.100000000000023,5.300000000000011,5.900000000000034,4.300000000000011,True
2017-11-29 03:00:00+00:00,07149,1,3,1,lineaire,0.45000000000001705,0.8000000000000114,0.1000000000000227,7.2000000000000455,3.7000000000000455,True
2017-12-21 06:00:00+00:00,07149,1,3,1,lineaire,8.650000000000034,8.400000000000034,8.900000000000034,4.800000000000011,7.700000000000045,True
2018-07-13 00:00:00+00:00,07149,3,9,1,hybride,20.20000000000001,22.0,23.80000000000001,17.100000000000023,18.80000000000001,True
2018-07-13 03:00:00+00:00,07149,3,9,2,hybride,20.52500000000002,22.0,23.80000000000001,16.600000000000023,19.700000000000045,True
2018-07-13 06:00:00+00:00,07149,3,9,3,hybride,20.62500000000002,22.0,23.80000000000001,16.700000000000045,19.100000000000023,True
2018-10-28 09:00:00+00:00,07149,2,6,1,hybride,5.533333333333351,4.800000000000011,6.800000000000011,6.800000000000011,4.400000000000034,True
2018-10-28 12:00:00+00:00,07149,2,6,2,hybride,6.941666666666672,4.800000000000011,6.800000000000011,10.0,5.5,True
2019-07-02 03:00:00+00:00,07149,2,6,1,hybride,16.74166666666668,15.800000000000011,21.0,16.80000000000001,15.100000000000025,True
2019-07-02 06:00:00+00:00,07149,2,6,2,hybride,18.208333333333336,15.800000000000011,21.0,18.30000000000001,16.0,True
2020-04-27 12:00:00+00:00,07149,1,3,1,lineaire,21.400000000000038,19.900000000000038,22.900000000000038,19.100000000000023,17.0,True
2020-05-18 21:00:00+00:00,07149,1,3,1,lineaire,17.50000000000003,22.200000000000045,12.800000000000011,14.800000000000011,19.30000000000001,True
2020-12-05 03:00:00+00:00,07149,1,3,1,lineaire,3.050000000000012,2.800000000000012,3.300000000000012,6.300000000000011,3.6000000000000227,True
2021-12-05 00:00:00+00:00,07149,1,3,1,lineaire,3.900000000000034,4.100000000000023,3.7000000000000455,10.400000000000034,,True
2021-12-06 00:00:00+00:00,07149,1,3,1,lineaire,5.600000000000023,6.0,5.2000000000000455,,5.400000000000034,True
2023-02-01 12:00:00+00:00,07149,2,6,1,hybride,7.850000000000032,7.2000000000000455,8.400000000000034,7.100000000000023,9.100000000000025,True
2023-02-01 15:00:00+00:00,07149,2,6,2,hybride,8.650000000000038,7.2000000000000455,8.400000000000034,8.900000000000034,9.700000000000044,True
2023-02-05 21:00:00+00:00,07149,3,9,1,hybride,5.83750000000002,6.7000000000000455,2.0,8.300000000000011,4.0,True
2023-02-06 00:00:00+00:00,07149,3,9,2,hybride,4.550000000000026,6.7000000000000455,2.0,7.600000000000023,1.900000000000034,True
2023-02-06 03:00:00+00:00,07149,3,9,3,hybride,3.5375000000000227,6.7000000000000455,2.0,6.900000000000034,0.9000000000000341,True
2023-07-24 09:00:00+00:00,07149,8,24,1,journaliere,17.600000000000023,17.30000000000001,14.400000000000034,20.80000000000001,14.400000000000034,True
2023-07-24 12:00:00+00:00,07149,8,24,2,journaliere,20.05000000000004,17.30000000000001,14.400000000000034,20.200000000000045,19.900000000000038,True
2023-07-24 15:00:00+00:00,07149,8,24,3,journaliere,21.50000000000003,17.30000000000001,14.400000000000034,24.200000000000045,18.80000000000001,True
2023-07-24 18:00:00+00:00,07149,8,24,4,journaliere,20.950000000000017,17.30000000000001,14.400000000000034,23.80000000000001,18.100000000000023,True
2023-07-24 21:00:00+00:00,07149,8,24,5,journaliere,18.450000000000017,17.30000000000001,14.400000000000034,21.900000000000038,15.0,True
2023-07-25 00:00:00+00:00,07149,8,24,6,journaliere,16.400000000000034,17.30000000000001,14.400000000000034,19.600000000000023,13.200000000000044,True
2023-07-25 03:00:00+00:00,07149,8,24,7,journaliere,14.500000000000028,17.30000000000001,14.400000000000034,17.30000000000001,11.700000000000044,True
2023-07-25 06:00:00+00:00,07149,8,24,8,journaliere,15.550000000000011,17.30000000000001,14.400000000000034,17.30000000000001,13.800000000000011,True
2024-02-05 09:00:00+00:00,07149,1,3,1,lineaire,8.450000000000045,8.700000000000045,8.200000000000045,8.700000000000045,8.700000000000045,True
2025-02-20 12:00:00+00:00,07149,1,3,1,lineaire,11.150000000000034,8.200000000000045,14.100000000000025,8.5,15.200000000000044,True
2025-04-14 09:00:00+00:00,07149,1,3,1,lineaire,12.100000000000023,7.300000000000011,16.900000000000034,12.700000000000044,16.400000000000034,True
