timestamp,station,temperature_imputee,voisins_utilises,nombre_voisins
2015-12-04 00:00:00+00:00,07747,11.602683873344272,"07643,07650,07577",3
2015-12-04 03:00:00+00:00,07747,10.25309812840014,"07643,07650,07577",3
2015-12-05 06:00:00+00:00,07240,1.1599227438159703,"07335,07255,07139",3
2015-12-06 03:00:00+00:00,07335,6.017542566139716,"07240,07255,07222",3
2015-12-07 09:00:00+00:00,07460,,,0
2015-12-07 09:00:00+00:00,07471,,,0
2015-12-07 09:00:00+00:00,07481,,,0
2015-12-07 09:00:00+00:00,07577,,,0
2015-12-07 09:00:00+00:00,07280,,,0
2015-12-07 09:00:00+00:00,07110,,,0
2015-12-07 09:00:00+00:00,07117,,,0
2015-12-07 09:00:00+00:00,07130,,,0
2015-12-07 09:00:00+00:00,07240,,,0
2015-12-07 09:00:00+00:00,07255,,,0
2015-12-07 09:00:00+00:00,07761,,,0
2015-12-07 09:00:00+00:00,07790,,,0
2015-12-07 09:00:00+00:00,07072,,,0
2015-12-07 09:00:00+00:00,07168,,,0
2015-12-07 09:00:00+00:00,07181,,,0
2015-12-07 09:00:00+00:00,07190,,,0
2015-12-07 09:00:00+00:00,07299,,,0
2015-12-07 09:00:00+00:00,07005,,,0
2015-12-07 09:00:00+00:00,07015,,,0
2015-12-07 09:00:00+00:00,07020,,,0
2015-12-07 09:00:00+00:00,07027,,,0
2015-12-07 09:00:00+00:00,07037,,,0
2015-12-07 09:00:00+00:00,07139,,,0
2015-12-07 09:00:00+00:00,07314,,,0
2015-12-07 09:00:00+00:00,07335,,,0
2015-12-07 09:00:00+00:00,07434,,,0
2015-12-07 09:00:00+00:00,07510,,,0
2015-12-07 09:00:00+00:00,07607,,,0
2015-12-07 09:00:00+00:00,07535,,,0
2015-12-07 09:00:00+00:00,07558,,,0
2015-12-07 09:00:00+00:00,07621,,,0
2015-12-07 09:00:00+00:00,07627,,,0
2015-12-07 09:00:00+00:00,07630,,,0
2015-12-07 09:00:00+00:00,07643,,,0
2015-12-07 09:00:00+00:00,07747,,,0
2015-12-07 09:00:00+00:00,07222,,,0
2015-12-07 09:00:00+00:00,07591,,,0
2015-12-07 09:00:00+00:00,07650,,,0
2015-12-07 09:00:00+00:00,07690,,,0
2015-12-07 09:00:00+00:00,07149,,,0
2015-12-07 21:00:00+00:00,07027,9.711949061560874,"07037,07139,07005",3
2015-12-08 12:00:00+00:00,07037,9.817233677009396,"07005,07139,07149",3
2015-12-08 15:00:00+00:00,07037,10.625228783182601,"07005,07139,07149",3
2015-12-09 09:00:00+00:00,07314,7.340746443839109,"07222,07240,07335",3
2015-12-14 03:00:00+00:00,07607,3.833364073989432,"07510,07621,07630",3
2015-12-15 00:00:00+00:00,07607,8.684258197472879,"07510,07621,07630",3
2015-12-15 06:00:00+00:00,07027,8.157411230810046,"07037,07005",2
2015-12-15 06:00:00+00:00,07139,7.763830494166795,"07037,07240,07149",3
2015-12-17 06:00:00+00:00,07130,9.083372758520534,"07222,07139,07027",3
2015-12-20 00:00:00+00:00,07027,12.336939792273776,"07037,07005",2
2015-12-20 00:00:00+00:00,07139,11.146338016211319,"07037,07240,07149",3
2015-12-20 00:00:00+00:00,07607,9.587058874320395,"07510,07621,07630",3
2015-12-21 15:00:00+00:00,07280,11.391239652390333,"07181,07299,07190",3
2015-12-21 18:00:00+00:00,07280,8.522504807177732,"07181,07299,07190",3
2015-12-21 21:00:00+00:00,07280,8.602455543198094,"07181,07299,07190",3
2015-12-22 00:00:00+00:00,07280,8.842944176330697,"07181,07299,07190",3
2015-12-22 03:00:00+00:00,07280,9.051959229762865,"07181,07299,07190",3
2015-12-22 06:00:00+00:00,07280,8.297091070800661,"07181,07299,07190",3
2015-12-26 03:00:00+00:00,07607,6.935199193632122,"07510,07621,07630",3
2015-12-27 12:00:00+00:00,07027,12.712654241353501,"07037,07005",2
2015-12-27 12:00:00+00:00,07139,11.985314127247145,"07037,07240,07149",3
2015-12-27 12:00:00+00:00,07607,14.064183345692529,"07510,07621,07630",3
2015-12-28 12:00:00+00:00,07621,10.874985631333335,"07627,07607,07630",3
2015-12-29 15:00:00+00:00,07643,14.80039815972453,"07650,07747,07577",3
2015-12-30 00:00:00+00:00,07027,7.761576278340869,"07037,07005",2
2015-12-30 00:00:00+00:00,07139,6.928042777226772,"07037,07240,07149",3
2015-12-30 00:00:00+00:00,07607,6.726952020381766,"07510,07621,07630",3
2015-12-30 12:00:00+00:00,07027,10.30046589993071,"07037,07139,07005",3
2015-12-31 09:00:00+00:00,07471,5.451777652178352,"07460,07481,07558",3
2015-12-31 09:00:00+00:00,07027,7.195478871017743,"07037,07139,07005",3
2015-12-31 12:00:00+00:00,07471,6.360948684002073,"07460,07481,07558",3
2015-12-31 15:00:00+00:00,07027,10.293493663217507,"07037,07005",2
2015-12-31 15:00:00+00:00,07139,10.166908581569437,"07037,07240,07149",3
2015-12-31 21:00:00+00:00,07280,5.791273479807161,"07181,07299,07190",3
2015-12-31 21:00:00+00:00,07027,8.735181475723646,"07037,07139,07005",3
2016-01-01 00:00:00+00:00,07027,6.663354307052904,"07037,07005",2
2016-01-01 00:00:00+00:00,07139,5.29842340499871,"07037,07240,07149",3
2016-01-01 00:00:00+00:00,07607,4.98574334625634,"07510,07621,07630",3
2016-01-01 03:00:00+00:00,07027,6.577032253835503,"07037,07139,07005",3
2016-01-01 06:00:00+00:00,07027,3.759075890328104,"07037,07005",2
2016-01-01 06:00:00+00:00,07139,3.0672054282062944,"07037,07240,07149",3
2016-01-01 06:00:00+00:00,07607,4.6067760346552795,"07510,07621,07630",3
2016-01-04 00:00:00+00:00,07130,7.729886141140742,"07222,07139,07027",3
2016-01-04 12:00:00+00:00,07607,10.068652968651296,"07510,07621,07630",3
2016-01-06 06:00:00+00:00,07460,5.072000782063146,"07471,07481,07255",3
2016-01-06 15:00:00+00:00,07630,8.818263461130103,"07535,07558,07607",3
2016-01-06 15:00:00+00:00,07643,10.816871149305987,"07650,07747,07577",3
2016-01-10 18:00:00+00:00,07027,6.080597502717959,"07037,07139,07005",3
2016-01-11 15:00:00+00:00,07535,8.912452617130304,"07630,07434,07510",3
2016-01-11 18:00:00+00:00,07535,7.383329837546972,"07630,07434,07510",3
2016-01-13 03:00:00+00:00,07280,4.793221890938125,07299,1
2016-01-13 03:00:00+00:00,07181,3.6937153683072026,07168,1
2016-01-13 03:00:00+00:00,07190,4.606066369516933,07299,1
2016-01-14 09:00:00+00:00,07027,4.843884192689764,"07037,07005",2
2016-01-14 09:00:00+00:00,07139,3.91742479315827,"07037,07240,07149",3
2016-01-14 09:00:00+00:00,07607,8.026912973605016,"07510,07621,07630",3
2016-01-14 21:00:00+00:00,07627,5.955768221984914,"07621,07630,07607",3
2016-01-16 06:00:00+00:00,07027,3.048166218602816,"07037,07005",2
2016-01-16 06:00:00+00:00,07139,0.058656315975868484,"07037,07240,07149",3
2016-01-16 06:00:00+00:00,07607,-1.3231616015506367,"07510,07621,07630",3
2016-01-21 03:00:00+00:00,07650,4.879509861662743,"07643,07577,07690",3
2016-01-21 18:00:00+00:00,07020,6.323762597595628,"07117,07027,07005",3
2016-01-21 21:00:00+00:00,07020,6.87663328155356,"07117,07027,07005",3
2016-01-22 00:00:00+00:00,07020,7.694943311420389,"07117,07027,07005",3
2016-01-22 03:00:00+00:00,07020,8.6333835421819,"07117,07027,07005",3
2016-01-22 06:00:00+00:00,07020,10.015492796355442,"07117,07027,07005",3
2016-01-22 18:00:00+00:00,07335,7.547471888355825,"07240,07255,07222",3
2016-01-24 18:00:00+00:00,07027,10.062437878222559,"07037,07139,07005",3
2016-01-26 06:00:00+00:00,07027,8.738011186245147,"07037,07139,07005",3
2016-01-26 06:00:00+00:00,07607,8.66708509123543,"07510,07621,07630",3
2016-01-27 00:00:00+00:00,07027,10.416614055305098,"07037,07139,07005",3
2016-01-28 03:00:00+00:00,07027,8.273474655242975,"07037,07139,07005",3
2016-01-29 12:00:00+00:00,07027,9.124271176258603,"07037,07139,07005",3
2016-01-31 00:00:00+00:00,07027,6.3549864222599535,"07037,07005",2
2016-01-31 00:00:00+00:00,07139,6.30330096315324,"07037,07240,07149",3
2016-01-31 00:00:00+00:00,07607,10.102836821094165,"07510,07621,07630",3
2016-01-31 03:00:00+00:00,07027,6.511615872666307,"07037,07005",2
2016-01-31 03:00:00+00:00,07139,6.36317156027706,"07037,07240,07149",3
2016-01-31 03:00:00+00:00,07607,11.081215729639013,"07510,07621,07630",3
2016-02-02 09:00:00+00:00,07181,9.73946307396686,"07168,07280,07190",3
2016-02-02 21:00:00+00:00,07027,7.200500009321296,"07037,07139,07005",3
2016-02-05 12:00:00+00:00,07181,9.532636265751295,"07168,07280,07190",3
2016-02-05 12:00:00+00:00,07027,10.068206982845524,"07037,07139,07005",3
2016-02-08 15:00:00+00:00,07280,10.226536983978008,"07181,07299,07190",3
2016-02-10 06:00:00+00:00,07027,5.078198678732778,"07037,07005",2
2016-02-10 06:00:00+00:00,07139,2.5441679089783817,"07037,07240,07149",3
2016-02-10 06:00:00+00:00,07607,5.1553058026694245,"07510,07621,07630",3
2016-02-11 15:00:00+00:00,07790,12.757244146420447,"07761,07690,07650",3
2016-02-13 00:00:00+00:00,07607,9.193091688685172,"07510,07621,07630",3
2016-02-13 06:00:00+00:00,07027,5.124590146497942,"07037,07139,07005",3
2016-02-13 06:00:00+00:00,07558,6.204167313074693,"07630,07434,07535",3
2016-02-14 03:00:00+00:00,07627,8.172933125355222,"07621,07630,07607",3
2016-02-16 06:00:00+00:00,07460,0.3280869297008592,"07471,07481,07255",3
2016-02-16 06:00:00+00:00,07280,0.5915287887082658,"07181,07299,07190",3
2016-02-16 06:00:00+00:00,07027,0.890147464362499,"07037,07005",2
2016-02-16 06:00:00+00:00,07139,-0.48714356565273964,"07037,07240,07149",3
2016-02-16 06:00:00+00:00,07314,4.779500129960383,"07222,07240,07335",3
2016-02-16 06:00:00+00:00,07607,-0.10499009462964837,"07510,07621,07630",3
2016-02-16 06:00:00+00:00,07643,4.3662455497101025,"07650,07747,07577",3
2016-02-19 00:00:00+00:00,07690,8.462390036914988,"07790,07650,07643",3
2016-02-24 09:00:00+00:00,07027,4.96251997949326,"07037,07139,07005",3
2016-02-25 12:00:00+00:00,07690,15.363657165514837,"07790,07650,07643",3
2016-02-25 15:00:00+00:00,07027,7.426074959480358,"07037,07139,07005",3
2016-02-25 15:00:00+00:00,07690,14.253612423391544,"07790,07650,07643",3
2016-02-26 12:00:00+00:00,07607,9.494289323733964,"07510,07621,07630",3
2016-02-26 18:00:00+00:00,07037,3.690450574772034,"07005,07139,07149",3
2016-02-26 21:00:00+00:00,07037,1.2653967428798323,"07005,07139,07149",3
2016-02-27 09:00:00+00:00,07627,2.6460209156799426,"07621,07630,07607",3
2016-02-27 12:00:00+00:00,07627,3.290809237910051,"07621,07630,07607",3
2016-02-27 15:00:00+00:00,07627,5.387332757610381,"07621,07630,07607",3
2016-02-27 18:00:00+00:00,07627,4.905488958004967,"07621,07630,07607",3
2016-02-28 18:00:00+00:00,07790,9.286647732719375,"07761,07690,07650",3
2016-02-29 12:00:00+00:00,07314,10.200426862298553,"07222,07240,07335",3
2016-03-02 15:00:00+00:00,07139,6.587453766309022,"07037,07240,07149",3
2016-03-02 18:00:00+00:00,07139,4.903107384655781,"07037,07240,07149",3
2016-03-02 21:00:00+00:00,07139,5.179271197479209,"07037,07240,07149",3
2016-03-03 00:00:00+00:00,07139,5.5836205971742805,"07037,07240,07149",3
2016-03-03 03:00:00+00:00,07139,5.572111441790472,"07037,07240,07149",3
2016-03-03 03:00:00+00:00,07607,6.371088715464485,"07510,07621,07630",3
2016-03-03 06:00:00+00:00,07139,5.425879002416094,"07037,07240,07149",3
2016-03-04 03:00:00+00:00,07607,9.608440601006135,"07510,07621,07630",3
2016-03-04 18:00:00+00:00,07027,4.66379818832045,"07037,07139,07005",3
2016-03-05 03:00:00+00:00,07607,4.006113317720994,"07510,07621,07630",3
2016-03-05 03:00:00+00:00,07627,3.541746526754793,"07621,07630",2
2016-03-06 03:00:00+00:00,07607,2.430159076613708,"07510,07621,07630",3
2016-03-07 12:00:00+00:00,07627,7.321857032547811,"07621,07630,07607",3
2016-03-07 12:00:00+00:00,07222,7.735868186896635,"07130,07335,07240",3
2016-03-09 00:00:00+00:00,07607,4.846491433037527,"07510,07621,07630",3
2016-03-13 06:00:00+00:00,07607,2.9647025257089137,"07510,07621,07630",3
2016-03-13 12:00:00+00:00,07607,11.115291901120557,"07510,07621,07630",3
2016-03-14 03:00:00+00:00,07607,3.175523174040384,"07510,07621,07630",3
2016-03-14 06:00:00+00:00,07280,2.504033238231385,"07181,07299,07190",3
2016-03-14 09:00:00+00:00,07280,4.953857948492189,"07181,07299,07190",3
2016-03-15 09:00:00+00:00,07027,5.770680508643142,"07037,07139,07005",3
2016-03-15 21:00:00+00:00,07020,8.739974383905423,"07117,07027,07005",3
2016-03-16 00:00:00+00:00,07280,3.169649887476614,"07181,07299,07190",3
2016-03-16 00:00:00+00:00,07020,8.69988515991666,"07117,07027,07005",3
2016-03-16 00:00:00+00:00,07747,12.097391531542414,"07643,07650,07577",3
2016-03-16 03:00:00+00:00,07020,8.151470688292246,"07117,07027,07005",3
2016-03-16 03:00:00+00:00,07747,11.297071571210227,"07643,07650,07577",3
2016-03-16 06:00:00+00:00,07020,8.133766069285766,"07117,07027,07005",3
2016-03-16 09:00:00+00:00,07072,4.480173463640447,"07168,07149,07181",3
2016-03-16 09:00:00+00:00,07020,8.755751749429745,"07117,07027,07005",3
2016-03-16 09:00:00+00:00,07314,9.966497844633018,"07222,07240,07335",3
2016-03-16 09:00:00+00:00,07621,5.656849581703934,"07627,07607,07630",3
2016-03-17 12:00:00+00:00,07471,3.252371624843182,"07460,07481,07558",3
2016-03-19 12:00:00+00:00,07168,5.170040622579115,"07072,07181,07149",3
2016-03-20 09:00:00+00:00,07558,8.205402827685209,"07630,07434,07535",3
2016-03-20 18:00:00+00:00,07027,7.075185924070935,"07037,07139,07005",3
2016-03-20 18:00:00+00:00,07607,11.123674352778263,"07510,07621,07630",3
2016-03-22 00:00:00+00:00,07747,10.811465030782198,"07643,07650,07577",3
2016-03-22 06:00:00+00:00,07027,4.309183276918073,"07037,07139,07005",3
2016-03-22 12:00:00+00:00,07110,10.527572192506877,"07130,07117,07027",3
2016-03-23 09:00:00+00:00,07558,6.303883091071786,"07630,07434,07535",3
2016-03-23 15:00:00+00:00,07181,9.30836715701459,"07168,07280,07190",3
2016-03-24 06:00:00+00:00,07027,5.420339891133495,"07037,07139,07005",3
2016-03-25 09:00:00+00:00,07627,9.216063555390292,"07621,07630,07607",3
2016-03-26 21:00:00+00:00,07027,8.526418845426576,"07037,07005",2
2016-03-26 21:00:00+00:00,07139,10.939732346729276,"07037,07240,07149",3
2016-03-26 21:00:00+00:00,07607,13.710381601716126,"07510,07621,07630",3
2016-03-27 09:00:00+00:00,07027,9.861748130512838,"07037,07139,07005",3
2016-03-27 09:00:00+00:00,07558,6.476954880894068,"07630,07434,07535",3
2016-03-27 12:00:00+00:00,07027,13.157252853508195,"07037,07005",2
2016-03-27 12:00:00+00:00,07139,12.932683186074287,"07037,07240,07149",3
2016-03-27 12:00:00+00:00,07607,13.554567899346683,"07510,07621,07630",3
2016-03-28 06:00:00+00:00,07027,10.334373574331758,"07037,07139,07005",3
2016-03-28 06:00:00+00:00,07607,9.695884603339318,"07510,07621,07630",3
2016-03-29 12:00:00+00:00,07020,11.682254407214051,"07117,07027,07005",3
2016-03-31 00:00:00+00:00,07139,6.557044137632333,"07037,07240,07149",3
2016-04-03 12:00:00+00:00,07027,17.64549936342954,"07037,07139,07005",3
2016-04-04 09:00:00+00:00,07072,11.53917081032845,"07168,07149,07181",3
2016-04-04 12:00:00+00:00,07072,14.541161464807058,"07168,07149,07181",3
2016-04-04 15:00:00+00:00,07280,17.410748439946808,"07299,07190",2
2016-04-04 15:00:00+00:00,07072,14.556932327378892,"07168,07149",2
2016-04-04 15:00:00+00:00,07181,14.956326756055176,"07168,07190",2
2016-04-04 15:00:00+00:00,07020,13.079936376984323,"07117,07027,07005",3
2016-04-04 15:00:00+00:00,07314,16.556088651049976,"07222,07240,07335",3
2016-04-06 00:00:00+00:00,07627,7.860446453294122,"07621,07630,07607",3
2016-04-06 09:00:00+00:00,07627,9.685424614367403,"07621,07630,07607",3
2016-04-06 18:00:00+00:00,07607,12.551260988052476,"07510,07621,07630",3
2016-04-07 21:00:00+00:00,07027,7.358406687921768,"07037,07139,07005",3
2016-04-08 06:00:00+00:00,07558,1.8375495274732334,"07630,07434,07535",3
2016-04-10 03:00:00+00:00,07027,2.1396965161121573,"07037,07139,07005",3
2016-04-10 06:00:00+00:00,07790,8.571478611099927,"07761,07690,07650",3
2016-04-10 06:00:00+00:00,07027,2.6048713298537916,"07037,07139,07005",3
2016-04-10 12:00:00+00:00,07607,20.265223435675527,"07510,07621,07630",3
2016-04-10 15:00:00+00:00,07027,13.768819387419112,"07037,07005",2
2016-04-10 15:00:00+00:00,07139,15.55071687419839,"07037,07240,07149",3
2016-04-10 15:00:00+00:00,07607,20.886274531982625,"07510,07621,07630",3
2016-04-10 18:00:00+00:00,07027,13.743529648354693,"07037,07005",2
2016-04-10 18:00:00+00:00,07139,14.719900615523143,"07037,07240,07149",3
2016-04-10 18:00:00+00:00,07607,16.719150618554806,"07510,07621,07630",3
2016-04-11 06:00:00+00:00,07027,9.204210545869913,"07037,07139,07005",3
2016-04-11 06:00:00+00:00,07607,8.26898648514576,"07510,07621,07630",3
2016-04-11 12:00:00+00:00,07027,12.215660332626584,"07037,07005",2
2016-04-11 12:00:00+00:00,07139,11.290691084571609,"07037,07240,07149",3
2016-04-11 12:00:00+00:00,07607,18.197060449592016,"07510,07621,07630",3
2016-04-13 09:00:00+00:00,07037,10.84803761348554,"07005,07139,07149",3
2016-04-17 00:00:00+00:00,07607,10.755949246968315,"07510,07621,07630",3
2016-04-18 03:00:00+00:00,07027,1.8823855005938301,"07037,07139,07005",3
2016-04-18 06:00:00+00:00,07790,13.443659648909684,"07761,07690,07650",3
2016-04-19 00:00:00+00:00,07139,4.273715930172393,"07037,07240,07149",3
2016-04-19 03:00:00+00:00,07240,2.639644568441142,"07335,07255,07139",3
2016-04-19 12:00:00+00:00,07020,12.433292274777115,"07117,07027,07005",3
2016-04-21 03:00:00+00:00,07027,9.889136057841817,"07037,07005",2
2016-04-21 03:00:00+00:00,07139,10.486044253168158,"07037,07240,07149",3
2016-04-21 03:00:00+00:00,07607,11.944041810676634,"07510,07621,07630",3
2016-04-21 12:00:00+00:00,07607,15.509891690083332,"07510,07621,07630",3
2016-04-21 15:00:00+00:00,07027,18.7327894579425,"07037,07139,07005",3
2016-04-23 06:00:00+00:00,07280,10.425227605045972,"07181,07299,07190",3
2016-04-23 06:00:00+00:00,07027,8.154915704926625,"07037,07139,07005",3
2016-04-23 09:00:00+00:00,07558,10.101254884986885,"07630,07434,07535",3
2016-04-23 12:00:00+00:00,07558,12.661841979612289,"07630,07434,07535",3
2016-04-23 15:00:00+00:00,07558,11.593877840368334,"07630,07434,07535",3
2016-04-23 18:00:00+00:00,07558,9.475674571069373,"07630,07434,07535",3
2016-04-23 21:00:00+00:00,07558,7.305527466887998,"07630,07434,07535",3
2016-04-24 00:00:00+00:00,07558,6.477875681685754,"07630,07434,07535",3
2016-04-24 03:00:00+00:00,07558,5.221622361291283,"07630,07434,07535",3
2016-04-24 06:00:00+00:00,07558,4.557517151311837,"07630,07434,07535",3
2016-04-24 09:00:00+00:00,07558,6.5936806569689015,"07630,07434,07535",3
2016-04-24 12:00:00+00:00,07558,8.076778397750841,"07630,07434,07535",3
2016-04-24 15:00:00+00:00,07558,8.939352328241455,"07630,07434,07535",3
2016-04-24 18:00:00+00:00,07558,7.479229084054566,"07630,07434,07535",3
2016-04-24 21:00:00+00:00,07558,5.318340718442219,"07630,07434,07535",3
2016-04-25 00:00:00+00:00,07558,3.818505301371226,"07630,07434,07535",3
2016-04-25 03:00:00+00:00,07607,5.080928002192966,"07510,07621,07630",3
2016-04-25 03:00:00+00:00,07558,2.1387011036526244,"07630,07434,07535",3
2016-04-25 06:00:00+00:00,07558,2.613257477793052,"07630,07434,07535",3
2016-04-25 09:00:00+00:00,07558,7.098072329596473,"07630,07434,07535",3
2016-04-25 12:00:00+00:00,07558,10.145138949638739,"07630,07434,07535",3
2016-04-25 15:00:00+00:00,07558,11.648546774308274,"07630,07434,07535",3
2016-04-25 18:00:00+00:00,07558,9.725814804674313,"07630,07434,07535",3
2016-04-25 21:00:00+00:00,07558,7.920359100450645,"07630,07434,07535",3
2016-04-26 00:00:00+00:00,07558,6.027498618236999,"07630,07434,07535",3
2016-04-26 03:00:00+00:00,07558,5.52993740432647,"07630,07434,07535",3
2016-04-26 06:00:00+00:00,07558,5.444869876663356,"07630,07434,07535",3
2016-04-26 09:00:00+00:00,07558,7.181971232096146,"07630,07434,07535",3
2016-04-26 12:00:00+00:00,07558,10.213493298429666,"07630,07434,07535",3
2016-04-26 15:00:00+00:00,07558,10.357323428175917,"07630,07434,07535",3
2016-04-26 18:00:00+00:00,07558,8.612192645687665,"07630,07434,07535",3
2016-04-26 21:00:00+00:00,07558,6.25043762288721,"07630,07434,07535",3
2016-04-27 00:00:00+00:00,07314,6.3387399251169,"07222,07240,07335",3
2016-04-27 00:00:00+00:00,07558,5.575311410764175,"07630,07434,07535",3
2016-04-27 03:00:00+00:00,07558,4.328607802386163,"07630,07434,07535",3
2016-04-27 06:00:00+00:00,07558,4.158472747059956,"07630,07434,07535",3
2016-04-27 09:00:00+00:00,07558,7.167650144142749,"07630,07434,07535",3
2016-04-28 21:00:00+00:00,07607,8.340991929555312,"07510,07621,07630",3
2016-04-30 00:00:00+00:00,07027,6.583296183273589,"07037,07139,07005",3
2016-04-30 06:00:00+00:00,07027,6.479619299138744,"07037,07005",2
2016-04-30 06:00:00+00:00,07139,5.856719647237849,"07037,07240,07149",3
2016-04-30 06:00:00+00:00,07607,7.88223180091483,"07510,07621,07630",3
2016-05-01 06:00:00+00:00,07027,5.074567041846037,"07037,07005",2
2016-05-01 06:00:00+00:00,07139,3.6884829936156858,"07037,07240,07149",3
2016-05-01 06:00:00+00:00,07607,4.242189001986825,"07510,07621,07630",3
2016-05-02 18:00:00+00:00,07027,14.110721444527869,"07037,07005",2
2016-05-02 18:00:00+00:00,07139,13.806650851248024,"07037,07240,07149",3
2016-05-02 18:00:00+00:00,07607,15.546653007908432,"07510,07621,07630",3
2016-05-03 00:00:00+00:00,07460,9.894384490244864,"07471,07481,07255",3
2016-05-03 00:00:00+00:00,07280,8.212542641471602,07190,1
2016-05-03 00:00:00+00:00,07181,8.072125060787378,"07168,07190",2
2016-05-03 00:00:00+00:00,07299,7.703690353163727,07190,1
2016-05-03 00:00:00+00:00,07027,9.779732668332686,"07037,07005",2
2016-05-03 00:00:00+00:00,07139,9.739407286670183,"07037,07240,07149",3
2016-05-03 00:00:00+00:00,07314,12.621489931757338,"07222,07240,07335",3
2016-05-03 00:00:00+00:00,07607,8.193186926632082,"07510,07621,07630",3
2016-05-03 00:00:00+00:00,07643,14.870788157944961,"07650,07747,07577",3
2016-05-03 03:00:00+00:00,07280,7.205409852849516,"07181,07299,07190",3
2016-05-03 06:00:00+00:00,07280,9.39875947373784,"07181,07299,07190",3
2016-05-04 15:00:00+00:00,07607,22.79511398549428,"07510,07621,07630",3
2016-05-06 06:00:00+00:00,07181,10.478532484450216,"07168,07280,07190",3
2016-05-09 00:00:00+00:00,07280,14.513513462334924,07190,1
2016-05-09 00:00:00+00:00,07181,14.853269569377089,"07168,07190",2
2016-05-09 00:00:00+00:00,07299,14.18234446938735,07190,1
2016-05-09 00:00:00+00:00,07027,16.2371168906801,"07037,07139,07005",3
2016-05-09 03:00:00+00:00,07181,12.981614026773858,"07168,07280,07190",3
2016-05-09 06:00:00+00:00,07280,14.591875006799395,"07181,07299,07190",3
2016-05-09 06:00:00+00:00,07027,15.587668218853901,"07037,07139,07005",3
2016-05-09 06:00:00+00:00,07627,12.665481011287445,"07621,07630,07607",3
2016-05-09 09:00:00+00:00,07460,15.972134355974545,"07471,07481,07255",3
2016-05-09 09:00:00+00:00,07280,18.33228365679753,07190,1
2016-05-09 09:00:00+00:00,07181,17.40257682834862,"07168,07190",2
2016-05-09 09:00:00+00:00,07299,18.108801509522866,07190,1
2016-05-09 09:00:00+00:00,07020,15.770799982675436,"07117,07005",2
2016-05-09 09:00:00+00:00,07027,18.519395256359676,"07037,07005",2
2016-05-09 09:00:00+00:00,07139,17.004024681925276,"07037,07240,07149",3
2016-05-09 09:00:00+00:00,07314,16.275394820786666,"07222,07240,07335",3
2016-05-09 09:00:00+00:00,07607,16.668419219869758,"07510,07621,07630",3
2016-05-09 09:00:00+00:00,07643,16.590636484941587,"07650,07747,07577",3
2016-05-09 12:00:00+00:00,07280,22.40888005943362,"07181,07299,07190",3
2016-05-09 12:00:00+00:00,07761,20.27381999509717,"07790,07690,07650",3
2016-05-09 12:00:00+00:00,07027,17.719142151166956,"07037,07139,07005",3
2016-05-10 09:00:00+00:00,07280,16.525166363171618,"07181,07299,07190",3
2016-05-10 09:00:00+00:00,07027,15.88116932330358,"07037,07139,07005",3
2016-05-10 18:00:00+00:00,07037,16.579042251894155,"07005,07139,07149",3
2016-05-10 18:00:00+00:00,07621,17.466438320267482,"07627,07607,07630",3
2016-05-10 21:00:00+00:00,07037,14.76293658210693,"07005,07139,07149",3
2016-05-10 21:00:00+00:00,07621,12.996900620329573,"07627,07607,07630",3
2016-05-11 00:00:00+00:00,07037,13.460412951040379,"07005,07139,07149",3
2016-05-11 00:00:00+00:00,07621,11.703355788159769,"07627,07607,07630",3
2016-05-11 03:00:00+00:00,07037,12.135469054690038,"07005,07139,07149",3
2016-05-11 03:00:00+00:00,07621,10.549516486438526,"07627,07607,07630",3
2016-05-11 06:00:00+00:00,07621,11.443882026580276,"07627,07607,07630",3
2016-05-11 09:00:00+00:00,07280,17.651604208444986,"07181,07299,07190",3
2016-05-11 09:00:00+00:00,07027,14.820994374594099,"07037,07139,07005",3
2016-05-11 09:00:00+00:00,07621,13.907687021798978,"07627,07607,07630",3
2016-05-11 12:00:00+00:00,07621,12.53269863588509,"07627,07607,07630",3
2016-05-11 15:00:00+00:00,07621,14.491034811790948,"07627,07607,07630",3
2016-05-11 18:00:00+00:00,07621,14.43259696496849,"07627,07607,07630",3
2016-05-11 21:00:00+00:00,07621,10.454841082750766,"07627,07607,07630",3
2016-05-12 00:00:00+00:00,07621,8.155491301371358,"07627,07607,07630",3
2016-05-12 00:00:00+00:00,07690,14.928797118574009,"07790,07650,07643",3
2016-05-12 03:00:00+00:00,07621,7.2358231611193675,"07627,07607,07630",3
2016-05-12 06:00:00+00:00,07181,12.531616871965024,"07168,07280,07190",3
2016-05-12 06:00:00+00:00,07027,13.43994641480805,"07037,07139,07005",3
2016-05-12 06:00:00+00:00,07621,8.187435488334064,"07627,07607,07630",3
2016-05-12 15:00:00+00:00,07621,17.877694008804504,"07627,07607,07630",3
2016-05-13 00:00:00+00:00,07280,13.176943894273032,07190,1
2016-05-13 00:00:00+00:00,07181,12.775792371478122,"07168,07190",2
2016-05-13 00:00:00+00:00,07299,12.808084505339943,07190,1
2016-05-13 00:00:00+00:00,07027,12.86143333747326,"07037,07139,07005",3
2016-05-13 09:00:00+00:00,07027,14.673368036592437,"07037,07139,07005",3
2016-05-13 09:00:00+00:00,07607,14.07381492219016,"07510,07621,07630",3
2016-05-15 03:00:00+00:00,07280,6.971442328271299,07190,1
2016-05-15 03:00:00+00:00,07181,3.149824259020347,"07168,07190",2
2016-05-15 03:00:00+00:00,07299,6.427591815119729,07190,1
2016-05-15 03:00:00+00:00,07020,8.411751609655392,"07117,07005",2
2016-05-15 03:00:00+00:00,07027,4.112018734873117,"07037,07139,07005",3
2016-05-15 06:00:00+00:00,07280,7.066911583132831,07190,1
2016-05-15 06:00:00+00:00,07181,5.263850715408092,"07168,07190",2
2016-05-15 06:00:00+00:00,07299,6.525753241123083,07190,1
2016-05-15 06:00:00+00:00,07020,8.92444508699498,"07117,07005",2
2016-05-15 06:00:00+00:00,07027,7.0129764032271815,"07037,07139,07005",3
2016-05-15 09:00:00+00:00,07460,11.53215423455552,07471,1
2016-05-15 09:00:00+00:00,07481,10.670799870408144,07280,1
2016-05-15 09:00:00+00:00,07577,11.983489520328492,07280,1
2016-05-15 09:00:00+00:00,07110,12.166666850020041,"07130,07117",2
2016-05-15 09:00:00+00:00,07240,12.909338212989644,"07335,07139",2
2016-05-15 09:00:00+00:00,07255,12.519654114596236,07335,1
2016-05-15 09:00:00+00:00,07761,,,0
2016-05-15 09:00:00+00:00,07790,,,0
2016-05-15 09:00:00+00:00,07168,9.927942268169591,"07072,07181",2
2016-05-15 09:00:00+00:00,07299,9.232452574482243,"07190,07280,07181",3
2016-05-15 09:00:00+00:00,07005,,,0
2016-05-15 09:00:00+00:00,07015,,,0
2016-05-15 09:00:00+00:00,07027,12.175035041768401,07139,1
2016-05-15 09:00:00+00:00,07037,11.780824813430856,07139,1
2016-05-15 09:00:00+00:00,07643,,,0
2016-05-15 09:00:00+00:00,07747,,,0
2016-05-15 09:00:00+00:00,07222,13.395753133953313,"07130,07335",2
2016-05-15 09:00:00+00:00,07650,,,0
2016-05-15 09:00:00+00:00,07690,,,0
2016-05-15 09:00:00+00:00,07149,13.213056516870674,07139,1
2016-05-17 09:00:00+00:00,07460,14.937113577078762,"07471,07481,07255",3
2016-05-17 09:00:00+00:00,07280,14.131636442888684,07190,1
2016-05-17 09:00:00+00:00,07181,13.426742400672246,"07168,07190",2
2016-05-17 09:00:00+00:00,07299,13.789698765373823,07190,1
2016-05-17 09:00:00+00:00,07020,13.762776811227388,"07117,07005",2
2016-05-17 09:00:00+00:00,07027,11.496506227649906,"07037,07005",2
2016-05-17 09:00:00+00:00,07139,11.938830789115487,"07037,07240,07149",3
2016-05-17 09:00:00+00:00,07314,16.047262814637783,"07222,07240,07335",3
2016-05-17 09:00:00+00:00,07607,15.383129132902987,"07510,07621,07630",3
2016-05-17 09:00:00+00:00,07643,18.812531246190296,"07650,07747,07577",3
2016-05-17 12:00:00+00:00,07280,15.003501103821286,"07181,07299,07190",3
2016-05-17 12:00:00+00:00,07027,15.071074127195066,"07037,07139,07005",3
2016-05-17 18:00:00+00:00,07027,14.510381885376015,"07037,07139,07005",3
2016-05-18 06:00:00+00:00,07460,9.98217291076176,"07471,07481,07255",3
2016-05-18 06:00:00+00:00,07280,10.281447266815192,"07299,07190",2
2016-05-18 06:00:00+00:00,07181,10.595257986901045,"07168,07190",2
2016-05-18 06:00:00+00:00,07027,11.504750660901296,"07037,07005",2
2016-05-18 06:00:00+00:00,07139,10.488548621096303,"07037,07240,07149",3
2016-05-18 06:00:00+00:00,07314,13.098411959468741,"07222,07240,07335",3
2016-05-18 06:00:00+00:00,07607,9.779410572548027,"07510,07621,07630",3
2016-05-18 06:00:00+00:00,07643,14.724325589487389,"07650,07747,07577",3
2016-05-19 00:00:00+00:00,07280,11.005466806034931,"07299,07190",2
2016-05-19 00:00:00+00:00,07181,9.414358714507097,"07168,07190",2
2016-05-19 00:00:00+00:00,07027,10.020841509752533,"07037,07139,07005",3
2016-05-19 00:00:00+00:00,07314,12.659373658024423,"07222,07240,07335",3
2016-05-19 03:00:00+00:00,07280,10.330461739618254,"07299,07190",2
2016-05-19 03:00:00+00:00,07181,9.024677976330418,"07168,07190",2
2016-05-19 03:00:00+00:00,07027,9.920798890095215,"07037,07139,07005",3
2016-05-19 09:00:00+00:00,07130,14.42177319223124,"07222,07139,07027",3
2016-05-21 00:00:00+00:00,07460,11.197486679207314,"07471,07481,07255",3
2016-05-21 00:00:00+00:00,07280,12.222251345657382,07190,1
2016-05-21 00:00:00+00:00,07181,11.470928048623867,"07168,07190",2
2016-05-21 00:00:00+00:00,07299,11.826470245306064,07190,1
2016-05-21 00:00:00+00:00,07027,13.389751521107822,"07037,07005",2
2016-05-21 00:00:00+00:00,07139,12.593905831222042,"07037,07240,07149",3
2016-05-21 00:00:00+00:00,07314,12.706130530272251,"07222,07240,07335",3
2016-05-21 00:00:00+00:00,07607,13.419095857323583,"07510,07621,07630",3
2016-05-21 00:00:00+00:00,07643,13.959200167257316,"07650,07747,07577",3
2016-05-21 06:00:00+00:00,07627,14.58556125402442,"07621,07630,07607",3
2016-05-23 18:00:00+00:00,07621,14.838409247665467,"07627,07607,07630",3
2016-05-23 21:00:00+00:00,07621,10.8994489119301,"07627,07607,07630",3
2016-05-24 00:00:00+00:00,07280,11.295026972561848,"07299,07190",2
2016-05-24 00:00:00+00:00,07181,8.377512283978936,"07168,07190",2
2016-05-24 00:00:00+00:00,07027,8.183822059764415,"07037,07139,07005",3
2016-05-24 00:00:00+00:00,07621,8.44300716913851,"07627,07607,07630",3
2016-05-24 03:00:00+00:00,07621,6.653435294420942,"07627,07607,07630",3
2016-05-24 06:00:00+00:00,07621,8.818403822332373,"07627,07607,07630",3
2016-05-24 09:00:00+00:00,07280,12.508659110242034,07190,1
2016-05-24 09:00:00+00:00,07181,11.328357338991031,"07168,07190",2
2016-05-24 09:00:00+00:00,07299,12.120954523316183,07190,1
2016-05-24 09:00:00+00:00,07020,13.782061214455087,"07117,07005",2
2016-05-24 09:00:00+00:00,07027,12.215800406479659,"07037,07139,07005",3
2016-05-24 15:00:00+00:00,07020,14.468645868387378,"07117,07027,07005",3
2016-05-25 00:00:00+00:00,07139,8.048020574914117,"07037,07240,07149",3
2016-05-26 21:00:00+00:00,07607,17.66832398192283,"07510,07621,07630",3
2016-05-27 15:00:00+00:00,07607,26.172373825217445,"07510,07621,07630",3
2016-05-28 06:00:00+00:00,07255,15.243798457663607,"07240,07335,07149",3
2016-05-30 00:00:00+00:00,07460,13.840881006782967,"07471,07481,07255",3
2016-05-30 00:00:00+00:00,07280,15.431250749375224,"07181,07299,07190",3
2016-05-30 00:00:00+00:00,07027,12.286360314144922,"07037,07005",2
2016-05-30 00:00:00+00:00,07139,12.484933849803213,"07037,07240,07149",3
2016-05-30 00:00:00+00:00,07607,13.066557501653477,"07510,07621,07630",3
2016-05-30 00:00:00+00:00,07643,16.728594014938906,"07650,07747,07577",3
2016-05-30 12:00:00+00:00,07280,16.557850680049746,"07181,07299,07190",3
2016-05-30 18:00:00+00:00,07280,15.346631066578375,"07181,07299,07190",3
2016-05-30 18:00:00+00:00,07027,13.042968471784514,"07037,07139,07005",3
2016-05-30 21:00:00+00:00,07621,11.9643708748042,"07627,07607,07630",3
2016-05-31 00:00:00+00:00,07621,10.163128135231085,"07627,07607,07630",3
2016-05-31 03:00:00+00:00,07621,11.299812142444702,"07627,07607,07630",3
2016-05-31 06:00:00+00:00,07621,12.089351375319154,"07627,07607,07630",3
2016-05-31 21:00:00+00:00,07627,12.897666597046832,"07621,07630,07607",3
2016-06-02 06:00:00+00:00,07643,16.827099518065054,"07650,07747,07577",3
2016-06-02 18:00:00+00:00,07190,16.068679559722323,"07299,07280,07181",3
2016-06-03 09:00:00+00:00,07621,18.65042109122384,"07627,07607,07630",3
2016-06-03 12:00:00+00:00,07621,21.795260946467685,"07627,07607,07630",3
2016-06-03 15:00:00+00:00,07607,21.669801497469386,"07510,07621,07630",3
2016-06-04 12:00:00+00:00,07607,20.91235824207695,"07510,07621,07630",3
2016-06-04 15:00:00+00:00,07607,22.21240036503724,"07510,07621,07630",3
2016-06-06 15:00:00+00:00,07460,24.61906490948519,"07471,07481,07255",3
2016-06-07 06:00:00+00:00,07607,16.38809139736656,"07510,07621,07630",3
2016-06-08 18:00:00+00:00,07280,18.823510347000877,"07181,07299,07190",3
2016-06-08 18:00:00+00:00,07027,20.00895451135549,"07037,07139,07005",3
2016-06-08 21:00:00+00:00,07190,16.339363850191322,"07299,07280,07181",3
2016-06-09 00:00:00+00:00,07190,15.443538486319765,"07299,07280,07181",3
2016-06-09 03:00:00+00:00,07190,14.917898860160816,"07299,07280,07181",3
2016-06-11 15:00:00+00:00,07020,16.193275503325673,"07117,07027,07005",3
2016-06-12 00:00:00+00:00,07460,13.947744564594771,"07471,07481,07255",3
2016-06-12 00:00:00+00:00,07280,15.350251361578326,"07181,07299,07190",3
2016-06-12 00:00:00+00:00,07027,13.944031742426757,"07037,07005",2
2016-06-12 00:00:00+00:00,07139,13.722158426910845,"07037,07240,07149",3
2016-06-12 00:00:00+00:00,07607,13.06054940121329,"07510,07621,07630",3
2016-06-12 00:00:00+00:00,07627,11.861255974675753,"07621,07630",2
2016-06-12 00:00:00+00:00,07643,19.844980669917327,"07650,07747,07577",3
2016-06-13 09:00:00+00:00,07607,17.907911491541615,"07510,07621,07630",3
2016-06-13 15:00:00+00:00,07280,17.52612865463625,"07181,07299,07190",3
2016-06-13 15:00:00+00:00,07027,15.160946089833528,"07037,07139,07005",3
2016-06-13 18:00:00+00:00,07627,17.64932684156721,"07621,07630,07607",3
2016-06-13 21:00:00+00:00,07627,15.124481750059411,"07621,07630,07607",3
2016-06-14 00:00:00+00:00,07627,14.03057635341335,"07621,07630,07607",3
2016-06-14 03:00:00+00:00,07627,12.928700663997919,"07621,07630,07607",3
2016-06-14 06:00:00+00:00,07627,14.27513380470006,"07621,07630,07607",3
2016-06-14 09:00:00+00:00,07627,15.815201515752891,"07621,07630,07607",3
2016-06-15 03:00:00+00:00,07299,12.285600626374384,"07190,07280,07181",3
2016-06-15 06:00:00+00:00,07299,12.642385902547597,"07190,07280,07181",3
2016-06-15 09:00:00+00:00,07299,16.155141030305806,"07190,07280,07181",3
2016-06-15 21:00:00+00:00,07280,13.95588382517695,"07181,07299,07190",3
2016-06-16 00:00:00+00:00,07280,12.333674539755183,"07181,07299,07190",3
2016-06-16 03:00:00+00:00,07280,12.66940741557065,"07181,07299,07190",3
2016-06-16 06:00:00+00:00,07280,13.188537405791596,"07181,07299,07190",3
2016-06-17 03:00:00+00:00,07072,11.857766433969342,"07168,07149,07181",3
2016-06-17 03:00:00+00:00,07627,9.629793180672339,"07621,07630,07607",3
2016-06-17 06:00:00+00:00,07072,12.540032130958398,"07168,07149,07181",3
2016-06-17 06:00:00+00:00,07627,11.70078854971751,"07621,07630,07607",3
2016-06-17 09:00:00+00:00,07627,16.894050470210555,"07621,07630,07607",3
2016-06-17 12:00:00+00:00,07627,19.232887264911874,"07621,07630,07607",3
2016-06-18 00:00:00+00:00,07627,11.709016081898529,"07621,07630,07607",3
2016-06-18 03:00:00+00:00,07627,10.960997869573493,"07621,07630,07607",3
2016-06-18 06:00:00+00:00,07627,11.17327054606042,"07621,07630,07607",3
2016-06-18 09:00:00+00:00,07627,12.953603460728717,"07621,07630,07607",3
2016-06-18 12:00:00+00:00,07460,17.172461031759347,"07471,07481,07255",3
2016-06-18 12:00:00+00:00,07280,18.017099644175424,"07181,07299,07190",3
2016-06-18 12:00:00+00:00,07027,15.955481297955428,"07037,07005",2
2016-06-18 12:00:00+00:00,07139,16.716304483025823,"07037,07240,07149",3
2016-06-18 12:00:00+00:00,07607,17.069113503993222,"07510,07621,07630",3
2016-06-18 12:00:00+00:00,07627,14.160183822309822,"07621,07630",2
2016-06-18 12:00:00+00:00,07643,21.525246838741417,"07650,07747,07577",3
2016-06-18 15:00:00+00:00,07627,15.421910429917874,"07621,07630,07607",3
2016-06-18 18:00:00+00:00,07627,14.76628383472262,"07621,07630,07607",3
2016-06-18 21:00:00+00:00,07627,12.256704234239775,"07621,07630,07607",3
2016-06-19 00:00:00+00:00,07627,11.692561017536475,"07621,07630,07607",3
2016-06-19 03:00:00+00:00,07280,13.264124911016733,"07181,07299,07190",3
2016-06-19 03:00:00+00:00,07627,10.762874946651408,"07621,07630,07607",3
2016-06-19 06:00:00+00:00,07627,11.105439256450584,"07621,07630,07607",3
2016-06-19 09:00:00+00:00,07627,14.634937598461804,"07621,07630,07607",3
2016-06-19 12:00:00+00:00,07627,17.124384089484504,"07621,07630,07607",3
2016-06-19 15:00:00+00:00,07627,17.872402301809547,"07621,07630,07607",3
2016-06-19 18:00:00+00:00,07627,17.21504600915197,"07621,07630,07607",3
2016-06-19 21:00:00+00:00,07627,13.585296632342594,"07621,07630,07607",3
2016-06-20 00:00:00+00:00,07627,12.493439307082093,"07621,07630,07607",3
2016-06-20 03:00:00+00:00,07627,11.776001817396333,"07621,07630,07607",3
2016-06-20 06:00:00+00:00,07280,13.276578178330908,"07181,07299,07190",3
2016-06-20 06:00:00+00:00,07027,14.50735262643492,"07037,07139,07005",3
2016-06-20 06:00:00+00:00,07627,12.95705015428793,"07621,07630,07607",3
2016-06-20 09:00:00+00:00,07627,17.5199675421804,"07621,07630,07607",3
2016-06-20 12:00:00+00:00,07627,20.554428760234416,"07621,07630,07607",3
2016-06-20 15:00:00+00:00,07627,23.11350852419202,"07621,07630,07607",3
2016-06-20 18:00:00+00:00,07627,23.06746620562765,"07621,07630,07607",3
2016-06-20 21:00:00+00:00,07627,17.095274274881575,"07621,07630,07607",3
2016-06-21 00:00:00+00:00,07280,14.841614427410708,"07181,07299,07190",3
2016-06-21 00:00:00+00:00,07027,15.96110869291489,"07037,07139,07005",3
2016-06-21 00:00:00+00:00,07627,15.397804996723943,"07621,07630,07607",3
2016-06-21 03:00:00+00:00,07627,13.595964445709411,"07621,07630,07607",3
2016-06-21 06:00:00+00:00,07627,15.502592574668663,"07621,07630,07607",3
2016-06-21 09:00:00+00:00,07627,22.7325652085967,"07621,07630,07607",3
2016-06-21 12:00:00+00:00,07627,26.147773637345896,"07621,07630,07607",3
2016-06-21 15:00:00+00:00,07627,28.414867953215204,"07621,07630,07607",3
2016-06-21 18:00:00+00:00,07627,27.71084398806896,"07621,07630,07607",3
2016-06-21 21:00:00+00:00,07627,22.458113523106583,"07621,07630,07607",3
2016-06-22 00:00:00+00:00,07627,18.223904727513258,"07621,07630,07607",3
2016-06-22 03:00:00+00:00,07627,16.422885635323176,"07621,07630,07607",3
2016-06-22 06:00:00+00:00,07627,20.614400632175848,"07621,07630,07607",3
2016-06-22 15:00:00+00:00,07027,24.768663934021912,"07037,07139,07005",3
2016-06-23 09:00:00+00:00,07471,24.91486440625633,07460,1
2016-06-23 09:00:00+00:00,07481,28.93083842578723,"07280,07460",2
2016-06-23 09:00:00+00:00,07577,28.70250571303359,07280,1
2016-06-23 09:00:00+00:00,07110,19.922340271366657,07027,1
2016-06-23 09:00:00+00:00,07117,19.380244211119248,07027,1
2016-06-23 09:00:00+00:00,07130,23.509172922954853,"07139,07027",2
2016-06-23 09:00:00+00:00,07240,24.869420241690825,07139,1
2016-06-23 09:00:00+00:00,07255,26.589666535059486,07149,1
2016-06-23 09:00:00+00:00,07072,26.701946875025715,"07168,07149",2
2016-06-23 09:00:00+00:00,07181,26.545510337839314,"07168,07280,07190",3
2016-06-23 09:00:00+00:00,07299,26.6707136481292,"07190,07280",2
2016-06-23 09:00:00+00:00,07005,21.9993752842268,07027,1
2016-06-23 09:00:00+00:00,07015,24.222167762428704,07149,1
2016-06-23 09:00:00+00:00,07020,18.957697730415926,07027,1
2016-06-23 09:00:00+00:00,07037,23.063625519664043,"07139,07149",2
2016-06-23 09:00:00+00:00,07314,,,0
2016-06-23 09:00:00+00:00,07335,,,0
2016-06-23 09:00:00+00:00,07434,,,0
2016-06-23 09:00:00+00:00,07510,,,0
2016-06-23 09:00:00+00:00,07607,,,0
2016-06-23 09:00:00+00:00,07535,,,0
2016-06-23 09:00:00+00:00,07558,,,0
2016-06-23 09:00:00+00:00,07621,,,0
2016-06-23 09:00:00+00:00,07627,,,0
2016-06-23 09:00:00+00:00,07630,,,0
2016-06-23 09:00:00+00:00,07747,25.03908769598394,07643,1
2016-06-23 09:00:00+00:00,07222,,,0
2016-06-23 09:00:00+00:00,07591,,,0
2016-06-23 09:00:00+00:00,07650,25.602166834690536,07643,1
2016-06-23 09:00:00+00:00,07690,27.7418153811683,"07790,07643",2
2016-06-23 12:00:00+00:00,07690,28.171800816596402,"07790,07650,07643",3
2016-06-23 15:00:00+00:00,07690,27.07099182951354,"07790,07650,07643",3
2016-06-23 18:00:00+00:00,07190,31.798662834289015,"07299,07280,07181",3
2016-06-23 21:00:00+00:00,07190,23.406690866398225,"07299,07280,07181",3
2016-06-24 00:00:00+00:00,07190,22.10484597782354,"07299,07280,07181",3
2016-06-24 03:00:00+00:00,07190,20.587965194503802,"07299,07280,07181",3
2016-06-24 06:00:00+00:00,07190,23.635216070265,"07299,07280,07181",3
2016-06-25 18:00:00+00:00,07027,16.763918289051734,"07037,07005",2
2016-06-25 18:00:00+00:00,07139,17.929647175475036,"07037,07240,07149",3
2016-06-25 18:00:00+00:00,07607,18.95035604647101,"07510,07621,07630",3
2016-06-26 00:00:00+00:00,07027,11.977991751931393,"07037,07139,07005",3
2016-06-26 18:00:00+00:00,07280,19.66885322485942,07190,1
2016-06-26 18:00:00+00:00,07181,17.68178971868229,"07168,07190",2
2016-06-26 18:00:00+00:00,07299,19.483061473570274,07190,1
2016-06-26 18:00:00+00:00,07020,15.17632931031031,"07117,07005",2
2016-06-26 18:00:00+00:00,07027,16.4713291715557,"07037,07139,07005",3
2016-06-28 15:00:00+00:00,07181,20.908710431870276,"07168,07280,07190",3
2016-06-28 15:00:00+00:00,07607,26.095841025747184,"07510,07621,07630",3
2016-06-30 00:00:00+00:00,07607,16.60659173736656,"07510,07621,07630",3
2016-06-30 06:00:00+00:00,07027,14.93874814618721,"07037,07139,07005",3
2016-06-30 09:00:00+00:00,07471,17.832535448088347,"07460,07481,07558",3
2016-07-01 03:00:00+00:00,07027,15.551123692579738,"07037,07005",2
2016-07-01 03:00:00+00:00,07139,15.840609670070398,"07037,07240,07149",3
2016-07-01 03:00:00+00:00,07607,15.416673182442135,"07510,07621,07630",3
2016-07-01 21:00:00+00:00,07027,13.206353719840143,"07037,07139,07005",3
2016-07-03 06:00:00+00:00,07607,14.235839839164502,"07510,07621,07630",3
2016-07-07 03:00:00+00:00,07558,14.618459766800969,"07630,07434,07535",3
2016-07-07 06:00:00+00:00,07558,15.90667400057079,"07630,07434,07535",3
2016-07-07 09:00:00+00:00,07335,22.895825817433654,"07240,07255,07222",3
2016-07-07 15:00:00+00:00,07181,25.819039523058024,"07168,07280,07190",3
2016-07-09 15:00:00+00:00,07020,23.626848209171193,"07117,07027,07005",3
2016-07-10 21:00:00+00:00,07643,24.571570412020208,"07650,07747,07577",3
2016-07-14 12:00:00+00:00,07020,17.26675365522231,"07117,07027,07005",3
2016-07-14 15:00:00+00:00,07607,20.931198949241658,"07510,07621,07630",3
2016-07-15 12:00:00+00:00,07020,18.181549582504523,"07117,07027,07005",3
2016-07-16 18:00:00+00:00,07607,27.389749134096448,"07510,07621,07630",3
2016-07-18 18:00:00+00:00,07020,20.906264561876988,"07117,07027,07005",3
2016-07-20 09:00:00+00:00,07280,29.021350231311246,"07181,07299,07190",3
2016-07-20 12:00:00+00:00,07280,33.13021316476015,"07181,07299,07190",3
2016-07-20 15:00:00+00:00,07280,34.72111749417057,"07181,07299,07190",3
2016-07-23 15:00:00+00:00,07027,22.48483306057142,"07037,07139,07005",3
2016-07-23 18:00:00+00:00,07020,18.597806774701652,"07117,07027,07005",3
2016-07-24 03:00:00+00:00,07607,16.838546274343198,"07510,07621,07630",3
2016-07-25 06:00:00+00:00,07558,15.399617915235828,"07630,07434,07535",3
2016-07-25 09:00:00+00:00,07558,21.118886061760197,"07630,07434,07535",3
2016-07-26 09:00:00+00:00,07607,23.4636954502595,"07510,07621,07630",3
2016-07-26 12:00:00+00:00,07607,27.33556886714385,"07510,07621,07630",3
2016-07-27 00:00:00+00:00,07027,12.654994303880901,"07037,07139,07005",3
2016-07-27 09:00:00+00:00,07027,17.70957126131548,"07037,07139,07005",3
2016-07-27 09:00:00+00:00,07607,21.19708950062056,"07510,07621,07630",3
2016-07-27 12:00:00+00:00,07607,23.971515386356675,"07510,07621,07630",3
2016-07-27 18:00:00+00:00,07607,23.32953351556917,"07510,07621,07630",3
2016-07-28 09:00:00+00:00,07607,20.32920791232304,"07510,07621,07630",3
2016-07-28 12:00:00+00:00,07607,22.193169667602074,"07510,07621,07630",3
2016-07-28 18:00:00+00:00,07607,24.341159921435608,"07510,07621,07630",3
2016-07-29 06:00:00+00:00,07607,16.113694475309654,"07510,07621,07630",3
2016-07-29 09:00:00+00:00,07027,17.28363449227802,"07037,07139,07005",3
2016-07-30 00:00:00+00:00,07027,14.444028694868376,"07037,07139,07005",3
2016-07-30 00:00:00+00:00,07607,20.11999589813452,"07510,07621,07630",3
2016-07-30 18:00:00+00:00,07607,23.601511362532648,"07510,07621,07630",3
2016-08-01 00:00:00+00:00,07027,11.57665077208403,"07037,07139,07005",3
2016-08-01 00:00:00+00:00,07607,16.640042348852887,"07510,07621,07630",3
2016-08-01 09:00:00+00:00,07280,21.3872998123676,07190,1
2016-08-01 09:00:00+00:00,07181,20.04144407138095,"07168,07190",2
2016-08-01 09:00:00+00:00,07299,21.24996714163127,07190,1
2016-08-01 09:00:00+00:00,07020,17.254625334772474,"07117,07005",2
2016-08-01 09:00:00+00:00,07027,17.720727948645383,"07037,07139,07005",3
2016-08-03 00:00:00+00:00,07299,16.787803143727096,"07190,07280,07181",3
2016-08-03 03:00:00+00:00,07299,16.13369556451707,"07190,07280,07181",3
2016-08-04 12:00:00+00:00,07020,17.601442908759893,"07117,07027,07005",3
2016-08-04 12:00:00+00:00,07607,20.493560461488464,"07510,07621,07630",3
2016-08-04 18:00:00+00:00,07027,16.492913276727894,"07037,07139,07005",3
2016-08-05 03:00:00+00:00,07027,12.675025264010491,"07037,07139,07005",3
2016-08-05 03:00:00+00:00,07607,14.974818114196335,"07510,07621,07630",3
2016-08-06 06:00:00+00:00,07607,14.138203632016516,"07510,07621,07630",3
2016-08-07 15:00:00+00:00,07627,27.2885298674444,"07621,07630,07607",3
2016-08-08 06:00:00+00:00,07190,17.90509224868365,"07299,07280,07181",3
2016-08-08 06:00:00+00:00,07627,16.732184645821988,"07621,07630,07607",3
2016-08-08 09:00:00+00:00,07627,22.07497577181503,"07621,07630,07607",3
2016-08-08 15:00:00+00:00,07627,27.864027385950436,"07621,07630,07607",3
2016-08-08 18:00:00+00:00,07607,25.064141005377152,"07510,07621,07630",3
2016-08-08 21:00:00+00:00,07027,15.231043853165882,"07037,07139,07005",3
2016-08-09 21:00:00+00:00,07607,17.59144990635913,"07510,07621,07630",3
2016-08-10 15:00:00+00:00,07130,18.90333858058301,"07222,07139,07027",3
2016-08-11 15:00:00+00:00,07190,21.127231806264987,"07299,07280,07181",3
2016-08-11 15:00:00+00:00,07020,18.093720967985803,"07117,07027,07005",3
2016-08-12 15:00:00+00:00,07190,25.826192265340534,"07299,07280,07181",3
2016-08-13 00:00:00+00:00,07190,15.45319257356669,"07299,07280,07181",3
2016-08-13 03:00:00+00:00,07190,14.193126956234599,"07299,07280,07181",3
2016-08-13 06:00:00+00:00,07190,17.180449728037555,"07299,07280,07181",3
2016-08-13 18:00:00+00:00,07190,27.016492694787974,"07299,07280,07181",3
2016-08-13 21:00:00+00:00,07190,19.55489391710123,"07299,07280,07181",3
2016-08-14 06:00:00+00:00,07190,18.223844627906736,"07299,07280,07181",3
2016-08-14 09:00:00+00:00,07190,25.712036638396814,"07299,07280,07181",3
2016-08-14 12:00:00+00:00,07190,29.473203936878473,"07299,07280,07181",3
2016-08-14 15:00:00+00:00,07190,30.94996846057315,"07299,07280,07181",3
2016-08-14 15:00:00+00:00,07607,34.702535864423226,"07510,07621,07630",3
2016-08-14 18:00:00+00:00,07190,27.958180219456285,"07299,07280,07181",3
2016-08-14 21:00:00+00:00,07190,21.612352697339848,"07299,07280,07181",3
2016-08-15 00:00:00+00:00,07190,18.89052283367278,"07299,07280,07181",3
2016-08-15 00:00:00+00:00,07558,19.972176398926063,"07630,07434,07535",3
2016-08-15 03:00:00+00:00,07190,16.567672339678627,"07299,07280,07181",3
2016-08-15 06:00:00+00:00,07190,17.65734016900407,"07299,07280,07181",3
2016-08-15 09:00:00+00:00,07190,24.28167719183863,"07299,07280,07181",3
2016-08-15 12:00:00+00:00,07190,28.83247158517743,"07299,07280,07181",3
2016-08-15 15:00:00+00:00,07190,29.60892175087238,"07299,07280,07181",3
2016-08-15 18:00:00+00:00,07190,27.450773992712264,"07299,07280,07181",3
2016-08-15 21:00:00+00:00,07190,21.439940271255836,"07299,07280,07181",3
2016-08-16 00:00:00+00:00,07190,18.546367516724445,"07299,07280,07181",3
2016-08-16 03:00:00+00:00,07190,16.44446191962722,"07299,07280,07181",3
2016-08-16 06:00:00+00:00,07190,17.41451241189702,"07299,07280,07181",3
2016-08-16 12:00:00+00:00,07190,28.924204199971417,"07299,07280,07181",3
2016-08-16 12:00:00+00:00,07607,32.918899048126,"07510,07621,07630",3
2016-08-16 15:00:00+00:00,07190,30.388520471923254,"07299,07280,07181",3
2016-08-16 18:00:00+00:00,07190,27.16651582642231,"07299,07280,07181",3
2016-08-17 00:00:00+00:00,07190,19.077164807516485,"07299,07280,07181",3
2016-08-17 03:00:00+00:00,07280,16.733051247212455,"07181,07299,07190",3
2016-08-17 06:00:00+00:00,07190,18.38241611840917,"07299,07280,07181",3
2016-08-17 09:00:00+00:00,07190,23.68420136191816,"07299,07280,07181",3
2016-08-17 15:00:00+00:00,07190,26.518144025551766,"07299,07280,07181",3
2016-08-18 06:00:00+00:00,07190,16.824079501406917,"07299,07280,07181",3
2016-08-18 09:00:00+00:00,07190,20.622994030576237,"07299,07280,07181",3
2016-08-18 12:00:00+00:00,07190,21.162536498916552,"07299,07280,07181",3
2016-08-18 15:00:00+00:00,07190,21.079380431890407,"07299,07280,07181",3
2016-08-18 15:00:00+00:00,07020,16.908381727848766,"07117,07027,07005",3
2016-08-18 18:00:00+00:00,07190,20.402805999998346,"07299,07280,07181",3
2016-08-18 21:00:00+00:00,07190,18.206235947130644,"07299,07280,07181",3
2016-08-18 21:00:00+00:00,07607,18.458768891746857,"07510,07621,07630",3
2016-08-19 00:00:00+00:00,07190,17.311353210657796,"07299,07280,07181",3
2016-08-19 03:00:00+00:00,07190,15.790606252163323,"07299,07280,07181",3
2016-08-19 06:00:00+00:00,07190,16.829566636018487,"07299,07280,07181",3
2016-08-19 06:00:00+00:00,07139,13.907310757073882,"07037,07240,07149",3
2016-08-19 09:00:00+00:00,07607,24.539007805963223,"07510,07621,07630",3
2016-08-19 21:00:00+00:00,07607,21.39564214028787,"07510,07621,07630",3
2016-08-22 12:00:00+00:00,07607,27.948641744972157,"07510,07621,07630",3
2016-08-23 09:00:00+00:00,07607,28.350097776426992,"07510,07621,07630",3
2016-08-24 18:00:00+00:00,07607,32.11976288666884,"07510,07621,07630",3
2016-08-26 03:00:00+00:00,07607,21.44167155556439,"07510,07621,07630",3
2016-08-26 15:00:00+00:00,07607,30.117674444548562,"07510,07621,07630",3
2016-08-27 18:00:00+00:00,07190,27.905840715668308,"07299,07280,07181",3
2016-08-28 06:00:00+00:00,07627,18.652962528346027,"07621,07630,07607",3
2016-08-28 09:00:00+00:00,07627,20.042984762490317,"07621,07630,07607",3
2016-08-29 00:00:00+00:00,07627,18.076593810426125,"07621,07630,07607",3
2016-08-29 03:00:00+00:00,07627,17.330586630262648,"07621,07630,07607",3
2016-08-29 06:00:00+00:00,07627,16.515105242840438,"07621,07630,07607",3
2016-08-29 18:00:00+00:00,07607,21.447214460890784,"07510,07621,07630",3
2016-08-30 15:00:00+00:00,07020,19.754310765184705,"07117,07027,07005",3
2016-08-30 18:00:00+00:00,07607,26.098916141803244,"07510,07621,07630",3
2016-08-31 06:00:00+00:00,07607,14.473461200487849,"07510,07621,07630",3
2016-09-01 06:00:00+00:00,07607,17.08451960635681,"07510,07621,07630",3
2016-09-01 18:00:00+00:00,07190,23.936683206272114,"07299,07280,07181",3
2016-09-01 21:00:00+00:00,07190,17.694876214112522,"07299,07280,07181",3
2016-09-02 00:00:00+00:00,07190,15.218293985489192,"07299,07280,07181",3
2016-09-02 03:00:00+00:00,07190,13.458399683982782,"07299,07280,07181",3
2016-09-02 18:00:00+00:00,07607,27.705995357356322,"07510,07621,07630",3
2016-09-04 00:00:00+00:00,07747,19.841562680835878,"07643,07650,07577",3
2016-09-04 03:00:00+00:00,07747,19.249578364264195,"07643,07650,07577",3
2016-09-04 06:00:00+00:00,07020,17.06776031594767,"07117,07027,07005",3
2016-09-04 06:00:00+00:00,07747,18.709826635790527,"07643,07650,07577",3
2016-09-06 18:00:00+00:00,07607,29.893180247016762,"07510,07621,07630",3
2016-09-08 18:00:00+00:00,07280,24.16913026516153,"07181,07299,07190",3
2016-09-10 09:00:00+00:00,07280,22.381133285456936,"07181,07299,07190",3
2016-09-11 15:00:00+00:00,07020,18.85971260503254,"07117,07027,07005",3
2016-09-13 00:00:00+00:00,07460,22.075079141463718,"07471,07481,07255",3
2016-09-13 00:00:00+00:00,07607,22.72279774595871,"07510,07621,07630",3
2016-09-13 06:00:00+00:00,07460,19.747648502168676,"07471,07481,07255",3
2016-09-13 06:00:00+00:00,07607,22.849605047572894,"07510,07621,07630",3
2016-09-13 09:00:00+00:00,07460,25.9091512709534,"07471,07481,07255",3
2016-09-13 09:00:00+00:00,07020,19.651316729026256,"07117,07027,07005",3
2016-09-13 09:00:00+00:00,07607,27.15407768300952,"07510,07621,07630",3
2016-09-14 12:00:00+00:00,07627,14.58807382107299,"07621,07630,07607",3
2016-09-16 09:00:00+00:00,07790,20.777656861599127,"07761,07690,07650",3
2016-09-18 00:00:00+00:00,07790,17.481173337222046,"07761,07690,07650",3
2016-09-18 00:00:00+00:00,07190,14.064423872771368,"07299,07280,07181",3
2016-09-18 03:00:00+00:00,07790,16.20927199372094,"07761,07690,07650",3
2016-09-18 03:00:00+00:00,07190,13.994064919547807,"07299,07280,07181",3
2016-09-18 06:00:00+00:00,07190,13.808044899942788,"07299,07280,07181",3
2016-09-18 09:00:00+00:00,07190,15.082441259414907,"07299,07280,07181",3
2016-09-18 18:00:00+00:00,07790,17.799438404945885,"07761,07690,07650",3
2016-09-18 21:00:00+00:00,07790,15.968773996621684,"07761,07690,07650",3
2016-09-19 00:00:00+00:00,07790,15.322934210065497,"07761,07690,07650",3
2016-09-19 03:00:00+00:00,07790,15.129544824454454,"07761,07690,07650",3
2016-09-21 18:00:00+00:00,07607,20.620089423536676,"07510,07621,07630",3
2016-09-22 12:00:00+00:00,07607,24.423780016490465,"07510,07621,07630",3
2016-10-03 15:00:00+00:00,07607,23.44319938992541,"07510,07621,07630",3
2016-10-05 12:00:00+00:00,07607,21.396499300264708,"07510,07621,07630",3
2016-10-06 09:00:00+00:00,07471,4.6897878475799715,07460,1
2016-10-06 09:00:00+00:00,07481,9.840747062885914,"07280,07460",2
2016-10-06 09:00:00+00:00,07577,12.824110446218672,07280,1
2016-10-06 09:00:00+00:00,07110,,,0
2016-10-06 09:00:00+00:00,07117,,,0
2016-10-06 09:00:00+00:00,07130,,,0
2016-10-06 09:00:00+00:00,07240,,,0
2016-10-06 09:00:00+00:00,07255,10.293758756042395,07149,1
2016-10-06 09:00:00+00:00,07761,20.80504986677065,07790,1
2016-10-06 09:00:00+00:00,07072,9.138745215150614,"07168,07149",2
2016-10-06 09:00:00+00:00,07181,9.085315663499062,"07168,07280",2
2016-10-06 09:00:00+00:00,07190,10.125250425925492,07280,1
2016-10-06 09:00:00+00:00,07299,9.741288253181532,07280,1
2016-10-06 09:00:00+00:00,07005,,,0
2016-10-06 09:00:00+00:00,07015,9.632450533236977,07149,1
2016-10-06 09:00:00+00:00,07020,,,0
2016-10-06 09:00:00+00:00,07027,,,0
2016-10-06 09:00:00+00:00,07037,9.178876792354856,07149,1
2016-10-06 09:00:00+00:00,07139,9.509091365336575,07149,1
2016-10-06 09:00:00+00:00,07314,,,0
2016-10-06 09:00:00+00:00,07335,,,0
2016-10-06 09:00:00+00:00,07434,,,0
2016-10-06 09:00:00+00:00,07510,,,0
2016-10-06 09:00:00+00:00,07607,,,0
2016-10-06 09:00:00+00:00,07535,,,0
2016-10-06 09:00:00+00:00,07558,,,0
2016-10-06 09:00:00+00:00,07621,,,0
2016-10-06 09:00:00+00:00,07627,,,0
2016-10-06 09:00:00+00:00,07630,,,0
2016-10-06 09:00:00+00:00,07747,15.823689506724405,07643,1
2016-10-06 09:00:00+00:00,07222,,,0
2016-10-06 09:00:00+00:00,07591,,,0
2016-10-06 09:00:00+00:00,07650,15.455491114402076,07643,1
2016-10-06 09:00:00+00:00,07690,18.920991000729735,"07790,07643",2
2016-10-07 00:00:00+00:00,07222,8.136919475441918,"07130,07335,07240",3
2016-10-08 12:00:00+00:00,07434,13.824956410068092,"07535,07335,07255",3
2016-10-08 12:00:00+00:00,07607,16.319691216362838,"07510,07621,07630",3
2016-10-10 00:00:00+00:00,07627,7.428863141476382,"07621,07630,07607",3
2016-10-10 03:00:00+00:00,07627,4.438200065700989,"07621,07630,07607",3
2016-10-10 18:00:00+00:00,07607,11.143250296050097,"07510,07621,07630",3
2016-10-12 00:00:00+00:00,07027,5.212766628078026,"07037,07139,07005",3
2016-10-12 12:00:00+00:00,07314,14.851419019758909,"07222,07240,07335",3
2016-10-12 18:00:00+00:00,07607,12.359500399109436,"07510,07621,07630",3
2016-10-13 00:00:00+00:00,07607,10.826520665024812,"07510,07621,07630",3
2016-10-16 06:00:00+00:00,07299,4.73472966776198,"07190,07280,07181",3
2016-10-16 09:00:00+00:00,07299,7.969444252655055,"07190,07280,07181",3
2016-10-18 18:00:00+00:00,07020,11.780440548182451,"07117,07027,07005",3
2016-10-18 21:00:00+00:00,07020,12.102842462159332,"07117,07027,07005",3
2016-10-19 00:00:00+00:00,07020,11.775064198722164,"07117,07027,07005",3
2016-10-19 03:00:00+00:00,07020,11.810167126463828,"07117,07027,07005",3
2016-10-19 06:00:00+00:00,07020,11.850297280438083,"07117,07027,07005",3
2016-10-20 18:00:00+00:00,07280,9.972690062334827,"07181,07299,07190",3
2016-10-22 00:00:00+00:00,07607,5.869825239808866,"07510,07621,07630",3
2016-10-22 12:00:00+00:00,07280,11.681641327215491,"07181,07299,07190",3
2016-10-22 12:00:00+00:00,07607,16.365722626789864,"07510,07621,07630",3
2016-10-24 06:00:00+00:00,07627,12.578080831630244,"07621,07630,07607",3
2016-10-24 12:00:00+00:00,07627,17.82665426188082,"07621,07630,07607",3
2016-10-24 15:00:00+00:00,07627,15.703461208763423,"07621,07630,07607",3
2016-10-24 18:00:00+00:00,07627,13.84959498328919,"07621,07630,07607",3
2016-10-24 21:00:00+00:00,07627,13.465672812397164,"07621,07630,07607",3
2016-10-25 00:00:00+00:00,07627,13.456684955903208,"07621,07630,07607",3
2016-10-25 03:00:00+00:00,07627,12.865026651670782,"07621,07630,07607",3
2016-10-25 06:00:00+00:00,07627,11.710757173283016,"07621,07630,07607",3
2016-10-25 09:00:00+00:00,07627,13.606264144563601,"07621,07630,07607",3
2016-10-25 12:00:00+00:00,07280,14.691288863479464,"07181,07299,07190",3
2016-10-25 12:00:00+00:00,07627,17.831068536004288,"07621,07630,07607",3
2016-10-25 15:00:00+00:00,07627,19.68158779166908,"07621,07630,07607",3
2016-10-25 18:00:00+00:00,07627,15.457997068853109,"07621,07630,07607",3
2016-10-25 21:00:00+00:00,07627,13.601346542968004,"07621,07630,07607",3
2016-10-26 00:00:00+00:00,07627,14.315216862656625,"07621,07630,07607",3
2016-10-26 03:00:00+00:00,07627,13.511481986837412,"07621,07630,07607",3
2016-10-26 06:00:00+00:00,07627,13.100890282528287,"07621,07630,07607",3
2016-10-26 09:00:00+00:00,07627,16.183356660733043,"07621,07630,07607",3
2016-10-26 12:00:00+00:00,07627,16.52018191011222,"07621,07630,07607",3
2016-10-26 15:00:00+00:00,07627,17.4175832061975,"07621,07630,07607",3
2016-10-26 18:00:00+00:00,07627,15.531554474946612,"07621,07630,07607",3
2016-10-26 21:00:00+00:00,07314,12.386947413595362,"07222,07240,07335",3
2016-10-26 21:00:00+00:00,07627,13.822792029497778,"07621,07630,07607",3
2016-10-27 00:00:00+00:00,07607,11.331011682131598,"07510,07621,07630",3
2016-10-27 00:00:00+00:00,07627,13.179739462610506,"07621,07630",2
2016-10-27 03:00:00+00:00,07790,15.234536404592017,"07761,07690,07650",3
2016-10-27 03:00:00+00:00,07627,11.473496470266126,"07621,07630,07607",3
2016-10-27 06:00:00+00:00,07627,11.400503283585435,"07621,07630,07607",3
2016-10-27 09:00:00+00:00,07627,12.478750979406303,"07621,07630,07607",3
2016-10-27 12:00:00+00:00,07627,13.624167571688737,"07621,07630,07607",3
2016-10-27 15:00:00+00:00,07627,13.770141001113764,"07621,07630,07607",3
2016-10-27 18:00:00+00:00,07627,10.779109810825762,"07621,07630,07607",3
2016-10-27 21:00:00+00:00,07627,9.755451889687745,"07621,07630,07607",3
2016-10-28 00:00:00+00:00,07627,8.793481044002863,"07621,07630,07607",3
2016-10-28 03:00:00+00:00,07627,7.021079832865668,"07621,07630,07607",3
2016-10-28 06:00:00+00:00,07627,4.710492804704584,"07621,07630,07607",3
2016-10-28 09:00:00+00:00,07627,10.445485166945323,"07621,07630,07607",3
2016-10-28 12:00:00+00:00,07627,14.868584490920625,"07621,07630,07607",3
2016-10-29 18:00:00+00:00,07607,12.833010568592892,"07510,07621,07630",3
2016-11-01 00:00:00+00:00,07607,9.275323788620156,"07510,07621,07630",3
2016-11-01 21:00:00+00:00,07117,12.772784498096623,"07020,07110,07027",3
2016-11-01 21:00:00+00:00,07314,11.289212896438945,"07222,07240,07335",3
2016-11-01 21:00:00+00:00,07591,9.120359161563663,"07577,07650,07558",3
2016-11-02 09:00:00+00:00,07607,11.168330724194522,"07510,07621,07630",3
2016-11-07 06:00:00+00:00,07314,4.600980666482493,"07222,07240,07335",3
2016-11-08 09:00:00+00:00,07460,4.184914835800619,"07471,07481,07255",3
2016-11-08 09:00:00+00:00,07280,,,0
2016-11-08 09:00:00+00:00,07117,8.691923992954388,07110,1
2016-11-08 09:00:00+00:00,07130,4.199058321965182,07139,1
2016-11-08 09:00:00+00:00,07761,10.2926853211072,07690,1
2016-11-08 09:00:00+00:00,07790,10.353838024110026,07690,1
2016-11-08 09:00:00+00:00,07072,,,0
2016-11-08 09:00:00+00:00,07168,,,0
2016-11-08 09:00:00+00:00,07181,,,0
2016-11-08 09:00:00+00:00,07190,,,0
2016-11-08 09:00:00+00:00,07299,,,0
2016-11-08 09:00:00+00:00,07020,8.460061487069344,07005,1
2016-11-08 09:00:00+00:00,07027,4.4014660344985375,"07037,07139,07005",3
2016-11-08 09:00:00+00:00,07314,8.341462187335342,"07240,07335",2
2016-11-08 09:00:00+00:00,07434,4.552098860653005,"07335,07255",2
2016-11-08 09:00:00+00:00,07607,5.855792201863454,"07510,07621,07630",3
2016-11-08 09:00:00+00:00,07535,5.066714758846318,"07630,07510",2
2016-11-08 09:00:00+00:00,07558,3.969429606289407,07630,1
2016-11-08 09:00:00+00:00,07643,9.699665995615879,"07747,07577",2
2016-11-08 09:00:00+00:00,07222,5.2798774026719615,"07335,07240",2
2016-11-08 09:00:00+00:00,07591,3.6643621937835267,07577,1
2016-11-08 09:00:00+00:00,07650,9.022690342681049,"07577,07690",2
2016-11-08 09:00:00+00:00,07149,3.4032957790954796,"07240,07037,07139",3
2016-11-08 21:00:00+00:00,07117,10.053745990852146,"07020,07110,07027",3
2016-11-08 21:00:00+00:00,07314,10.315023199010533,"07222,07240,07335",3
2016-11-08 21:00:00+00:00,07591,0.3742752448741964,"07577,07650,07558",3
2016-11-14 00:00:00+00:00,07607,9.005529447025213,"07510,07621,07630",3
2016-11-14 12:00:00+00:00,07621,9.151957885228862,"07627,07607,07630",3
2016-11-17 12:00:00+00:00,07607,13.507943405042342,"07510,07621,07630",3
2016-11-19 18:00:00+00:00,07627,8.142720517228614,"07621,07630,07607",3
2016-11-20 12:00:00+00:00,07607,16.485071563551845,"07510,07621,07630",3
2016-11-20 18:00:00+00:00,07190,11.846862738092984,"07299,07280,07181",3
2016-11-20 21:00:00+00:00,07190,10.470922104400147,"07299,07280,07181",3
2016-11-21 00:00:00+00:00,07190,9.14062968152475,"07299,07280,07181",3
2016-11-21 03:00:00+00:00,07190,8.881585927480339,"07299,07280,07181",3
2016-11-21 06:00:00+00:00,07190,8.391113317492369,"07299,07280,07181",3
2016-11-21 06:00:00+00:00,07607,12.0123485536275,"07510,07621,07630",3
2016-11-22 09:00:00+00:00,07110,6.880407549184214,"07130,07117,07027",3
2016-11-23 09:00:00+00:00,07690,18.95354096481306,"07790,07650,07643",3
2016-11-23 12:00:00+00:00,07690,19.207595819870548,"07790,07650,07643",3
2016-11-28 09:00:00+00:00,07607,6.242045245119469,"07510,07621,07630",3
2016-11-29 12:00:00+00:00,07607,8.388739655086644,"07510,07621,07630",3
2016-11-30 18:00:00+00:00,07535,8.815144455414158,"07630,07434,07510",3
2016-11-30 21:00:00+00:00,07535,6.400677783368222,"07630,07434,07510",3
2016-12-01 00:00:00+00:00,07535,4.096350393176861,"07630,07434,07510",3
2016-12-01 03:00:00+00:00,07535,2.820997739090595,"07630,07434,07510",3
2016-12-01 06:00:00+00:00,07535,2.1026881395907937,"07630,07434,07510",3
2016-12-01 09:00:00+00:00,07535,4.154241886889375,"07630,07434,07510",3
2016-12-02 06:00:00+00:00,07607,0.02397220597832095,"07510,07621,07630",3
2016-12-04 06:00:00+00:00,07314,5.681749417523543,"07222,07240,07335",3
2016-12-04 06:00:00+00:00,07607,2.7762403747888325,"07510,07621,07630",3
2016-12-05 00:00:00+00:00,07607,9.493637252514468,"07510,07621,07630",3
2016-12-05 15:00:00+00:00,07020,12.201671915140556,"07117,07027,07005",3
2016-12-08 03:00:00+00:00,07015,4.399816978644221,"07005,07037,07149",3
2016-12-08 06:00:00+00:00,07015,2.986772094631035,"07005,07037,07149",3
2016-12-09 18:00:00+00:00,07607,7.200541385009629,"07510,07621,07630",3
2016-12-10 15:00:00+00:00,07607,12.35524936790622,"07510,07621,07630",3
2016-12-14 03:00:00+00:00,07643,7.595032078923995,"07650,07747,07577",3
2016-12-17 12:00:00+00:00,07607,12.837426272949132,"07510,07621,07630",3
2016-12-22 03:00:00+00:00,07621,0.5816547440615636,"07627,07607,07630",3
2016-12-22 06:00:00+00:00,07535,0.9664311954578515,"07630,07434,07510",3
2016-12-22 06:00:00+00:00,07558,-1.7508863522243259,"07630,07434",2
2016-12-22 06:00:00+00:00,07621,1.1055245165803114,"07607,07630",2
2016-12-22 06:00:00+00:00,07627,-0.15956693675407352,"07630,07607",2
2016-12-24 06:00:00+00:00,07607,10.171019645024703,"07510,07621,07630",3
2016-12-27 03:00:00+00:00,07190,0.31619423510692574,"07299,07280,07181",3
2016-12-30 12:00:00+00:00,07607,4.608774638510761,"07510,07621,07630",3
2017-01-06 18:00:00+00:00,07630,0.8176174121807771,"07535,07558,07607",3
2017-01-07 06:00:00+00:00,07630,-3.8708977453779787,"07535,07558,07607",3
2017-01-07 12:00:00+00:00,07630,4.803656333748133,"07535,07558,07607",3
2017-01-08 03:00:00+00:00,07607,-3.593279376542533,"07510,07621,07630",3
2017-01-08 18:00:00+00:00,07607,4.8660166875397435,"07510,07621,07630",3
2017-01-09 09:00:00+00:00,07577,0.7011753846617061,"07481,07650,07280",3
2017-01-12 06:00:00+00:00,07607,7.214667861007907,"07510,07621,07630",3
2017-01-12 12:00:00+00:00,07190,6.245914716514392,"07299,07280,07181",3
2017-01-12 21:00:00+00:00,07005,4.848234846730088,"07037,07015,07027",3
2017-01-17 00:00:00+00:00,07643,1.4645142059398848,"07650,07747,07577",3
2017-01-17 12:00:00+00:00,07630,2.052234439167771,"07535,07558,07607",3
2017-01-17 15:00:00+00:00,07630,3.0563671693059034,"07535,07558,07607",3
2017-01-18 12:00:00+00:00,07020,5.711436197446055,"07117,07027,07005",3
2017-01-18 12:00:00+00:00,07607,-1.7805304531213404,"07510,07621,07630",3
2017-01-18 15:00:00+00:00,07020,6.288876441267748,"07117,07027,07005",3
2017-01-18 18:00:00+00:00,07020,6.222119681762539,"07117,07027,07005",3
2017-01-18 21:00:00+00:00,07020,6.372193232352362,"07117,07027,07005",3
2017-01-19 00:00:00+00:00,07020,6.21695754408718,"07117,07027,07005",3
2017-01-19 03:00:00+00:00,07020,5.846380137123976,"07117,07027,07005",3
2017-01-19 06:00:00+00:00,07020,6.131754429505899,"07117,07027,07005",3
2017-01-19 09:00:00+00:00,07020,6.42036616570985,"07117,07027,07005",3
2017-01-19 12:00:00+00:00,07020,7.466179904250008,"07117,07027,07005",3
2017-01-19 15:00:00+00:00,07020,7.386138927344086,"07117,07027,07005",3
2017-01-19 18:00:00+00:00,07020,5.829993387343895,"07117,07027,07005",3
2017-01-19 21:00:00+00:00,07020,4.504887631223902,"07117,07027,07005",3
2017-01-20 00:00:00+00:00,07020,1.6781083146770082,"07117,07027,07005",3
2017-01-20 03:00:00+00:00,07020,1.1212149612130182,"07117,07027,07005",3
2017-01-20 06:00:00+00:00,07020,1.7161379333697429,"07117,07027,07005",3
2017-01-20 09:00:00+00:00,07020,2.2970323924272185,"07117,07027,07005",3
2017-01-20 12:00:00+00:00,07020,4.627645891684853,"07117,07027,07005",3
2017-01-20 15:00:00+00:00,07020,5.128145131351092,"07117,07027,07005",3
2017-01-20 18:00:00+00:00,07020,3.0819039273776023,"07117,07027,07005",3
2017-01-20 21:00:00+00:00,07020,1.0336970995652626,"07117,07027,07005",3
2017-01-21 00:00:00+00:00,07020,0.3821606825681605,"07117,07027,07005",3
2017-01-21 00:00:00+00:00,07607,0.051309010655745224,"07510,07621,07630",3
2017-01-21 03:00:00+00:00,07020,-0.20677655587255428,"07117,07027,07005",3
2017-01-21 06:00:00+00:00,07020,1.0517482821705275,"07117,07027,07005",3
2017-01-21 09:00:00+00:00,07020,1.4938877842001133,"07117,07027,07005",3
2017-01-21 12:00:00+00:00,07020,4.822305808582511,"07117,07027,07005",3
2017-01-21 15:00:00+00:00,07020,6.47978351154479,"07117,07027,07005",3
2017-01-21 18:00:00+00:00,07020,4.130899498639236,"07117,07027,07005",3
2017-01-21 21:00:00+00:00,07020,4.147028547020044,"07117,07027,07005",3
2017-01-22 00:00:00+00:00,07020,3.5304192163363433,"07117,07027,07005",3
2017-01-22 03:00:00+00:00,07020,3.0808028295649166,"07117,07027,07005",3
2017-01-22 06:00:00+00:00,07020,3.026114078577834,"07117,07027,07005",3
2017-01-22 09:00:00+00:00,07020,4.829250049781898,"07117,07027,07005",3
2017-01-22 12:00:00+00:00,07020,8.11636264129292,"07117,07027,07005",3
2017-01-22 15:00:00+00:00,07020,9.077585209136384,"07117,07027,07005",3
2017-01-22 18:00:00+00:00,07020,6.539848611992115,"07117,07027,07005",3
2017-01-22 21:00:00+00:00,07020,4.688361306373503,"07117,07027,07005",3
2017-01-23 00:00:00+00:00,07020,5.212856532375449,"07117,07027,07005",3
2017-01-23 03:00:00+00:00,07020,5.812939082578669,"07117,07027,07005",3
2017-01-23 06:00:00+00:00,07020,6.354445123731521,"07117,07027,07005",3
2017-01-23 09:00:00+00:00,07020,6.518947479149128,"07117,07027,07005",3
2017-01-23 12:00:00+00:00,07020,8.700265651272478,"07117,07027,07005",3
2017-01-23 15:00:00+00:00,07020,8.688549325610872,"07117,07027,07005",3
2017-01-23 15:00:00+00:00,07607,7.8571169220597685,"07510,07621,07630",3
2017-01-23 18:00:00+00:00,07790,9.908616083879059,"07761,07690,07650",3
2017-01-23 18:00:00+00:00,07020,7.082045897371747,"07117,07027,07005",3
2017-01-23 21:00:00+00:00,07790,7.751638270406843,"07761,07690,07650",3
2017-01-23 21:00:00+00:00,07020,6.200040710393558,"07117,07027,07005",3
2017-01-24 00:00:00+00:00,07790,7.116930037366557,"07761,07690,07650",3
2017-01-24 00:00:00+00:00,07020,5.526035268814297,"07117,07027,07005",3
2017-01-24 03:00:00+00:00,07790,6.5090467340278515,"07761,07690,07650",3
2017-01-24 03:00:00+00:00,07020,5.621162367017755,"07117,07027,07005",3
2017-01-24 06:00:00+00:00,07790,5.840406186482224,"07761,07690,07650",3
2017-01-24 06:00:00+00:00,07020,5.573774659344247,"07117,07027,07005",3
2017-01-24 09:00:00+00:00,07020,6.455387233480465,"07117,07027,07005",3
2017-01-24 12:00:00+00:00,07020,10.142182304494114,"07117,07027,07005",3
2017-01-24 15:00:00+00:00,07020,10.590661782725059,"07117,07027,07005",3
2017-01-24 18:00:00+00:00,07020,7.145526842698233,"07117,07027,07005",3
2017-01-24 21:00:00+00:00,07020,5.730190745764295,"07117,07027,07005",3
2017-01-25 00:00:00+00:00,07020,5.724855326289538,"07117,07027,07005",3
2017-01-25 03:00:00+00:00,07020,4.72595482260983,"07117,07027,07005",3
2017-01-25 06:00:00+00:00,07020,5.477293881186561,"07117,07027,07005",3
2017-01-25 09:00:00+00:00,07020,5.332989292899002,"07117,07027,07005",3
2017-01-25 12:00:00+00:00,07020,7.78783496289956,"07117,07027,07005",3
2017-01-25 15:00:00+00:00,07020,7.410787787549988,"07117,07027,07005",3
2017-01-25 18:00:00+00:00,07020,3.941305178330926,"07117,07027,07005",3
2017-01-25 21:00:00+00:00,07020,1.275533071980336,"07117,07027,07005",3
2017-01-26 00:00:00+00:00,07020,1.4194859774114168,"07117,07027,07005",3
2017-01-26 03:00:00+00:00,07020,0.9656301497202187,"07117,07027,07005",3
2017-01-26 06:00:00+00:00,07020,0.38150080646954354,"07117,07027,07005",3
2017-01-26 09:00:00+00:00,07020,0.49297628409642735,"07117,07027,07005",3
2017-01-26 12:00:00+00:00,07020,4.787027039412631,"07117,07027,07005",3
2017-01-27 09:00:00+00:00,07020,4.543312422387442,"07117,07027,07005",3
2017-01-28 00:00:00+00:00,07747,11.377685771873345,"07643,07650,07577",3
2017-01-28 03:00:00+00:00,07747,10.74774561222281,"07643,07650,07577",3
2017-01-28 06:00:00+00:00,07747,10.430333922733364,"07643,07650,07577",3
2017-01-28 09:00:00+00:00,07747,10.344192759662038,"07643,07650,07577",3
2017-01-30 00:00:00+00:00,07020,11.04457066188794,"07117,07027,07005",3
2017-01-30 18:00:00+00:00,07607,11.431412210209595,"07510,07621,07630",3
2017-01-31 21:00:00+00:00,07607,8.810679478559774,"07510,07621,07630",3
2017-02-03 06:00:00+00:00,07558,2.4772147964887106,"07630,07434,07535",3
2017-02-05 21:00:00+00:00,07747,9.973652356476252,"07643,07650,07577",3
2017-02-06 00:00:00+00:00,07747,9.934890785634657,"07643,07650,07577",3
2017-02-06 03:00:00+00:00,07747,10.508893596891088,"07643,07650,07577",3
2017-02-06 06:00:00+00:00,07747,11.075677757713143,"07643,07650,07577",3
2017-02-06 09:00:00+00:00,07747,12.14207285418691,"07643,07650,07577",3
2017-02-08 09:00:00+00:00,07577,6.998635156172211,"07481,07650,07280",3
2017-02-09 12:00:00+00:00,07190,2.1880691888996613,"07299,07280,07181",3
2017-02-15 18:00:00+00:00,07460,11.096092875387114,"07471,07481,07255",3
2017-02-15 21:00:00+00:00,07460,8.629272349973233,"07471,07481,07255",3
2017-02-16 00:00:00+00:00,07460,6.5782673814037445,"07471,07481,07255",3
2017-02-16 03:00:00+00:00,07460,4.59642164944797,"07471,07481,07255",3
2017-02-16 06:00:00+00:00,07460,3.6603030040507227,"07471,07481,07255",3
2017-02-17 09:00:00+00:00,07471,4.320742913904063,"07460,07481,07558",3
2017-02-21 21:00:00+00:00,07591,8.19967926443165,"07577,07650,07558",3
2017-02-22 00:00:00+00:00,07627,4.769704352333128,"07621,07630,07607",3
2017-02-22 00:00:00+00:00,07591,7.410377072439072,"07577,07650,07558",3
2017-02-22 03:00:00+00:00,07591,5.4687352163913445,"07577,07650,07558",3
2017-02-22 06:00:00+00:00,07627,2.4680810853783575,"07621,07630,07607",3
2017-02-22 06:00:00+00:00,07591,4.115248328587754,"07577,07650,07558",3
2017-02-22 09:00:00+00:00,07591,7.3671575463869186,"07577,07650,07558",3
2017-02-22 12:00:00+00:00,07627,13.323867811606016,"07621,07630,07607",3
2017-02-22 15:00:00+00:00,07627,16.307320918924923,"07621,07630,07607",3
2017-02-23 00:00:00+00:00,07607,3.481560954426423,"07510,07621,07630",3
2017-02-24 21:00:00+00:00,07607,4.728219008476141,"07510,07621,07630",3
2017-02-25 18:00:00+00:00,07607,10.066967134514453,"07510,07621,07630",3
2017-02-25 18:00:00+00:00,07558,7.80126573087392,"07630,07434,07535",3
2017-03-02 06:00:00+00:00,07607,8.080642288352287,"07510,07621,07630",3
2017-03-05 06:00:00+00:00,07434,4.358988717318164,"07535,07335,07255",3
2017-03-06 12:00:00+00:00,07314,12.495885848152255,"07222,07240,07335",3
2017-03-06 15:00:00+00:00,07314,12.341457714669481,"07222,07240,07335",3
2017-03-06 18:00:00+00:00,07314,11.300667810110694,"07222,07240,07335",3
2017-03-06 21:00:00+00:00,07314,10.719069300949087,"07222,07240,07335",3
2017-03-07 00:00:00+00:00,07314,10.230750114248103,"07222,07240,07335",3
2017-03-07 03:00:00+00:00,07314,10.130831875383468,"07222,07240,07335",3
2017-03-07 06:00:00+00:00,07314,9.667038929115353,"07222,07240,07335",3
2017-03-07 09:00:00+00:00,07314,10.713854249581686,"07222,07240,07335",3
2017-03-07 12:00:00+00:00,07314,10.739679203683716,"07222,07240,07335",3
2017-03-07 15:00:00+00:00,07314,10.691387273025885,"07222,07240,07335",3
2017-03-07 18:00:00+00:00,07314,10.685397713456478,"07222,07240,07335",3
2017-03-07 21:00:00+00:00,07314,11.121530530145431,"07222,07240,07335",3
2017-03-08 00:00:00+00:00,07314,11.491484092147681,"07222,07240,07335",3
2017-03-08 03:00:00+00:00,07314,11.847023817031596,"07222,07240,07335",3
2017-03-08 06:00:00+00:00,07314,12.396513713098766,"07222,07240,07335",3
2017-03-08 09:00:00+00:00,07314,13.319815754184287,"07222,07240,07335",3
2017-03-10 18:00:00+00:00,07020,13.390178860614771,"07117,07027,07005",3
2017-03-17 09:00:00+00:00,07627,10.176635778901533,"07621,07630,07607",3
2017-03-18 00:00:00+00:00,07627,8.940300027539944,"07621,07630,07607",3
2017-03-19 06:00:00+00:00,07072,9.991162136393292,"07168,07149,07181",3
2017-03-20 00:00:00+00:00,07020,11.046413495770219,"07117,07027,07005",3
2017-03-20 03:00:00+00:00,07020,11.327940960074343,"07117,07027,07005",3
2017-03-20 06:00:00+00:00,07020,11.061581477038771,"07117,07027,07005",3
2017-03-22 09:00:00+00:00,07037,5.968966439841086,"07005,07139,07149",3
2017-03-27 15:00:00+00:00,07020,14.731864448686961,"07117,07027,07005",3
2017-03-27 18:00:00+00:00,07020,12.805360832766146,"07117,07027,07005",3
2017-03-27 21:00:00+00:00,07020,12.584151051050952,"07117,07027,07005",3
2017-03-28 00:00:00+00:00,07020,10.588927611414977,"07117,07027,07005",3
2017-03-28 03:00:00+00:00,07020,9.584691688260515,"07117,07027,07005",3
2017-03-28 06:00:00+00:00,07020,10.270586737300816,"07117,07027,07005",3
2017-03-28 09:00:00+00:00,07020,13.362032295558693,"07117,07027,07005",3
2017-03-28 12:00:00+00:00,07020,14.100954222389719,"07117,07027,07005",3
2017-03-28 15:00:00+00:00,07020,15.796593895858555,"07117,07027,07005",3
2017-03-30 00:00:00+00:00,07627,9.078169743821322,"07621,07630,07607",3
2017-03-30 06:00:00+00:00,07690,11.545173136650277,"07790,07650,07643",3
2017-04-01 12:00:00+00:00,07020,13.314512236071316,"07117,07027,07005",3
2017-04-06 12:00:00+00:00,07627,14.80548429934322,"07621,07630,07607",3
2017-04-11 00:00:00+00:00,07747,16.31621582846596,"07643,07650,07577",3
2017-04-11 18:00:00+00:00,07149,13.691933034674872,"07240,07037,07139",3
2017-04-13 00:00:00+00:00,07299,10.013714504333015,"07190,07280,07181",3
2017-04-13 03:00:00+00:00,07299,9.124556414134034,"07190,07280,07181",3
2017-04-21 09:00:00+00:00,07335,11.72717235997307,"07240,07255,07222",3
2017-04-22 15:00:00+00:00,07020,13.323817273580442,"07117,07027,07005",3
2017-04-24 09:00:00+00:00,07027,12.38323945935952,"07037,07139,07005",3
2017-04-26 15:00:00+00:00,07650,14.994812520084047,"07643,07577,07690",3
2017-04-26 18:00:00+00:00,07650,12.051622034041001,"07643,07577,07690",3
2017-04-26 21:00:00+00:00,07650,10.588423675310114,"07643,07577,07690",3
2017-04-27 00:00:00+00:00,07650,9.675254417942723,"07643,07577,07690",3
2017-04-27 03:00:00+00:00,07650,8.691245187197163,"07643,07577,07690",3
2017-04-27 06:00:00+00:00,07650,9.289147415283244,"07643,07577,07690",3
2017-04-27 09:00:00+00:00,07222,9.160298748667353,"07130,07335,07240",3
2017-04-27 09:00:00+00:00,07650,10.874483518912298,"07643,07577,07690",3
2017-04-28 09:00:00+00:00,07299,9.290259927069014,"07190,07280,07181",3
2017-05-01 15:00:00+00:00,07314,13.622350804166054,"07222,07240,07335",3
2017-05-06 21:00:00+00:00,07314,13.895573455141188,"07222,07240,07335",3
2017-05-07 00:00:00+00:00,07314,13.141452982421054,"07222,07240,07335",3
2017-05-07 03:00:00+00:00,07314,13.156359484659307,"07222,07240,07335",3
2017-05-07 06:00:00+00:00,07314,13.49489758708975,"07222,07240,07335",3
2017-05-07 09:00:00+00:00,07314,14.604122874256031,"07222,07240,07335",3
2017-05-07 12:00:00+00:00,07314,15.959812044040987,"07222,07240,07335",3
2017-05-07 15:00:00+00:00,07314,16.804910212959676,"07222,07240,07335",3
2017-05-07 18:00:00+00:00,07314,16.166174543147648,"07222,07240,07335",3
2017-05-07 21:00:00+00:00,07314,13.575629788256352,"07222,07240,07335",3
2017-05-08 00:00:00+00:00,07314,11.739102253061745,"07222,07240,07335",3
2017-05-08 03:00:00+00:00,07314,10.52593913630913,"07222,07240,07335",3
2017-05-08 06:00:00+00:00,07314,11.284168494780303,"07222,07240,07335",3
2017-05-08 09:00:00+00:00,07314,14.277299630235435,"07222,07240,07335",3
2017-05-08 12:00:00+00:00,07314,16.187374346381503,"07222,07240,07335",3
2017-05-08 15:00:00+00:00,07314,17.093460318616742,"07222,07240,07335",3
2017-05-08 18:00:00+00:00,07314,15.986445661029963,"07222,07240,07335",3
2017-05-08 21:00:00+00:00,07314,12.700834124225452,"07222,07240,07335",3
2017-05-09 00:00:00+00:00,07314,11.52620409057452,"07222,07240,07335",3
2017-05-09 03:00:00+00:00,07314,10.887240016371603,"07222,07240,07335",3
2017-05-09 06:00:00+00:00,07314,11.544355675332419,"07222,07240,07335",3
2017-05-09 09:00:00+00:00,07314,13.69898205993157,"07222,07240,07335",3
2017-05-09 12:00:00+00:00,07314,15.589266879886326,"07222,07240,07335",3
2017-05-09 15:00:00+00:00,07314,17.255153125340815,"07222,07240,07335",3
2017-05-09 18:00:00+00:00,07314,16.437530478298466,"07222,07240,07335",3
2017-05-09 21:00:00+00:00,07314,13.79670192555754,"07222,07240,07335",3
2017-05-10 00:00:00+00:00,07314,11.74788008636901,"07222,07240,07335",3
2017-05-10 03:00:00+00:00,07314,10.521417238464378,"07222,07240,07335",3
2017-05-10 06:00:00+00:00,07314,11.375352697025704,"07222,07240,07335",3
2017-05-10 09:00:00+00:00,07314,16.07411257967678,"07222,07240,07335",3
2017-05-10 12:00:00+00:00,07314,19.152976521269075,"07222,07240,07335",3
2017-05-10 15:00:00+00:00,07314,17.085413196823428,"07222,07240,07335",3
2017-05-10 18:00:00+00:00,07314,17.103868523007485,"07222,07240,07335",3
2017-05-10 21:00:00+00:00,07314,15.238691903634864,"07222,07240,07335",3
2017-05-11 00:00:00+00:00,07314,14.41675386479461,"07222,07240,07335",3
2017-05-11 03:00:00+00:00,07314,13.079100770403251,"07222,07240,07335",3
2017-05-11 06:00:00+00:00,07314,13.765810671452845,"07222,07240,07335",3
2017-05-11 09:00:00+00:00,07314,14.315743418307715,"07222,07240,07335",3
2017-05-11 12:00:00+00:00,07314,15.24287250206214,"07222,07240,07335",3
2017-05-11 15:00:00+00:00,07314,17.19494947222946,"07222,07240,07335",3
2017-05-11 18:00:00+00:00,07314,16.2303164323013,"07222,07240,07335",3
2017-05-11 21:00:00+00:00,07314,13.921567357298734,"07222,07240,07335",3
2017-05-12 00:00:00+00:00,07314,13.078040103128158,"07222,07240,07335",3
2017-05-12 03:00:00+00:00,07314,13.442357661319349,"07222,07240,07335",3
2017-05-12 06:00:00+00:00,07314,14.07547128531438,"07222,07240,07335",3
2017-05-12 09:00:00+00:00,07314,16.94658471910155,"07222,07240,07335",3
2017-05-12 12:00:00+00:00,07314,17.78453542579642,"07222,07240,07335",3
2017-05-12 15:00:00+00:00,07314,17.086539559130607,"07222,07240,07335",3
2017-05-12 18:00:00+00:00,07314,16.761654743610574,"07222,07240,07335",3
2017-05-12 21:00:00+00:00,07314,14.777826340466168,"07222,07240,07335",3
2017-05-13 00:00:00+00:00,07314,13.809773252318676,"07222,07240,07335",3
2017-05-13 03:00:00+00:00,07314,13.093004360048575,"07222,07240,07335",3
2017-05-13 06:00:00+00:00,07314,13.703525856120345,"07222,07240,07335",3
2017-05-13 09:00:00+00:00,07314,15.89279088446694,"07222,07240,07335",3
2017-05-13 12:00:00+00:00,07314,17.027227625238808,"07222,07240,07335",3
2017-05-13 15:00:00+00:00,07314,17.99449224719016,"07222,07240,07335",3
2017-05-13 18:00:00+00:00,07314,17.356916181685733,"07222,07240,07335",3
2017-05-13 21:00:00+00:00,07314,13.96374457701966,"07222,07240,07335",3
2017-05-14 00:00:00+00:00,07314,13.381290204976588,"07222,07240,07335",3
2017-05-14 03:00:00+00:00,07314,13.422271964051811,"07222,07240,07335",3
2017-05-14 06:00:00+00:00,07314,13.98987758853877,"07222,07240,07335",3
2017-05-14 09:00:00+00:00,07314,17.018686136672358,"07222,07240,07335",3
2017-05-14 12:00:00+00:00,07314,18.31070248242635,"07222,07240,07335",3
2017-05-14 15:00:00+00:00,07314,18.96966295886748,"07222,07240,07335",3
2017-05-14 18:00:00+00:00,07790,19.15724895764865,"07761,07690,07650",3
2017-05-14 18:00:00+00:00,07314,17.9061102766767,"07222,07240,07335",3
2017-05-14 21:00:00+00:00,07314,14.115303082085179,"07222,07240,07335",3
2017-05-15 00:00:00+00:00,07314,12.324287144160468,"07222,07240,07335",3
2017-05-15 03:00:00+00:00,07314,11.417847616166881,"07222,07240,07335",3
2017-05-15 06:00:00+00:00,07314,13.940789251334875,"07222,07240,07335",3
2017-05-15 09:00:00+00:00,07314,19.05029190701064,"07222,07240,07335",3
2017-05-15 12:00:00+00:00,07314,22.14711056931712,"07222,07240,07335",3
2017-05-15 15:00:00+00:00,07314,22.466986839516665,"07222,07240,07335",3
2017-05-15 18:00:00+00:00,07314,21.19459144189844,"07222,07240,07335",3
2017-05-15 21:00:00+00:00,07280,15.079700041008973,"07181,07299,07190",3
2017-05-15 21:00:00+00:00,07314,17.633012777069037,"07222,07240,07335",3
2017-05-16 00:00:00+00:00,07314,16.745338334329787,"07222,07240,07335",3
2017-05-16 03:00:00+00:00,07314,16.04282227147243,"07222,07240,07335",3
2017-05-16 06:00:00+00:00,07314,16.38490125749871,"07222,07240,07335",3
2017-05-16 09:00:00+00:00,07314,21.26237315168045,"07222,07240,07335",3
2017-05-16 12:00:00+00:00,07314,24.102446579998187,"07222,07240,07335",3
2017-05-16 15:00:00+00:00,07314,25.101037366492008,"07222,07240,07335",3
2017-05-16 18:00:00+00:00,07314,22.70206581948662,"07222,07240,07335",3
2017-05-16 21:00:00+00:00,07314,18.859940374105385,"07222,07240,07335",3
2017-05-17 00:00:00+00:00,07314,17.08509379574997,"07222,07240,07335",3
2017-05-17 03:00:00+00:00,07314,15.277703693862335,"07222,07240,07335",3
2017-05-17 06:00:00+00:00,07314,16.71843081460863,"07222,07240,07335",3
2017-05-17 09:00:00+00:00,07314,21.7547258870972,"07222,07240,07335",3
2017-05-17 12:00:00+00:00,07015,27.486762902721377,"07005,07037,07149",3
2017-05-17 12:00:00+00:00,07314,20.922784715609986,"07222,07240,07335",3
2017-05-17 15:00:00+00:00,07314,18.99143678190062,"07222,07240,07335",3
2017-05-17 18:00:00+00:00,07314,17.074391491936233,"07222,07240,07335",3
2017-05-17 21:00:00+00:00,07314,15.799761864741258,"07222,07240,07335",3
2017-05-18 00:00:00+00:00,07314,15.834172104097782,"07222,07240,07335",3
2017-05-18 03:00:00+00:00,07314,15.310668169838236,"07222,07240,07335",3
2017-05-18 06:00:00+00:00,07314,14.267443547299951,"07222,07240,07335",3
2017-05-18 09:00:00+00:00,07314,14.435443613013716,"07222,07240,07335",3
2017-05-18 12:00:00+00:00,07314,13.923904839898928,"07222,07240,07335",3
2017-05-18 12:00:00+00:00,07434,16.03498130332186,"07535,07335,07255",3
2017-05-18 15:00:00+00:00,07314,14.370682205719476,"07222,07240,07335",3
2017-05-18 18:00:00+00:00,07314,13.514333927522701,"07222,07240,07335",3
2017-05-18 21:00:00+00:00,07314,12.09171459484623,"07222,07240,07335",3
2017-05-19 00:00:00+00:00,07314,11.24165167729509,"07222,07240,07335",3
2017-05-19 03:00:00+00:00,07314,10.513481310044465,"07222,07240,07335",3
2017-05-19 06:00:00+00:00,07314,11.16937961001553,"07222,07240,07335",3
2017-05-19 09:00:00+00:00,07314,14.281422473980525,"07222,07240,07335",3
2017-05-19 12:00:00+00:00,07314,15.480078142594506,"07222,07240,07335",3
2017-05-19 15:00:00+00:00,07314,15.76443800782113,"07222,07240,07335",3
2017-05-19 18:00:00+00:00,07314,13.921338952907833,"07222,07240,07335",3
2017-05-19 21:00:00+00:00,07314,11.59382910864185,"07222,07240,07335",3
2017-05-20 00:00:00+00:00,07314,10.476554998029052,"07222,07240,07335",3
2017-05-20 03:00:00+00:00,07314,9.87032699541112,"07222,07240,07335",3
2017-05-20 06:00:00+00:00,07314,11.690560019668984,"07222,07240,07335",3
2017-05-20 09:00:00+00:00,07314,14.823145389683292,"07222,07240,07335",3
2017-05-20 12:00:00+00:00,07314,17.13444207769195,"07222,07240,07335",3
2017-05-20 15:00:00+00:00,07314,17.05004384156203,"07222,07240,07335",3
2017-05-20 18:00:00+00:00,07314,16.262551898416415,"07222,07240,07335",3
2017-05-20 21:00:00+00:00,07314,12.54047588750862,"07222,07240,07335",3
2017-05-21 00:00:00+00:00,07314,10.488534117167905,"07222,07240,07335",3
2017-05-21 03:00:00+00:00,07314,9.98414882392106,"07222,07240,07335",3
2017-05-21 06:00:00+00:00,07314,11.895965104523995,"07222,07240,07335",3
2017-05-21 09:00:00+00:00,07314,16.985663906014324,"07222,07240,07335",3
2017-05-21 12:00:00+00:00,07314,19.38734838972231,"07222,07240,07335",3
2017-05-21 15:00:00+00:00,07314,20.659868938707994,"07222,07240,07335",3
2017-05-21 18:00:00+00:00,07314,20.094165886383472,"07222,07240,07335",3
2017-05-21 21:00:00+00:00,07314,16.106928304287937,"07222,07240,07335",3
2017-05-22 00:00:00+00:00,07314,14.750134670539824,"07222,07240,07335",3
2017-05-22 03:00:00+00:00,07314,13.720285116188847,"07222,07240,07335",3
2017-05-22 06:00:00+00:00,07314,14.45199636703534,"07222,07240,07335",3
2017-05-22 09:00:00+00:00,07314,19.00876404412429,"07222,07240,07335",3
2017-05-22 12:00:00+00:00,07314,22.39622793230305,"07222,07240,07335",3
2017-05-22 15:00:00+00:00,07314,22.833431058270236,"07222,07240,07335",3
2017-05-22 18:00:00+00:00,07314,21.074619046113494,"07222,07240,07335",3
2017-05-22 21:00:00+00:00,07314,16.497676376727675,"07222,07240,07335",3
2017-05-23 00:00:00+00:00,07314,14.867100030199211,"07222,07240,07335",3
2017-05-23 03:00:00+00:00,07314,13.473822935223374,"07222,07240,07335",3
2017-05-23 06:00:00+00:00,07110,12.751744252151035,"07117,07027",2
2017-05-23 06:00:00+00:00,07130,13.163580506552353,"07222,07139,07027",3
2017-05-23 06:00:00+00:00,07314,14.311848978953496,"07222,07240,07335",3
2017-05-23 06:00:00+00:00,07607,14.118956696522353,"07510,07621,07630",3
2017-05-23 09:00:00+00:00,07314,16.285789067183323,"07222,07240,07335",3
2017-05-23 12:00:00+00:00,07314,19.686802989249045,"07222,07240,07335",3
2017-05-23 15:00:00+00:00,07314,21.60853912511373,"07222,07240,07335",3
2017-05-23 18:00:00+00:00,07314,20.741443044761926,"07222,07240,07335",3
2017-05-23 21:00:00+00:00,07314,18.227928599735776,"07222,07240,07335",3
2017-05-24 00:00:00+00:00,07314,16.237828793939826,"07222,07240,07335",3
2017-05-24 03:00:00+00:00,07314,15.251785128740037,"07222,07240,07335",3
2017-05-24 06:00:00+00:00,07314,16.41451739793153,"07222,07240,07335",3
2017-05-24 09:00:00+00:00,07314,20.25605124116035,"07222,07240,07335",3
2017-05-24 12:00:00+00:00,07314,22.06662867088548,"07222,07240,07335",3
2017-05-24 15:00:00+00:00,07314,22.99173003110998,"07222,07240,07335",3
2017-05-24 15:00:00+00:00,07627,26.512715232890955,"07621,07630,07607",3
2017-05-24 18:00:00+00:00,07314,22.22763626443686,"07222,07240,07335",3
2017-05-24 18:00:00+00:00,07627,25.06538160817874,"07621,07630,07607",3
2017-05-24 21:00:00+00:00,07314,18.992455575193446,"07222,07240,07335",3
2017-05-24 21:00:00+00:00,07627,18.94030055818682,"07621,07630,07607",3
2017-05-25 00:00:00+00:00,07314,17.168681667339726,"07222,07240,07335",3
2017-05-25 00:00:00+00:00,07627,14.45047428813967,"07621,07630,07607",3
2017-05-25 03:00:00+00:00,07314,15.977211018940894,"07222,07240,07335",3
2017-05-25 03:00:00+00:00,07627,13.147361850116841,"07621,07630,07607",3
2017-05-25 06:00:00+00:00,07314,17.04153820933371,"07222,07240,07335",3
2017-05-25 06:00:00+00:00,07627,15.549824466570138,"07621,07630,07607",3
2017-05-25 09:00:00+00:00,07314,21.114073687128656,"07222,07240,07335",3
2017-05-25 09:00:00+00:00,07627,24.730763495861275,"07621,07630,07607",3
2017-05-25 12:00:00+00:00,07314,23.838968818585144,"07222,07240,07335",3
2017-05-25 12:00:00+00:00,07627,28.631223828536864,"07621,07630,07607",3
2017-05-25 15:00:00+00:00,07314,24.90007282480235,"07222,07240,07335",3
2017-05-25 15:00:00+00:00,07627,30.136738493216647,"07621,07630,07607",3
2017-05-25 18:00:00+00:00,07314,23.831658647002556,"07222,07240,07335",3
2017-05-25 18:00:00+00:00,07627,28.941564498047832,"07621,07630,07607",3
2017-05-25 21:00:00+00:00,07314,20.349455714988427,"07222,07240,07335",3
2017-05-25 21:00:00+00:00,07627,20.404505552348958,"07621,07630,07607",3
2017-05-26 00:00:00+00:00,07314,18.47594411309625,"07222,07240,07335",3
2017-05-26 00:00:00+00:00,07627,19.023041925674388,"07621,07630,07607",3
2017-05-26 03:00:00+00:00,07314,16.620844040700057,"07222,07240,07335",3
2017-05-26 03:00:00+00:00,07627,17.839529212309397,"07621,07630,07607",3
2017-05-26 06:00:00+00:00,07314,17.609461533240903,"07222,07240,07335",3
2017-05-26 06:00:00+00:00,07627,18.575665942642868,"07621,07630,07607",3
2017-05-26 06:00:00+00:00,07149,17.387488754245343,"07240,07037,07139",3
2017-05-26 09:00:00+00:00,07314,22.237269960625575,"07222,07240,07335",3
2017-05-26 09:00:00+00:00,07627,25.768756124113043,"07621,07630,07607",3
2017-05-26 12:00:00+00:00,07314,25.109725904769945,"07222,07240,07335",3
2017-05-26 12:00:00+00:00,07627,29.24296705165427,"07621,07630,07607",3
2017-05-26 15:00:00+00:00,07314,26.96279825363623,"07222,07240,07335",3
2017-05-26 18:00:00+00:00,07314,25.127480137081427,"07222,07240,07335",3
2017-05-26 21:00:00+00:00,07314,20.057835492511423,"07222,07240,07335",3
2017-05-27 00:00:00+00:00,07314,18.77797855760817,"07222,07240,07335",3
2017-05-27 03:00:00+00:00,07314,17.31973956693539,"07222,07240,07335",3
2017-05-27 06:00:00+00:00,07314,17.596413806477017,"07222,07240,07335",3
2017-05-27 09:00:00+00:00,07314,20.581577473165037,"07222,07240,07335",3
2017-05-27 12:00:00+00:00,07314,23.485220472490283,"07222,07240,07335",3
2017-05-27 15:00:00+00:00,07314,24.830559192566675,"07222,07240,07335",3
2017-05-27 18:00:00+00:00,07314,23.848513219744532,"07222,07240,07335",3
2017-05-27 21:00:00+00:00,07314,21.284772731550923,"07222,07240,07335",3
2017-05-28 00:00:00+00:00,07314,20.304593474553087,"07222,07240,07335",3
2017-05-28 03:00:00+00:00,07314,18.27650668946665,"07222,07240,07335",3
2017-05-28 06:00:00+00:00,07314,18.610935906146054,"07222,07240,07335",3
2017-05-28 09:00:00+00:00,07314,20.876734954878877,"07222,07240,07335",3
2017-05-28 12:00:00+00:00,07314,23.496689344156152,"07222,07240,07335",3
2017-05-28 15:00:00+00:00,07314,25.896788955121927,"07222,07240,07335",3
2017-05-28 18:00:00+00:00,07314,24.32458108622771,"07222,07240,07335",3
2017-05-28 21:00:00+00:00,07314,20.06860689466368,"07222,07240,07335",3
2017-05-29 00:00:00+00:00,07314,18.77701150135335,"07222,07240,07335",3
2017-05-29 03:00:00+00:00,07314,17.986806621505174,"07222,07240,07335",3
2017-05-29 06:00:00+00:00,07314,18.34000092343892,"07222,07240,07335",3
2017-05-29 09:00:00+00:00,07314,18.798417810634078,"07222,07240,07335",3
2017-05-29 12:00:00+00:00,07314,20.358042701896146,"07222,07240,07335",3
2017-05-29 15:00:00+00:00,07314,19.74408357525195,"07222,07240,07335",3
2017-05-29 18:00:00+00:00,07314,19.127528722922655,"07222,07240,07335",3
2017-05-29 21:00:00+00:00,07314,16.773133257279554,"07222,07240,07335",3
2017-05-30 00:00:00+00:00,07314,15.75135874071006,"07222,07240,07335",3
2017-05-30 03:00:00+00:00,07314,15.134893183410133,"07222,07240,07335",3
2017-05-30 06:00:00+00:00,07314,15.508387629008219,"07222,07240,07335",3
2017-05-30 09:00:00+00:00,07314,18.132693266421498,"07222,07240,07335",3
2017-05-30 12:00:00+00:00,07314,19.38958261929909,"07222,07240,07335",3
2017-05-30 15:00:00+00:00,07314,20.176778761368467,"07222,07240,07335",3
2017-05-30 18:00:00+00:00,07314,19.2073831628638,"07222,07240,07335",3
2017-05-30 21:00:00+00:00,07314,16.524901595869053,"07222,07240,07335",3
2017-05-31 00:00:00+00:00,07314,14.773967757450077,"07222,07240,07335",3
2017-05-31 03:00:00+00:00,07314,13.742730194400592,"07222,07240,07335",3
2017-05-31 06:00:00+00:00,07314,16.16458967040546,"07222,07240,07335",3
2017-05-31 09:00:00+00:00,07314,19.22072669070388,"07222,07240,07335",3
2017-05-31 12:00:00+00:00,07314,21.525134159573597,"07222,07240,07335",3
2017-05-31 15:00:00+00:00,07314,21.596927519727323,"07222,07240,07335",3
2017-05-31 18:00:00+00:00,07314,20.97916324875824,"07222,07240,07335",3
2017-05-31 21:00:00+00:00,07314,18.680848592481393,"07222,07240,07335",3
2017-06-01 00:00:00+00:00,07314,17.58003794086086,"07222,07240,07335",3
2017-06-01 03:00:00+00:00,07314,15.70682214004491,"07222,07240,07335",3
2017-06-01 06:00:00+00:00,07460,15.432956815982342,"07471,07481,07255",3
2017-06-01 06:00:00+00:00,07314,17.11802241538773,"07222,07240,07335",3
2017-06-01 09:00:00+00:00,07314,21.581179112601724,"07222,07240,07335",3
2017-06-01 12:00:00+00:00,07314,22.996798032765867,"07222,07240,07335",3
2017-06-01 15:00:00+00:00,07020,19.268589453573917,"07117,07027,07005",3
2017-06-01 15:00:00+00:00,07314,24.739293635641864,"07222,07240,07335",3
2017-06-01 18:00:00+00:00,07314,22.963390706002293,"07222,07240,07335",3
2017-06-01 21:00:00+00:00,07314,19.767585004747865,"07222,07240,07335",3
2017-06-01 21:00:00+00:00,07607,20.649232011628076,"07510,07621,07630",3
2017-06-02 00:00:00+00:00,07190,16.750442609547317,"07299,07280,07181",3
2017-06-02 00:00:00+00:00,07314,17.799709813122718,"07222,07240,07335",3
2017-06-02 03:00:00+00:00,07314,15.956521463180069,"07222,07240,07335",3
2017-06-02 06:00:00+00:00,07314,17.349163159315417,"07222,07240,07335",3
2017-06-02 09:00:00+00:00,07314,22.2260215530007,"07222,07240,07335",3
2017-06-02 12:00:00+00:00,07314,23.65975620158462,"07222,07240,07335",3
2017-06-02 15:00:00+00:00,07314,23.80744216563997,"07222,07240,07335",3
2017-06-02 18:00:00+00:00,07314,22.106246021259444,"07222,07240,07335",3
2017-06-02 21:00:00+00:00,07314,18.662893871767213,"07222,07240,07335",3
2017-06-03 00:00:00+00:00,07314,17.448785597103836,"07222,07240,07335",3
2017-06-03 03:00:00+00:00,07314,16.354260306128936,"07222,07240,07335",3
2017-06-03 06:00:00+00:00,07314,16.572861869112558,"07222,07240,07335",3
2017-06-03 09:00:00+00:00,07314,17.23768675375561,"07222,07240,07335",3
2017-06-03 12:00:00+00:00,07314,17.355734679034118,"07222,07240,07335",3
2017-06-03 15:00:00+00:00,07314,18.215860185567568,"07222,07240,07335",3
2017-06-03 18:00:00+00:00,07314,17.6645035736761,"07222,07240,07335",3
2017-06-03 21:00:00+00:00,07314,15.118267015059045,"07222,07240,07335",3
2017-06-04 00:00:00+00:00,07314,13.022634864931453,"07222,07240,07335",3
2017-06-04 03:00:00+00:00,07314,12.04197690080779,"07222,07240,07335",3
2017-06-04 06:00:00+00:00,07314,13.875259353482754,"07222,07240,07335",3
2017-06-04 09:00:00+00:00,07314,16.8329912949825,"07222,07240,07335",3
2017-06-04 12:00:00+00:00,07314,18.52788018037335,"07222,07240,07335",3
2017-06-04 15:00:00+00:00,07314,19.73886852388455,"07222,07240,07335",3
2017-06-04 18:00:00+00:00,07314,18.416735432227895,"07222,07240,07335",3
2017-06-04 21:00:00+00:00,07314,15.314952021288933,"07222,07240,07335",3
2017-06-05 00:00:00+00:00,07314,13.99755527387382,"07222,07240,07335",3
2017-06-05 03:00:00+00:00,07314,12.082287404704406,"07222,07240,07335",3
2017-06-05 06:00:00+00:00,07314,13.947781723497242,"07222,07240,07335",3
2017-06-05 09:00:00+00:00,07314,18.065090146698196,"07222,07240,07335",3
2017-06-05 12:00:00+00:00,07314,19.373901608858787,"07222,07240,07335",3
2017-06-05 15:00:00+00:00,07314,19.19714560818177,"07222,07240,07335",3
2017-06-05 18:00:00+00:00,07314,17.176190404619256,"07222,07240,07335",3
2017-06-05 21:00:00+00:00,07314,15.851719830362397,"07222,07240,07335",3
2017-06-05 21:00:00+00:00,07643,20.038530080439067,"07650,07747,07577",3
2017-06-06 00:00:00+00:00,07314,14.714346064487959,"07222,07240,07335",3
2017-06-06 03:00:00+00:00,07314,13.59550103912706,"07222,07240,07335",3
2017-06-06 06:00:00+00:00,07314,13.724954063745113,"07222,07240,07335",3
2017-06-06 09:00:00+00:00,07314,15.282829450200376,"07222,07240,07335",3
2017-06-06 12:00:00+00:00,07460,17.136981188755634,"07471,07481,07255",3
2017-06-06 12:00:00+00:00,07314,16.687754006900732,"07222,07240,07335",3
2017-06-06 15:00:00+00:00,07314,17.078307829634486,"07222,07240,07335",3
2017-06-06 18:00:00+00:00,07314,15.662039552635738,"07222,07240,07335",3
2017-06-06 21:00:00+00:00,07314,13.779007149581458,"07222,07240,07335",3
2017-06-07 00:00:00+00:00,07314,12.849361993168142,"07222,07240,07335",3
2017-06-07 03:00:00+00:00,07314,12.371633916907513,"07222,07240,07335",3
2017-06-07 06:00:00+00:00,07314,14.100579485896537,"07222,07240,07335",3
2017-06-07 09:00:00+00:00,07314,16.13662579940017,"07222,07240,07335",3
2017-06-07 12:00:00+00:00,07314,18.29772045069457,"07222,07240,07335",3
2017-06-07 15:00:00+00:00,07314,19.042798829378405,"07222,07240,07335",3
2017-06-07 18:00:00+00:00,07314,17.953524446109032,"07222,07240,07335",3
2017-06-07 21:00:00+00:00,07314,15.234708169251304,"07222,07240,07335",3
2017-06-08 00:00:00+00:00,07314,13.362288774981408,"07222,07240,07335",3
2017-06-08 00:00:00+00:00,07607,13.98947851203101,"07510,07621,07630",3
2017-06-08 03:00:00+00:00,07314,12.487072158506843,"07222,07240,07335",3
2017-06-08 06:00:00+00:00,07460,12.010474629893425,"07471,07481,07255",3
2017-06-08 06:00:00+00:00,07314,14.45641501185666,"07222,07240,07335",3
2017-06-08 09:00:00+00:00,07314,19.726661000354788,"07222,07240,07335",3
2017-06-08 12:00:00+00:00,07314,22.44989592203384,"07222,07240,07335",3
2017-06-08 15:00:00+00:00,07314,23.983652062505833,"07222,07240,07335",3
2017-06-08 18:00:00+00:00,07314,21.76028655387303,"07222,07240,07335",3
2017-06-08 21:00:00+00:00,07314,18.31526023660924,"07222,07240,07335",3
2017-06-09 00:00:00+00:00,07314,16.594304034731373,"07222,07240,07335",3
2017-06-09 03:00:00+00:00,07314,15.824516509565033,"07222,07240,07335",3
2017-06-09 06:00:00+00:00,07314,15.874925458782087,"07222,07240,07335",3
2017-06-09 09:00:00+00:00,07314,18.400087365532773,"07222,07240,07335",3
2017-06-09 12:00:00+00:00,07314,19.92649747808406,"07222,07240,07335",3
2017-06-09 15:00:00+00:00,07020,16.786844795528136,"07117,07027,07005",3
2017-06-09 15:00:00+00:00,07314,20.473346150124854,"07222,07240,07335",3
2017-06-09 18:00:00+00:00,07314,19.211255703873988,"07222,07240,07335",3
2017-06-09 21:00:00+00:00,07314,16.431268717650063,"07222,07240,07335",3
2017-06-10 00:00:00+00:00,07314,14.674242066638216,"07222,07240,07335",3
2017-06-10 03:00:00+00:00,07314,13.579945180054228,"07222,07240,07335",3
2017-06-10 06:00:00+00:00,07314,15.459674745906733,"07222,07240,07335",3
2017-06-10 09:00:00+00:00,07314,19.524479099675403,"07222,07240,07335",3
2017-06-10 12:00:00+00:00,07314,21.988676803106763,"07222,07240,07335",3
2017-06-10 15:00:00+00:00,07314,23.704846846410852,"07222,07240,07335",3
2017-06-10 18:00:00+00:00,07314,23.063765753648696,"07222,07240,07335",3
2017-06-10 21:00:00+00:00,07314,18.320098132221027,"07222,07240,07335",3
2017-06-11 00:00:00+00:00,07460,17.21293480528018,"07471,07481,07255",3
2017-06-11 00:00:00+00:00,07314,15.849853114538082,"07222,07240,07335",3
2017-06-11 03:00:00+00:00,07314,14.180197581096822,"07222,07240,07335",3
2017-06-11 06:00:00+00:00,07314,17.022079970556725,"07222,07240,07335",3
2017-06-11 09:00:00+00:00,07314,21.044345608496158,"07222,07240,07335",3
2017-06-11 12:00:00+00:00,07314,23.27262242707023,"07222,07240,07335",3
2017-06-11 15:00:00+00:00,07314,22.785888113111426,"07222,07240,07335",3
2017-06-11 18:00:00+00:00,07314,21.462738150867743,"07222,07240,07335",3
2017-06-11 21:00:00+00:00,07314,17.764427830184875,"07222,07240,07335",3
2017-06-12 00:00:00+00:00,07314,15.801324839139413,"07222,07240,07335",3
2017-06-12 03:00:00+00:00,07314,14.133204364108156,"07222,07240,07335",3
2017-06-12 06:00:00+00:00,07314,14.934178944455404,"07222,07240,07335",3
2017-06-12 09:00:00+00:00,07314,17.750464784204187,"07222,07240,07335",3
2017-06-12 12:00:00+00:00,07314,19.933740252981323,"07222,07240,07335",3
2017-06-12 15:00:00+00:00,07314,21.268877274713816,"07222,07240,07335",3
2017-06-12 18:00:00+00:00,07314,21.12862663360856,"07222,07240,07335",3
2017-06-12 21:00:00+00:00,07314,17.82146967816179,"07222,07240,07335",3
2017-06-13 00:00:00+00:00,07314,15.251820985078153,"07222,07240,07335",3
2017-06-13 03:00:00+00:00,07314,13.75479860856881,"07222,07240,07335",3
2017-06-13 06:00:00+00:00,07314,15.332906742003125,"07222,07240,07335",3
2017-06-13 09:00:00+00:00,07314,18.456396579289933,"07222,07240,07335",3
2017-06-13 12:00:00+00:00,07190,25.422558900873984,"07299,07280,07181",3
2017-06-13 12:00:00+00:00,07314,21.4901559180619,"07222,07240,07335",3
2017-06-13 15:00:00+00:00,07314,22.09950385183201,"07222,07240,07335",3
2017-06-13 18:00:00+00:00,07314,20.580721610283582,"07222,07240,07335",3
2017-06-13 21:00:00+00:00,07314,18.879614760932398,"07222,07240,07335",3
2017-06-14 00:00:00+00:00,07314,17.715597736065842,"07222,07240,07335",3
2017-06-14 03:00:00+00:00,07314,16.212474606613696,"07222,07240,07335",3
2017-06-14 06:00:00+00:00,07314,17.661840451305725,"07222,07240,07335",3
2017-06-17 18:00:00+00:00,07020,18.606514549441172,"07117,07027,07005",3
2017-06-18 18:00:00+00:00,07020,19.838511882668243,"07117,07027,07005",3
2017-06-19 15:00:00+00:00,07020,21.901060536079626,"07117,07027,07005",3
2017-06-19 18:00:00+00:00,07460,29.953812206497673,"07471,07481,07255",3
2017-06-20 09:00:00+00:00,07761,27.500368065951623,"07790,07690,07650",3
2017-06-21 18:00:00+00:00,07020,21.01263863218673,"07117,07027,07005",3
2017-06-23 21:00:00+00:00,07471,19.647967442271767,"07460,07481,07558",3
2017-06-23 21:00:00+00:00,07117,15.959882497301,"07020,07110,07027",3
2017-06-23 21:00:00+00:00,07072,17.72561841282796,"07168,07149",2
2017-06-23 21:00:00+00:00,07181,19.736347606062704,"07168,07280,07190",3
2017-06-23 21:00:00+00:00,07314,17.383063151198932,"07222,07240,07335",3
2017-06-23 21:00:00+00:00,07607,19.560260370190395,"07510,07621,07630",3
2017-06-23 21:00:00+00:00,07591,21.572617151928647,"07577,07650,07558",3
2017-06-27 21:00:00+00:00,07471,13.10854969884575,"07460,07481,07558",3
2017-06-27 21:00:00+00:00,07117,15.513530427089334,"07110,07027",2
2017-06-27 21:00:00+00:00,07072,18.4321688511243,"07168,07149,07181",3
2017-06-27 21:00:00+00:00,07020,15.10675416399871,"07027,07005",2
2017-06-27 21:00:00+00:00,07314,17.14797021323487,"07222,07240,07335",3
2017-06-27 21:00:00+00:00,07591,17.751519565374895,"07577,07650,07558",3
2017-06-28 12:00:00+00:00,07607,23.13558545151435,"07510,07621,07630",3
2017-06-28 15:00:00+00:00,07630,21.601446820554088,"07535,07558,07607",3
2017-06-30 06:00:00+00:00,07591,10.953489539058076,"07577,07650,07558",3
2017-06-30 18:00:00+00:00,07591,14.97543725429432,"07577,07650,07558",3
2017-07-02 09:00:00+00:00,07020,15.264448503315382,"07117,07027,07005",3
2017-07-03 00:00:00+00:00,07460,15.726594057562975,"07471,07481,07255",3
2017-07-04 12:00:00+00:00,07020,18.614858519838045,"07117,07027,07005",3
2017-07-05 12:00:00+00:00,07790,27.073390033565065,"07761,07690,07650",3
2017-07-05 12:00:00+00:00,07020,18.99952261062989,"07117,07027,07005",3
2017-07-05 15:00:00+00:00,07790,28.21142640490879,"07761,07690,07650",3
2017-07-05 18:00:00+00:00,07790,26.56366890316738,"07761,07690,07650",3
2017-07-06 12:00:00+00:00,07020,21.669758608200567,"07117,07027,07005",3
2017-07-07 00:00:00+00:00,07015,19.933165649019987,"07005,07037,07149",3
2017-07-07 03:00:00+00:00,07015,18.4143539884925,"07005,07037,07149",3
2017-07-07 06:00:00+00:00,07015,19.763510439895054,"07005,07037,07149",3
2017-07-07 09:00:00+00:00,07460,27.781465657893452,"07471,07481,07255",3
2017-07-08 09:00:00+00:00,07020,19.738436858574346,"07117,07027,07005",3
2017-07-08 15:00:00+00:00,07020,19.63478994854578,"07117,07027,07005",3
2017-07-09 06:00:00+00:00,07460,20.68431212169436,"07471,07481,07255",3
2017-07-11 06:00:00+00:00,07460,16.537979600328754,"07471,07481,07255",3
2017-07-11 09:00:00+00:00,07280,20.86808238851381,"07181,07299,07190",3
2017-07-11 12:00:00+00:00,07280,22.667671062266166,"07181,07299,07190",3
2017-07-14 21:00:00+00:00,07181,15.751907883698227,"07168,07280,07190",3
2017-07-14 21:00:00+00:00,07607,18.40365226967299,"07510,07621,07630",3
2017-07-15 09:00:00+00:00,07280,18.575980329125855,"07181,07299,07190",3
2017-07-16 06:00:00+00:00,07460,17.447736281564158,"07471,07481,07255",3
2017-07-16 06:00:00+00:00,07607,18.447748012772067,"07510,07621,07630",3
2017-07-18 12:00:00+00:00,07020,21.083798552553766,"07117,07027,07005",3
2017-07-18 18:00:00+00:00,07280,31.61696865101897,"07181,07299,07190",3
2017-07-18 21:00:00+00:00,07280,25.960048052000825,"07181,07299,07190",3
2017-07-19 00:00:00+00:00,07280,22.9693393105083,"07181,07299,07190",3
2017-07-19 03:00:00+00:00,07280,21.02664066971563,"07181,07299,07190",3
2017-07-19 06:00:00+00:00,07280,23.381658357107543,"07181,07299,07190",3
2017-07-20 09:00:00+00:00,07020,16.674236851960398,"07117,07027,07005",3
2017-07-21 21:00:00+00:00,07460,19.103586615022824,"07471,07481,07255",3
2017-07-22 18:00:00+00:00,07280,25.399014488819954,"07181,07299,07190",3
2017-07-22 21:00:00+00:00,07280,19.692337345050955,"07181,07299,07190",3
2017-07-23 00:00:00+00:00,07280,18.647398220353825,"07181,07299,07190",3
2017-07-23 03:00:00+00:00,07280,16.88099319625888,"07181,07299,07190",3
2017-07-23 06:00:00+00:00,07280,17.023310241285962,"07181,07299,07190",3
2017-07-23 09:00:00+00:00,07280,19.02263818788283,"07181,07299,07190",3
2017-07-23 12:00:00+00:00,07280,20.359333355162946,"07181,07299,07190",3
2017-07-23 15:00:00+00:00,07280,22.023646368630622,"07181,07299,07190",3
2017-07-23 18:00:00+00:00,07280,20.639329080009073,"07181,07299,07190",3
2017-07-23 21:00:00+00:00,07280,17.733652248018437,"07181,07299,07190",3
2017-07-24 00:00:00+00:00,07280,15.457836772392152,"07181,07299,07190",3
2017-07-24 03:00:00+00:00,07280,15.869930670796485,"07181,07299,07190",3
2017-07-24 06:00:00+00:00,07280,15.270213519483686,"07181,07299,07190",3
2017-07-25 09:00:00+00:00,07607,19.516099674855333,"07510,07621,07630",3
2017-07-25 12:00:00+00:00,07607,21.84517490505171,"07510,07621,07630",3
2017-07-27 00:00:00+00:00,07607,17.025984596982855,"07510,07621,07630",3
2017-07-27 21:00:00+00:00,07460,21.292494706009162,"07471,07481,07255",3
2017-07-29 18:00:00+00:00,07020,18.860105217874548,"07117,07027,07005",3
2017-07-29 21:00:00+00:00,07020,17.688307896537538,"07117,07027,07005",3
2017-07-30 00:00:00+00:00,07020,17.384744950478783,"07117,07027,07005",3
2017-07-30 03:00:00+00:00,07020,15.353809198845417,"07117,07027,07005",3
2017-07-30 06:00:00+00:00,07020,14.90834783339391,"07117,07027,07005",3
2017-07-30 09:00:00+00:00,07020,16.761487450351588,"07117,07027,07005",3
2017-07-30 12:00:00+00:00,07020,18.914656497790027,"07117,07027,07005",3
2017-07-30 12:00:00+00:00,07558,21.928941170616078,"07630,07434,07535",3
2017-07-30 15:00:00+00:00,07020,19.180447526555362,"07117,07027,07005",3
2017-07-30 15:00:00+00:00,07558,23.313824766703082,"07630,07434,07535",3
2017-07-30 18:00:00+00:00,07020,16.595458133180365,"07117,07027,07005",3
2017-07-30 18:00:00+00:00,07558,22.227101171707446,"07630,07434,07535",3
2017-07-30 21:00:00+00:00,07020,15.180382297274537,"07117,07027,07005",3
2017-07-30 21:00:00+00:00,07558,20.387613779811964,"07630,07434,07535",3
2017-07-31 00:00:00+00:00,07020,13.969107695833385,"07117,07027,07005",3
2017-07-31 00:00:00+00:00,07558,18.7908121812183,"07630,07434,07535",3
2017-07-31 03:00:00+00:00,07020,13.57147014051176,"07117,07027,07005",3
2017-07-31 03:00:00+00:00,07558,17.47785534152074,"07630,07434,07535",3
2017-07-31 06:00:00+00:00,07020,13.89501152265795,"07117,07027,07005",3
2017-07-31 06:00:00+00:00,07558,16.55561081405587,"07630,07434,07535",3
2017-07-31 09:00:00+00:00,07558,17.657254981174137,"07630,07434,07535",3
2017-07-31 12:00:00+00:00,07558,22.25636732920035,"07630,07434,07535",3
2017-07-31 15:00:00+00:00,07558,24.724420764343186,"07630,07434,07535",3
2017-07-31 18:00:00+00:00,07558,22.04923350853123,"07630,07434,07535",3
2017-07-31 21:00:00+00:00,07558,19.76802246182866,"07630,07434,07535",3
2017-08-01 00:00:00+00:00,07558,17.78560124356172,"07630,07434,07535",3
2017-08-01 03:00:00+00:00,07558,17.337882747062253,"07630,07434,07535",3
2017-08-01 06:00:00+00:00,07558,16.212076806526778,"07630,07434,07535",3
2017-08-01 09:00:00+00:00,07558,18.41331301812569,"07630,07434,07535",3
2017-08-02 18:00:00+00:00,07630,30.865784312650977,"07535,07558,07607",3
2017-08-06 09:00:00+00:00,07020,16.723281990230635,"07117,07027,07005",3
2017-08-13 06:00:00+00:00,07280,15.88395691577546,"07181,07299,07190",3
2017-08-13 09:00:00+00:00,07280,18.4492569182831,"07181,07299,07190",3
2017-08-13 12:00:00+00:00,07280,20.958163940100338,"07181,07299,07190",3
2017-08-13 15:00:00+00:00,07280,22.875774556214008,"07181,07299,07190",3
2017-08-13 18:00:00+00:00,07280,21.12024982176842,"07181,07299,07190",3
2017-08-13 21:00:00+00:00,07280,16.88618646892362,"07181,07299,07190",3
2017-08-14 00:00:00+00:00,07280,16.081186658361833,"07181,07299,07190",3
2017-08-14 03:00:00+00:00,07280,14.395119603883352,"07181,07299,07190",3
2017-08-14 06:00:00+00:00,07280,16.1381660779058,"07181,07299,07190",3
2017-08-15 15:00:00+00:00,07020,18.310510348095264,"07117,07027,07005",3
2017-08-16 12:00:00+00:00,07280,25.301539261691797,07190,1
2017-08-16 12:00:00+00:00,07181,23.669413488445066,"07168,07190",2
2017-08-16 12:00:00+00:00,07299,25.274585607770195,07190,1
2017-08-16 12:00:00+00:00,07027,21.008582767843787,"07037,07139,07005",3
2017-08-19 00:00:00+00:00,07481,19.31709111733512,"07280,07460,07577",3
2017-08-20 15:00:00+00:00,07190,22.024154605314887,"07299,07280,07181",3
2017-08-22 09:00:00+00:00,07460,23.49403123187819,"07471,07481,07255",3
2017-08-23 15:00:00+00:00,07280,30.691293737257677,"07181,07299,07190",3
2017-08-24 00:00:00+00:00,07460,20.142888178916657,"07471,07481,07255",3
2017-08-24 12:00:00+00:00,07020,18.893500223176602,"07117,07027,07005",3
2017-08-25 12:00:00+00:00,07460,28.680983909449004,"07471,07481,07255",3
2017-08-27 12:00:00+00:00,07020,19.90421103397513,"07117,07027,07005",3
2017-08-29 12:00:00+00:00,07460,33.04156998520119,"07471,07481,07255",3
2017-08-29 12:00:00+00:00,07434,29.934303088015092,"07535,07335,07255",3
2017-08-29 18:00:00+00:00,07460,,,0
2017-08-29 18:00:00+00:00,07471,,,0
2017-08-29 18:00:00+00:00,07481,,,0
2017-08-29 18:00:00+00:00,07577,,,0
2017-08-29 18:00:00+00:00,07280,,,0
2017-08-29 18:00:00+00:00,07110,,,0
2017-08-29 18:00:00+00:00,07117,,,0
2017-08-29 18:00:00+00:00,07130,,,0
2017-08-29 18:00:00+00:00,07240,,,0
2017-08-29 18:00:00+00:00,07255,,,0
2017-08-29 18:00:00+00:00,07761,,,0
2017-08-29 18:00:00+00:00,07790,,,0
2017-08-29 18:00:00+00:00,07072,,,0
2017-08-29 18:00:00+00:00,07168,,,0
2017-08-29 18:00:00+00:00,07181,,,0
2017-08-29 18:00:00+00:00,07190,,,0
2017-08-29 18:00:00+00:00,07299,,,0
2017-08-29 18:00:00+00:00,07005,,,0
2017-08-29 18:00:00+00:00,07015,,,0
2017-08-29 18:00:00+00:00,07020,,,0
2017-08-29 18:00:00+00:00,07027,,,0
2017-08-29 18:00:00+00:00,07037,,,0
2017-08-29 18:00:00+00:00,07139,,,0
2017-08-29 18:00:00+00:00,07314,,,0
2017-08-29 18:00:00+00:00,07335,,,0
2017-08-29 18:00:00+00:00,07434,,,0
2017-08-29 18:00:00+00:00,07510,,,0
2017-08-29 18:00:00+00:00,07607,,,0
2017-08-29 18:00:00+00:00,07535,,,0
2017-08-29 18:00:00+00:00,07558,,,0
2017-08-29 18:00:00+00:00,07621,,,0
2017-08-29 18:00:00+00:00,07627,,,0
2017-08-29 18:00:00+00:00,07630,,,0
2017-08-29 18:00:00+00:00,07643,,,0
2017-08-29 18:00:00+00:00,07747,,,0
2017-08-29 18:00:00+00:00,07222,,,0
2017-08-29 18:00:00+00:00,07591,,,0
2017-08-29 18:00:00+00:00,07650,,,0
2017-08-29 18:00:00+00:00,07690,,,0
2017-08-29 18:00:00+00:00,07149,,,0
2017-08-29 21:00:00+00:00,07460,,,0
2017-08-29 21:00:00+00:00,07471,,,0
2017-08-29 21:00:00+00:00,07481,,,0
2017-08-29 21:00:00+00:00,07577,,,0
2017-08-29 21:00:00+00:00,07280,,,0
2017-08-29 21:00:00+00:00,07110,,,0
2017-08-29 21:00:00+00:00,07117,,,0
2017-08-29 21:00:00+00:00,07130,,,0
2017-08-29 21:00:00+00:00,07240,,,0
2017-08-29 21:00:00+00:00,07255,,,0
2017-08-29 21:00:00+00:00,07761,,,0
2017-08-29 21:00:00+00:00,07790,,,0
2017-08-29 21:00:00+00:00,07072,,,0
2017-08-29 21:00:00+00:00,07168,,,0
2017-08-29 21:00:00+00:00,07181,,,0
2017-08-29 21:00:00+00:00,07190,,,0
2017-08-29 21:00:00+00:00,07299,,,0
2017-08-29 21:00:00+00:00,07005,,,0
2017-08-29 21:00:00+00:00,07015,,,0
2017-08-29 21:00:00+00:00,07020,,,0
2017-08-29 21:00:00+00:00,07027,,,0
2017-08-29 21:00:00+00:00,07037,,,0
2017-08-29 21:00:00+00:00,07139,,,0
2017-08-29 21:00:00+00:00,07314,,,0
2017-08-29 21:00:00+00:00,07335,,,0
2017-08-29 21:00:00+00:00,07434,,,0
2017-08-29 21:00:00+00:00,07510,,,0
2017-08-29 21:00:00+00:00,07607,,,0
2017-08-29 21:00:00+00:00,07535,,,0
2017-08-29 21:00:00+00:00,07558,,,0
2017-08-29 21:00:00+00:00,07621,,,0
2017-08-29 21:00:00+00:00,07627,,,0
2017-08-29 21:00:00+00:00,07630,,,0
2017-08-29 21:00:00+00:00,07643,,,0
2017-08-29 21:00:00+00:00,07747,,,0
2017-08-29 21:00:00+00:00,07222,,,0
2017-08-29 21:00:00+00:00,07591,,,0
2017-08-29 21:00:00+00:00,07650,,,0
2017-08-29 21:00:00+00:00,07690,,,0
2017-08-29 21:00:00+00:00,07149,,,0
2017-08-30 00:00:00+00:00,07460,,,0
2017-08-30 00:00:00+00:00,07471,,,0
2017-08-30 00:00:00+00:00,07481,,,0
2017-08-30 00:00:00+00:00,07577,,,0
2017-08-30 00:00:00+00:00,07280,,,0
2017-08-30 00:00:00+00:00,07110,,,0
2017-08-30 00:00:00+00:00,07117,,,0
2017-08-30 00:00:00+00:00,07130,,,0
2017-08-30 00:00:00+00:00,07240,,,0
2017-08-30 00:00:00+00:00,07255,,,0
2017-08-30 00:00:00+00:00,07761,,,0
2017-08-30 00:00:00+00:00,07790,,,0
2017-08-30 00:00:00+00:00,07072,,,0
2017-08-30 00:00:00+00:00,07168,,,0
2017-08-30 00:00:00+00:00,07181,,,0
2017-08-30 00:00:00+00:00,07190,,,0
2017-08-30 00:00:00+00:00,07299,,,0
2017-08-30 00:00:00+00:00,07005,,,0
2017-08-30 00:00:00+00:00,07015,,,0
2017-08-30 00:00:00+00:00,07020,,,0
2017-08-30 00:00:00+00:00,07027,,,0
2017-08-30 00:00:00+00:00,07037,,,0
2017-08-30 00:00:00+00:00,07139,,,0
2017-08-30 00:00:00+00:00,07314,,,0
2017-08-30 00:00:00+00:00,07335,,,0
2017-08-30 00:00:00+00:00,07434,,,0
2017-08-30 00:00:00+00:00,07510,,,0
2017-08-30 00:00:00+00:00,07607,,,0
2017-08-30 00:00:00+00:00,07535,,,0
2017-08-30 00:00:00+00:00,07558,,,0
2017-08-30 00:00:00+00:00,07621,,,0
2017-08-30 00:00:00+00:00,07627,,,0
2017-08-30 00:00:00+00:00,07630,,,0
2017-08-30 00:00:00+00:00,07643,,,0
2017-08-30 00:00:00+00:00,07747,,,0
2017-08-30 00:00:00+00:00,07222,,,0
2017-08-30 00:00:00+00:00,07591,,,0
2017-08-30 00:00:00+00:00,07650,,,0
2017-08-30 00:00:00+00:00,07690,,,0
2017-08-30 00:00:00+00:00,07149,,,0
2017-08-30 03:00:00+00:00,07621,18.86515777136367,"07607,07630",2
2017-08-30 03:00:00+00:00,07627,18.947088360936505,"07630,07607",2
2017-08-30 06:00:00+00:00,07621,18.579627149513644,"07607,07630",2
2017-08-30 06:00:00+00:00,07627,18.42461830359467,"07630,07607",2
2017-08-30 09:00:00+00:00,07110,14.406193917594589,"07130,07117,07027",3
2017-08-30 09:00:00+00:00,07621,20.703906895666247,"07607,07630",2
2017-08-30 09:00:00+00:00,07627,20.780492851922318,"07630,07607",2
2017-08-30 12:00:00+00:00,07627,25.444571131024095,"07621,07630,07607",3
2017-08-30 15:00:00+00:00,07627,24.646512631099117,"07621,07630,07607",3
2017-08-30 18:00:00+00:00,07627,20.770845770067602,"07621,07630,07607",3
2017-08-30 21:00:00+00:00,07627,16.44234520028384,"07621,07630,07607",3
2017-08-31 00:00:00+00:00,07627,15.593254494336152,"07621,07630,07607",3
2017-08-31 03:00:00+00:00,07280,18.502240935978353,"07181,07299,07190",3
2017-08-31 03:00:00+00:00,07627,13.891689073407404,"07621,07630,07607",3
2017-08-31 06:00:00+00:00,07280,16.222417931756073,"07181,07299,07190",3
2017-09-01 00:00:00+00:00,07460,,,0
2017-09-01 00:00:00+00:00,07471,,,0
2017-09-01 00:00:00+00:00,07481,,,0
2017-09-01 00:00:00+00:00,07577,,,0
2017-09-01 00:00:00+00:00,07280,,,0
2017-09-01 00:00:00+00:00,07110,,,0
2017-09-01 00:00:00+00:00,07117,,,0
2017-09-01 00:00:00+00:00,07130,,,0
2017-09-01 00:00:00+00:00,07240,,,0
2017-09-01 00:00:00+00:00,07255,,,0
2017-09-01 00:00:00+00:00,07761,,,0
2017-09-01 00:00:00+00:00,07790,,,0
2017-09-01 00:00:00+00:00,07072,,,0
2017-09-01 00:00:00+00:00,07168,,,0
2017-09-01 00:00:00+00:00,07181,,,0
2017-09-01 00:00:00+00:00,07190,,,0
2017-09-01 00:00:00+00:00,07299,,,0
2017-09-01 00:00:00+00:00,07005,,,0
2017-09-01 00:00:00+00:00,07015,,,0
2017-09-01 00:00:00+00:00,07020,,,0
2017-09-01 00:00:00+00:00,07027,,,0
2017-09-01 00:00:00+00:00,07037,,,0
2017-09-01 00:00:00+00:00,07139,,,0
2017-09-01 00:00:00+00:00,07314,,,0
2017-09-01 00:00:00+00:00,07335,,,0
2017-09-01 00:00:00+00:00,07434,,,0
2017-09-01 00:00:00+00:00,07510,,,0
2017-09-01 00:00:00+00:00,07607,,,0
2017-09-01 00:00:00+00:00,07535,,,0
2017-09-01 00:00:00+00:00,07558,,,0
2017-09-01 00:00:00+00:00,07621,,,0
2017-09-01 00:00:00+00:00,07627,,,0
2017-09-01 00:00:00+00:00,07630,,,0
2017-09-01 00:00:00+00:00,07643,,,0
2017-09-01 00:00:00+00:00,07747,,,0
2017-09-01 00:00:00+00:00,07222,,,0
2017-09-01 00:00:00+00:00,07591,,,0
2017-09-01 00:00:00+00:00,07650,,,0
2017-09-01 00:00:00+00:00,07690,,,0
2017-09-01 00:00:00+00:00,07149,,,0
2017-09-01 03:00:00+00:00,07434,8.392531377365819,"07535,07335,07255",3
2017-09-01 06:00:00+00:00,07460,10.045809866211604,"07471,07481,07255",3
2017-09-04 09:00:00+00:00,07280,17.411752000383885,"07181,07299,07190",3
2017-09-06 21:00:00+00:00,07558,13.625548137635226,"07630,07434,07535",3
2017-09-07 09:00:00+00:00,07535,16.794615980694036,"07630,07434,07510",3
2017-09-09 00:00:00+00:00,07460,14.889883971719899,"07471,07481,07255",3
2017-09-15 12:00:00+00:00,07621,16.218083767529972,"07627,07607,07630",3
2017-09-20 12:00:00+00:00,07110,16.971025863709915,"07130,07117,07027",3
2017-09-21 03:00:00+00:00,07190,5.292372705442174,"07299,07280,07181",3
2017-09-21 06:00:00+00:00,07190,5.003677258738011,"07299,07280,07181",3
2017-09-22 18:00:00+00:00,07110,14.891345830847218,"07130,07117,07027",3
2017-09-22 21:00:00+00:00,07110,11.704849594033716,"07130,07117,07027",3
2017-09-23 00:00:00+00:00,07110,10.079942481232518,"07130,07117,07027",3
2017-09-23 03:00:00+00:00,07110,9.31074294111229,"07130,07117,07027",3
2017-09-23 06:00:00+00:00,07110,8.554198516611109,"07130,07117,07027",3
2017-09-23 09:00:00+00:00,07110,14.074384588886138,"07130,07117,07027",3
2017-09-23 12:00:00+00:00,07110,19.224452428421863,"07130,07117,07027",3
2017-09-23 15:00:00+00:00,07110,20.625291305126307,"07130,07117,07027",3
2017-09-23 18:00:00+00:00,07110,17.464686387164477,"07130,07117,07027",3
2017-09-23 21:00:00+00:00,07110,15.469709170507382,"07130,07117,07027",3
2017-09-24 00:00:00+00:00,07110,14.502428970908788,"07130,07117,07027",3
2017-09-24 03:00:00+00:00,07110,12.637871137251917,"07130,07117,07027",3
2017-09-24 06:00:00+00:00,07110,12.929272579810025,"07130,07117,07027",3
2017-09-24 09:00:00+00:00,07110,15.460440781789604,"07130,07117,07027",3
2017-09-24 12:00:00+00:00,07110,18.134128592585927,"07130,07117,07027",3
2017-09-24 15:00:00+00:00,07110,16.893629460036998,"07130,07117,07027",3
2017-09-24 18:00:00+00:00,07110,15.776413882416719,"07130,07117,07027",3
2017-09-24 21:00:00+00:00,07460,15.101568759639237,"07471,07481,07255",3
2017-09-24 21:00:00+00:00,07110,14.961716488846402,"07130,07117,07027",3
2017-09-25 00:00:00+00:00,07110,14.321560435619075,"07130,07117,07027",3
2017-09-25 03:00:00+00:00,07110,14.485382438717046,"07130,07117,07027",3
2017-09-25 06:00:00+00:00,07110,14.101460014037142,"07130,07117,07027",3
2017-09-25 15:00:00+00:00,07460,17.510238707076496,"07471,07481,07255",3
2017-09-25 21:00:00+00:00,07110,13.044669360317977,"07130,07117,07027",3
2017-09-26 00:00:00+00:00,07110,11.816977110753848,"07130,07117,07027",3
2017-09-26 03:00:00+00:00,07110,12.724427298695932,"07130,07117,07027",3
2017-09-28 12:00:00+00:00,07020,17.149725986706922,"07117,07027,07005",3
2017-09-29 03:00:00+00:00,07020,16.400133220926428,"07117,07027,07005",3
2017-09-30 09:00:00+00:00,07110,14.542639349061384,"07130,07117,07027",3
2017-09-30 12:00:00+00:00,07110,16.65792462262377,"07130,07117,07027",3
2017-09-30 15:00:00+00:00,07110,15.692518973610323,"07130,07117,07027",3
2017-09-30 18:00:00+00:00,07110,14.57972984254055,"07130,07117,07027",3
2017-09-30 21:00:00+00:00,07110,14.542529992389122,"07130,07117,07027",3
2017-10-01 00:00:00+00:00,07110,14.433133062536756,"07130,07117,07027",3
2017-10-01 18:00:00+00:00,07460,14.930280649095142,"07471,07481,07255",3
2017-10-02 18:00:00+00:00,07460,19.565337753888006,"07471,07481,07255",3
2017-10-03 12:00:00+00:00,07190,16.480804905257468,"07299,07280,07181",3
2017-10-03 18:00:00+00:00,07110,12.117044649069504,"07130,07117,07027",3
2017-10-03 21:00:00+00:00,07110,10.153603608366252,"07130,07117,07027",3
2017-10-04 00:00:00+00:00,07110,9.294434982089665,"07130,07117,07027",3
2017-10-04 03:00:00+00:00,07110,8.444740358969835,"07130,07117,07027",3
2017-10-04 03:00:00+00:00,07558,10.462943018340235,"07630,07434,07535",3
2017-10-04 06:00:00+00:00,07110,8.046965613465975,"07130,07117,07027",3
2017-10-04 06:00:00+00:00,07558,9.238947430526741,"07630,07434,07535",3
2017-10-04 09:00:00+00:00,07110,12.081111338353077,"07130,07117,07027",3
2017-10-04 09:00:00+00:00,07558,12.090839570109596,"07630,07434,07535",3
2017-10-04 12:00:00+00:00,07110,15.080717983874544,"07130,07117,07027",3
2017-10-05 06:00:00+00:00,07110,9.63509148570931,"07130,07117,07027",3
2017-10-05 06:00:00+00:00,07190,7.146312776498544,"07299,07280,07181",3
2017-10-07 00:00:00+00:00,07110,8.176179684820076,"07130,07117,07027",3
2017-10-07 06:00:00+00:00,07110,7.839821453983257,"07130,07117,07027",3
2017-10-07 09:00:00+00:00,07110,11.763133125121792,"07130,07117,07027",3
2017-10-07 12:00:00+00:00,07110,16.39260628872519,"07130,07117,07027",3
2017-10-07 15:00:00+00:00,07110,16.308471461227583,"07130,07117,07027",3
2017-10-07 18:00:00+00:00,07110,13.959062860798168,"07130,07117,07027",3
2017-10-07 21:00:00+00:00,07110,13.55543265128887,"07130,07117,07027",3
2017-10-08 00:00:00+00:00,07110,13.513854483470274,"07130,07117,07027",3
2017-10-08 09:00:00+00:00,07110,14.1490642303224,"07130,07117,07027",3
2017-10-08 12:00:00+00:00,07110,15.072310623903677,"07130,07117,07027",3
2017-10-08 15:00:00+00:00,07110,14.898665342285447,"07130,07117,07027",3
2017-10-08 18:00:00+00:00,07110,14.100782668656908,"07130,07117,07027",3
2017-10-08 21:00:00+00:00,07110,13.88477251716758,"07130,07117,07027",3
2017-10-09 00:00:00+00:00,07110,13.727435194571974,"07130,07117,07027",3
2017-10-09 18:00:00+00:00,07110,14.538938376774455,"07130,07117,07027",3
2017-10-09 21:00:00+00:00,07110,13.825689185121423,"07130,07117,07027",3
2017-10-10 00:00:00+00:00,07110,13.400079235950685,"07130,07117,07027",3
2017-10-11 09:00:00+00:00,07621,17.31497128115574,"07627,07607,07630",3
2017-10-12 06:00:00+00:00,07110,13.299478963874806,"07130,07117,07027",3
2017-10-13 00:00:00+00:00,07280,10.20567509780204,"07181,07299,07190",3
2017-10-13 12:00:00+00:00,07535,22.90059561363207,"07630,07434,07510",3
2017-10-17 00:00:00+00:00,07460,11.24511765627725,"07471,07481,07255",3
2017-10-17 12:00:00+00:00,07037,17.288103769382985,"07005,07139,07149",3
2017-10-20 12:00:00+00:00,07471,16.263891019467184,"07460,07481,07558",3
2017-10-29 12:00:00+00:00,07650,19.01818443580321,"07643,07577,07690",3
2017-10-29 18:00:00+00:00,07621,12.594443148030457,"07627,07607,07630",3
2017-10-29 21:00:00+00:00,07621,11.942515203820063,"07627,07607,07630",3
2017-10-30 00:00:00+00:00,07621,11.390313305089371,"07627,07607,07630",3
2017-10-30 03:00:00+00:00,07621,10.844114850181226,"07627,07607,07630",3
2017-10-30 06:00:00+00:00,07621,10.490630609230054,"07627,07607,07630",3
2017-11-04 21:00:00+00:00,07130,9.730190361199048,"07222,07139,07027",3
2017-11-05 06:00:00+00:00,07577,11.88720457941047,"07481,07650,07280",3
2017-11-08 00:00:00+00:00,07190,5.406928043444799,"07299,07280,07181",3
2017-11-08 03:00:00+00:00,07190,5.481938227061912,"07299,07280,07181",3
2017-11-09 15:00:00+00:00,07037,9.389633908088154,"07005,07139,07149",3
2017-11-10 18:00:00+00:00,07460,8.513065658490778,"07471,07481,07255",3
2017-11-14 03:00:00+00:00,07460,,,0
2017-11-14 03:00:00+00:00,07471,,,0
2017-11-14 03:00:00+00:00,07481,,,0
2017-11-14 03:00:00+00:00,07577,,,0
2017-11-14 03:00:00+00:00,07280,,,0
2017-11-14 03:00:00+00:00,07110,,,0
2017-11-14 03:00:00+00:00,07117,,,0
2017-11-14 03:00:00+00:00,07130,,,0
2017-11-14 03:00:00+00:00,07240,,,0
2017-11-14 03:00:00+00:00,07255,,,0
2017-11-14 03:00:00+00:00,07761,,,0
2017-11-14 03:00:00+00:00,07790,,,0
2017-11-14 03:00:00+00:00,07072,,,0
2017-11-14 03:00:00+00:00,07168,,,0
2017-11-14 03:00:00+00:00,07181,,,0
2017-11-14 03:00:00+00:00,07190,,,0
2017-11-14 03:00:00+00:00,07299,,,0
2017-11-14 03:00:00+00:00,07005,,,0
2017-11-14 03:00:00+00:00,07015,,,0
2017-11-14 03:00:00+00:00,07020,,,0
2017-11-14 03:00:00+00:00,07027,,,0
2017-11-14 03:00:00+00:00,07037,,,0
2017-11-14 03:00:00+00:00,07139,,,0
2017-11-14 03:00:00+00:00,07314,,,0
2017-11-14 03:00:00+00:00,07335,,,0
2017-11-14 03:00:00+00:00,07434,,,0
2017-11-14 03:00:00+00:00,07510,,,0
2017-11-14 03:00:00+00:00,07607,,,0
2017-11-14 03:00:00+00:00,07535,,,0
2017-11-14 03:00:00+00:00,07558,,,0
2017-11-14 03:00:00+00:00,07621,,,0
2017-11-14 03:00:00+00:00,07627,,,0
2017-11-14 03:00:00+00:00,07630,,,0
2017-11-14 03:00:00+00:00,07643,,,0
2017-11-14 03:00:00+00:00,07747,,,0
2017-11-14 03:00:00+00:00,07222,,,0
2017-11-14 03:00:00+00:00,07591,,,0
2017-11-14 03:00:00+00:00,07650,,,0
2017-11-14 03:00:00+00:00,07690,,,0
2017-11-14 03:00:00+00:00,07149,,,0
2017-11-14 06:00:00+00:00,07460,,,0
2017-11-14 06:00:00+00:00,07471,,,0
2017-11-14 06:00:00+00:00,07481,,,0
2017-11-14 06:00:00+00:00,07577,,,0
2017-11-14 06:00:00+00:00,07280,,,0
2017-11-14 06:00:00+00:00,07110,,,0
2017-11-14 06:00:00+00:00,07117,,,0
2017-11-14 06:00:00+00:00,07130,,,0
2017-11-14 06:00:00+00:00,07240,,,0
2017-11-14 06:00:00+00:00,07255,,,0
2017-11-14 06:00:00+00:00,07761,,,0
2017-11-14 06:00:00+00:00,07790,,,0
2017-11-14 06:00:00+00:00,07072,,,0
2017-11-14 06:00:00+00:00,07168,,,0
2017-11-14 06:00:00+00:00,07181,,,0
2017-11-14 06:00:00+00:00,07190,,,0
2017-11-14 06:00:00+00:00,07299,,,0
2017-11-14 06:00:00+00:00,07005,,,0
2017-11-14 06:00:00+00:00,07015,,,0
2017-11-14 06:00:00+00:00,07020,,,0
2017-11-14 06:00:00+00:00,07027,,,0
2017-11-14 06:00:00+00:00,07037,,,0
2017-11-14 06:00:00+00:00,07139,,,0
2017-11-14 06:00:00+00:00,07314,,,0
2017-11-14 06:00:00+00:00,07335,,,0
2017-11-14 06:00:00+00:00,07434,,,0
2017-11-14 06:00:00+00:00,07510,,,0
2017-11-14 06:00:00+00:00,07607,,,0
2017-11-14 06:00:00+00:00,07535,,,0
2017-11-14 06:00:00+00:00,07558,,,0
2017-11-14 06:00:00+00:00,07621,,,0
2017-11-14 06:00:00+00:00,07627,,,0
2017-11-14 06:00:00+00:00,07630,,,0
2017-11-14 06:00:00+00:00,07643,,,0
2017-11-14 06:00:00+00:00,07747,,,0
2017-11-14 06:00:00+00:00,07222,,,0
2017-11-14 06:00:00+00:00,07591,,,0
2017-11-14 06:00:00+00:00,07650,,,0
2017-11-14 06:00:00+00:00,07690,,,0
2017-11-14 06:00:00+00:00,07149,,,0
2017-11-14 15:00:00+00:00,07005,9.74157805708741,"07037,07015,07027",3
2017-11-16 15:00:00+00:00,07314,11.610431676995683,"07222,07240,07335",3
2017-11-17 00:00:00+00:00,07460,1.3019624234684717,"07471,07481,07255",3
2017-11-18 06:00:00+00:00,07460,5.317761779037623,"07471,07481,07255",3
2017-11-22 00:00:00+00:00,07110,11.571755859490352,"07130,07117,07027",3
2017-11-23 21:00:00+00:00,07072,11.992376450575625,"07168,07149,07181",3
2017-11-24 00:00:00+00:00,07072,11.919439105074941,"07168,07149,07181",3
2017-11-24 03:00:00+00:00,07072,11.442824363371143,"07168,07149,07181",3
2017-11-24 06:00:00+00:00,07072,11.638836357954885,"07168,07149,07181",3
2017-11-24 09:00:00+00:00,07072,12.135525348319149,"07168,07149,07181",3
2017-11-24 12:00:00+00:00,07072,12.247132303161004,"07168,07149,07181",3
2017-11-28 09:00:00+00:00,07460,3.4202139242653,"07471,07481,07255",3
2017-11-29 03:00:00+00:00,07460,,,0
2017-11-29 03:00:00+00:00,07471,,,0
2017-11-29 03:00:00+00:00,07481,,,0
2017-11-29 03:00:00+00:00,07577,,,0
2017-11-29 03:00:00+00:00,07280,,,0
2017-11-29 03:00:00+00:00,07110,,,0
2017-11-29 03:00:00+00:00,07117,,,0
2017-11-29 03:00:00+00:00,07130,,,0
2017-11-29 03:00:00+00:00,07240,,,0
2017-11-29 03:00:00+00:00,07255,,,0
2017-11-29 03:00:00+00:00,07761,,,0
2017-11-29 03:00:00+00:00,07790,,,0
2017-11-29 03:00:00+00:00,07072,,,0
2017-11-29 03:00:00+00:00,07168,,,0
2017-11-29 03:00:00+00:00,07181,,,0
2017-11-29 03:00:00+00:00,07190,,,0
2017-11-29 03:00:00+00:00,07299,,,0
2017-11-29 03:00:00+00:00,07005,,,0
2017-11-29 03:00:00+00:00,07015,,,0
2017-11-29 03:00:00+00:00,07020,,,0
2017-11-29 03:00:00+00:00,07027,,,0
2017-11-29 03:00:00+00:00,07037,,,0
2017-11-29 03:00:00+00:00,07139,,,0
2017-11-29 03:00:00+00:00,07314,,,0
2017-11-29 03:00:00+00:00,07335,,,0
2017-11-29 03:00:00+00:00,07434,,,0
2017-11-29 03:00:00+00:00,07510,,,0
2017-11-29 03:00:00+00:00,07607,,,0
2017-11-29 03:00:00+00:00,07535,,,0
2017-11-29 03:00:00+00:00,07558,,,0
2017-11-29 03:00:00+00:00,07621,,,0
2017-11-29 03:00:00+00:00,07627,,,0
2017-11-29 03:00:00+00:00,07630,,,0
2017-11-29 03:00:00+00:00,07643,,,0
2017-11-29 03:00:00+00:00,07747,,,0
2017-11-29 03:00:00+00:00,07222,,,0
2017-11-29 03:00:00+00:00,07591,,,0
2017-11-29 03:00:00+00:00,07650,,,0
2017-11-29 03:00:00+00:00,07690,,,0
2017-11-29 03:00:00+00:00,07149,,,0
2017-11-30 15:00:00+00:00,07027,4.7054470279666045,"07037,07139,07005",3
2017-12-05 09:00:00+00:00,07015,4.07137652334261,"07005,07037,07149",3
2017-12-10 06:00:00+00:00,07110,11.44115778558783,"07130,07117,07027",3
2017-12-10 09:00:00+00:00,07110,9.852549471749036,"07130,07117,07027",3
2017-12-10 12:00:00+00:00,07110,9.382556441197476,"07130,07117,07027",3
2017-12-10 15:00:00+00:00,07110,8.585172422046844,"07130,07117,07027",3
2017-12-10 18:00:00+00:00,07110,7.601098707853263,"07130,07117,07027",3
2017-12-10 21:00:00+00:00,07110,6.480798275537387,"07130,07117,07027",3
2017-12-11 00:00:00+00:00,07110,7.530728049854085,"07130,07117,07027",3
2017-12-11 03:00:00+00:00,07110,7.737413577301039,"07130,07117,07027",3
2017-12-11 06:00:00+00:00,07110,7.221834541973967,"07130,07117,07027",3
2017-12-11 09:00:00+00:00,07110,5.7034794230208465,"07130,07117,07027",3
2017-12-12 18:00:00+00:00,07072,2.719165841082664,"07168,07149,07181",3
2017-12-12 21:00:00+00:00,07072,2.3308669922765373,"07168,07149,07181",3
2017-12-13 00:00:00+00:00,07072,1.3276859180810117,"07168,07149,07181",3
2017-12-13 03:00:00+00:00,07072,1.804097639938686,"07168,07149,07181",3
2017-12-13 06:00:00+00:00,07072,2.503367598018274,"07168,07149,07181",3
2017-12-13 09:00:00+00:00,07072,3.8444725834881317,"07168,07149,07181",3
2017-12-13 12:00:00+00:00,07072,5.034077057796245,"07168,07149,07181",3
2017-12-13 15:00:00+00:00,07072,6.730347849580401,"07168,07149,07181",3
2017-12-13 18:00:00+00:00,07072,6.642996689682955,"07168,07149,07181",3
2017-12-13 21:00:00+00:00,07072,7.823847783857969,"07168,07149,07181",3
2017-12-14 15:00:00+00:00,07072,5.746106330377744,"07168,07149,07181",3
2017-12-16 21:00:00+00:00,07460,1.7115285745304378,"07471,07481,07255",3
2017-12-19 15:00:00+00:00,07460,5.442112045323462,"07471,07481,07255",3
2017-12-19 15:00:00+00:00,07005,5.637546027882008,"07037,07015,07027",3
2017-12-20 09:00:00+00:00,07181,3.3018716641213692,"07168,07280,07190",3
2017-12-21 06:00:00+00:00,07460,,,0
2017-12-21 06:00:00+00:00,07471,,,0
2017-12-21 06:00:00+00:00,07481,,,0
2017-12-21 06:00:00+00:00,07577,,,0
2017-12-21 06:00:00+00:00,07280,,,0
2017-12-21 06:00:00+00:00,07110,,,0
2017-12-21 06:00:00+00:00,07117,,,0
2017-12-21 06:00:00+00:00,07130,,,0
2017-12-21 06:00:00+00:00,07240,,,0
2017-12-21 06:00:00+00:00,07255,,,0
2017-12-21 06:00:00+00:00,07761,,,0
2017-12-21 06:00:00+00:00,07790,,,0
2017-12-21 06:00:00+00:00,07072,,,0
2017-12-21 06:00:00+00:00,07168,,,0
2017-12-21 06:00:00+00:00,07181,,,0
2017-12-21 06:00:00+00:00,07190,,,0
2017-12-21 06:00:00+00:00,07299,,,0
2017-12-21 06:00:00+00:00,07005,,,0
2017-12-21 06:00:00+00:00,07015,,,0
2017-12-21 06:00:00+00:00,07020,,,0
2017-12-21 06:00:00+00:00,07027,,,0
2017-12-21 06:00:00+00:00,07037,,,0
2017-12-21 06:00:00+00:00,07139,,,0
2017-12-21 06:00:00+00:00,07314,,,0
2017-12-21 06:00:00+00:00,07335,,,0
2017-12-21 06:00:00+00:00,07434,,,0
2017-12-21 06:00:00+00:00,07510,,,0
2017-12-21 06:00:00+00:00,07607,,,0
2017-12-21 06:00:00+00:00,07535,,,0
2017-12-21 06:00:00+00:00,07558,,,0
2017-12-21 06:00:00+00:00,07621,,,0
2017-12-21 06:00:00+00:00,07627,,,0
2017-12-21 06:00:00+00:00,07630,,,0
2017-12-21 06:00:00+00:00,07643,,,0
2017-12-21 06:00:00+00:00,07747,,,0
2017-12-21 06:00:00+00:00,07222,,,0
2017-12-21 06:00:00+00:00,07591,,,0
2017-12-21 06:00:00+00:00,07650,,,0
2017-12-21 06:00:00+00:00,07690,,,0
2017-12-21 06:00:00+00:00,07149,,,0
2017-12-22 00:00:00+00:00,07460,6.692223113834828,"07471,07481,07255",3
2017-12-31 21:00:00+00:00,07460,9.575538349805283,"07471,07481,07255",3
2018-01-04 09:00:00+00:00,07460,13.490624532608395,"07471,07481,07255",3
2018-01-08 09:00:00+00:00,07558,4.614238207889395,"07630,07434,07535",3
2018-01-08 12:00:00+00:00,07558,6.317307875650423,"07630,07434,07535",3
2018-01-08 15:00:00+00:00,07558,6.940193433685458,"07630,07434,07535",3
2018-01-08 18:00:00+00:00,07558,5.788385232533733,"07630,07434,07535",3
2018-01-08 21:00:00+00:00,07558,4.775381000677096,"07630,07434,07535",3
2018-01-09 00:00:00+00:00,07558,4.163546787960647,"07630,07434,07535",3
2018-01-09 03:00:00+00:00,07790,12.111297572843,"07761,07690,07650",3
2018-01-09 03:00:00+00:00,07558,3.657659327789082,"07630,07434,07535",3
2018-01-09 06:00:00+00:00,07790,10.805004564969046,"07761,07690,07650",3
2018-01-09 06:00:00+00:00,07558,2.266223440531853,"07630,07434,07535",3
2018-01-09 09:00:00+00:00,07790,10.338006047484155,"07761,07690,07650",3
2018-01-09 09:00:00+00:00,07558,3.0022437153844637,"07630,07434,07535",3
2018-01-09 12:00:00+00:00,07558,6.467127001330871,"07630,07434,07535",3
2018-01-09 15:00:00+00:00,07558,7.642775659277335,"07630,07434,07535",3
2018-01-09 18:00:00+00:00,07558,5.449060420089879,"07630,07434,07535",3
2018-01-09 21:00:00+00:00,07558,4.930922646261246,"07630,07434,07535",3
2018-01-10 00:00:00+00:00,07558,4.74467389623209,"07630,07434,07535",3
2018-01-10 03:00:00+00:00,07558,3.806618339027973,"07630,07434,07535",3
2018-01-10 06:00:00+00:00,07558,3.7887061918173153,"07630,07434,07535",3
2018-01-10 09:00:00+00:00,07558,4.455173149540501,"07630,07434,07535",3
2018-01-10 12:00:00+00:00,07558,7.516222003639303,"07630,07434,07535",3
2018-01-10 15:00:00+00:00,07558,8.692772810718704,"07630,07434,07535",3
2018-01-10 18:00:00+00:00,07558,5.20341339487509,"07630,07434,07535",3
2018-01-10 21:00:00+00:00,07558,5.151802568131403,"07630,07434,07535",3
2018-01-11 00:00:00+00:00,07558,4.230429846624424,"07630,07434,07535",3
2018-01-11 03:00:00+00:00,07558,4.159380741951052,"07630,07434,07535",3
2018-01-11 06:00:00+00:00,07558,2.773903507452971,"07630,07434,07535",3
2018-01-11 09:00:00+00:00,07558,3.40634462326255,"07630,07434,07535",3
2018-01-14 00:00:00+00:00,07460,4.6997867184347,"07471,07481,07255",3
2018-01-20 00:00:00+00:00,07460,3.438561936941641,"07471,07481,07255",3
2018-01-21 18:00:00+00:00,07240,12.141121167421304,"07335,07255,07139",3
2018-01-21 21:00:00+00:00,07460,10.361840060764054,"07471,07481,07255",3
2018-01-21 21:00:00+00:00,07240,11.473309111535787,"07335,07255,07139",3
2018-01-22 00:00:00+00:00,07240,11.655495190629793,"07335,07255,07139",3
2018-01-22 03:00:00+00:00,07240,11.983101296287487,"07335,07255,07139",3
2018-02-06 06:00:00+00:00,07222,0.12428668939501486,"07130,07335,07240",3
2018-02-08 09:00:00+00:00,07460,-1.2721955713479365,"07471,07481,07255",3
2018-02-15 18:00:00+00:00,07460,10.739730597847482,"07471,07481,07255",3
2018-02-15 18:00:00+00:00,07139,8.433119091564857,"07037,07240,07149",3
2018-02-15 21:00:00+00:00,07139,6.517127088516217,"07037,07240,07149",3
2018-02-16 00:00:00+00:00,07139,4.146080785031777,"07037,07240,07149",3
2018-02-16 03:00:00+00:00,07139,3.1402936896998446,"07037,07240,07149",3
2018-02-16 06:00:00+00:00,07139,2.0609629305827903,"07037,07240,07149",3
2018-02-19 18:00:00+00:00,07460,5.110762537053132,"07471,07481,07255",3
2018-02-26 06:00:00+00:00,07240,-4.110428036053383,"07335,07255,07139",3
2018-02-26 09:00:00+00:00,07240,-2.037980931207346,"07335,07255,07139",3
2018-02-26 12:00:00+00:00,07690,6.11746525561414,"07790,07650,07643",3
2018-02-26 15:00:00+00:00,07690,5.353683074636363,"07790,07650,07643",3
2018-02-26 18:00:00+00:00,07690,3.833867396541767,"07790,07650,07643",3
2018-02-26 21:00:00+00:00,07690,2.421007816847938,"07790,07650,07643",3
2018-02-27 00:00:00+00:00,07690,2.0852249911906515,"07790,07650,07643",3
2018-02-27 03:00:00+00:00,07690,1.3769865317568655,"07790,07650,07643",3
2018-02-27 06:00:00+00:00,07690,0.6822969012796378,"07790,07650,07643",3
2018-02-28 00:00:00+00:00,07591,-9.592318393853759,"07577,07650,07558",3
2018-02-28 03:00:00+00:00,07591,-10.16497853833081,"07577,07650,07558",3
2018-02-28 06:00:00+00:00,07761,1.8812199759914126,"07790,07690,07650",3
2018-02-28 06:00:00+00:00,07591,-8.266983539817684,"07577,07650,07558",3
2018-03-09 03:00:00+00:00,07460,8.75686598017255,"07471,07481,07255",3
2018-03-09 03:00:00+00:00,07643,6.24631617644149,"07650,07747,07577",3
2018-03-10 03:00:00+00:00,07460,10.394016067190382,"07471,07481,07255",3
2018-03-10 03:00:00+00:00,07643,11.928989378832885,"07650,07747,07577",3
2018-03-11 00:00:00+00:00,07020,9.818048778836015,"07117,07027,07005",3
2018-03-11 03:00:00+00:00,07020,9.793830901828784,"07117,07027,07005",3
2018-03-11 06:00:00+00:00,07020,9.78290236148003,"07117,07027,07005",3
2018-03-11 09:00:00+00:00,07020,12.085227382010427,"07117,07027,07005",3
2018-03-11 12:00:00+00:00,07020,13.642076287723556,"07117,07027,07005",3
2018-03-11 15:00:00+00:00,07020,12.907745484668824,"07117,07027,07005",3
2018-03-11 18:00:00+00:00,07020,11.119249970448607,"07117,07027,07005",3
2018-03-11 21:00:00+00:00,07020,11.12392295419591,"07117,07027,07005",3
2018-03-12 00:00:00+00:00,07020,10.175948793025402,"07117,07027,07005",3
2018-03-12 03:00:00+00:00,07020,10.015119983886194,"07117,07027,07005",3
2018-03-12 06:00:00+00:00,07020,9.698879645053587,"07117,07027,07005",3
2018-03-13 09:00:00+00:00,07130,9.40626495998067,"07222,07139,07027",3
2018-03-13 12:00:00+00:00,07650,16.71853380807868,"07643,07577,07690",3
2018-03-15 09:00:00+00:00,07643,14.216062532420752,"07650,07747,07577",3
2018-03-16 21:00:00+00:00,07460,6.678986587777683,"07471,07481,07255",3
2018-03-17 21:00:00+00:00,07460,4.7714841189344686,"07471,07481,07255",3
2018-03-17 21:00:00+00:00,07643,8.197632320905928,"07650,07747,07577",3
2018-03-21 12:00:00+00:00,07747,11.162372356876944,"07643,07650,07577",3
2018-03-22 15:00:00+00:00,07460,7.679125024970446,"07471,07481,07255",3
2018-03-22 15:00:00+00:00,07643,11.867556172922603,"07650,07747,07577",3
2018-03-26 12:00:00+00:00,07020,11.50949250099945,"07117,07027,07005",3
2018-03-26 18:00:00+00:00,07460,9.089487587189833,"07471,07481,07255",3
2018-03-26 18:00:00+00:00,07643,12.484882584710148,"07650,07747,07577",3
2018-03-28 09:00:00+00:00,07591,8.888421900286156,"07577,07650,07558",3
2018-03-28 12:00:00+00:00,07591,12.316176302076176,"07577,07650,07558",3
2018-03-28 15:00:00+00:00,07591,12.198796085022376,"07577,07650,07558",3
2018-03-28 18:00:00+00:00,07591,10.781384343982547,"07577,07650,07558",3
2018-03-28 21:00:00+00:00,07460,9.651192259737611,"07471,07481,07255",3
2018-03-28 21:00:00+00:00,07643,13.300863995136432,"07650,07747,07577",3
2018-03-28 21:00:00+00:00,07591,9.257269996073418,"07577,07650,07558",3
2018-03-29 00:00:00+00:00,07591,7.395386174211318,"07577,07650,07558",3
2018-03-29 03:00:00+00:00,07591,6.164766210940526,"07577,07650,07558",3
2018-03-29 06:00:00+00:00,07591,4.987338558069451,"07577,07650,07558",3
2018-03-29 09:00:00+00:00,07460,8.066326181259662,"07471,07481,07255",3
2018-03-29 12:00:00+00:00,07181,9.372207456534031,"07168,07280,07190",3
2018-03-29 15:00:00+00:00,07591,11.845601160890917,"07577,07650,07558",3
2018-03-29 18:00:00+00:00,07591,9.781996816152407,"07577,07650,07558",3
2018-03-29 21:00:00+00:00,07591,5.514950704098837,"07577,07650,07558",3
2018-03-30 00:00:00+00:00,07591,3.192665425696627,"07577,07650,07558",3
2018-03-30 03:00:00+00:00,07591,3.5566001131328218,"07577,07650,07558",3
2018-03-30 06:00:00+00:00,07591,5.356221985797216,"07577,07650,07558",3
2018-03-30 09:00:00+00:00,07591,9.030269094844183,"07577,07650,07558",3
2018-04-02 06:00:00+00:00,07460,5.058946406496091,"07471,07481,07255",3
2018-04-02 06:00:00+00:00,07643,7.79336016104193,"07650,07747,07577",3
2018-04-09 06:00:00+00:00,07460,10.5254770434609,"07471,07481,07255",3
2018-04-09 06:00:00+00:00,07643,11.497202811499923,"07650,07747,07577",3
2018-04-09 18:00:00+00:00,07460,12.888963102469218,"07471,07481,07255",3
2018-04-09 18:00:00+00:00,07643,13.848088900653414,"07650,07747,07577",3
2018-04-09 21:00:00+00:00,07460,11.244234427483816,"07471,07481,07255",3
2018-04-09 21:00:00+00:00,07643,13.588995756700768,"07650,07747,07577",3
2018-04-11 09:00:00+00:00,07020,10.87076838821894,"07117,07027,07005",3
2018-04-13 15:00:00+00:00,07020,11.996924294678685,"07117,07027,07005",3
2018-04-15 06:00:00+00:00,07072,7.302619271346829,"07168,07149,07181",3
2018-04-15 09:00:00+00:00,07005,12.161770455697964,"07037,07015,07027",3
2018-04-15 12:00:00+00:00,07005,14.871630136511419,"07037,07015,07027",3
2018-04-18 06:00:00+00:00,07643,14.281553530246756,"07650,07747,07577",3
2018-04-19 03:00:00+00:00,07790,13.61751658073445,"07761,07690,07650",3
2018-04-20 03:00:00+00:00,07790,13.389694061951165,"07761,07690,07650",3
2018-04-26 21:00:00+00:00,07790,16.797627476781923,"07761,07690,07650",3
2018-04-27 00:00:00+00:00,07460,6.485294934388019,"07471,07481,07255",3
2018-04-27 00:00:00+00:00,07643,11.894926530776974,"07650,07747,07577",3
2018-04-28 06:00:00+00:00,07020,10.27933800165469,"07117,07027,07005",3
2018-05-02 12:00:00+00:00,07190,15.398427663041776,"07299,07280,07181",3
2018-05-03 21:00:00+00:00,07020,9.28458295743757,"07117,07027,07005",3
2018-05-04 00:00:00+00:00,07020,8.713872743030382,"07117,07027,07005",3
2018-05-04 03:00:00+00:00,07020,8.253503657338435,"07117,07027,07005",3
2018-05-04 06:00:00+00:00,07020,9.567071488853912,"07117,07027,07005",3
2018-05-06 00:00:00+00:00,07790,16.593755612142584,"07761,07690,07650",3
2018-05-17 18:00:00+00:00,07460,16.63296980607541,"07471,07481,07255",3
2018-05-17 18:00:00+00:00,07643,18.930238787734492,"07650,07747,07577",3
2018-05-18 06:00:00+00:00,07434,10.656651584910916,"07535,07335,07255",3
2018-05-22 15:00:00+00:00,07020,16.93810574650128,"07117,07027,07005",3
2018-05-23 00:00:00+00:00,07643,14.417510982714433,"07650,07747,07577",3
2018-05-23 12:00:00+00:00,07020,14.89102370574325,"07117,07027,07005",3
2018-05-25 00:00:00+00:00,07643,16.311144008948986,"07650,07747,07577",3
2018-05-27 03:00:00+00:00,07481,15.90334764341286,"07280,07460,07577",3
2018-05-27 06:00:00+00:00,07481,16.775064064667742,"07280,07460,07577",3
2018-05-27 09:00:00+00:00,07607,18.696126176970594,"07510,07621,07630",3
2018-05-27 15:00:00+00:00,07020,19.53153821098806,"07117,07027,07005",3
2018-05-31 00:00:00+00:00,07190,16.582810797136926,"07299,07280,07181",3
2018-06-02 09:00:00+00:00,07020,16.322274639273076,"07117,07027,07005",3
2018-06-09 18:00:00+00:00,07747,24.401226811623417,"07643,07650,07577",3
2018-06-09 21:00:00+00:00,07747,22.36273276487846,"07643,07650,07577",3
2018-06-10 00:00:00+00:00,07747,21.447819870895835,"07643,07650,07577",3
2018-06-10 03:00:00+00:00,07747,18.61333555620635,"07643,07650,07577",3
2018-06-10 06:00:00+00:00,07747,19.68015357468665,"07643,07650,07577",3
2018-06-13 12:00:00+00:00,07335,17.95883899768241,"07240,07255,07222",3
2018-06-16 00:00:00+00:00,07299,14.10203922552917,"07190,07280,07181",3
2018-06-16 03:00:00+00:00,07299,12.618845489097852,"07190,07280,07181",3
2018-06-18 09:00:00+00:00,07110,15.533704504676457,"07130,07117,07027",3
2018-06-18 21:00:00+00:00,07020,14.896973628731468,"07117,07027,07005",3
2018-06-21 09:00:00+00:00,07190,24.990886006366072,"07299,07280,07181",3
2018-06-22 00:00:00+00:00,07643,23.91791685006813,"07650,07747,07577",3
2018-06-22 15:00:00+00:00,07280,19.454475929819157,"07181,07299,07190",3
2018-06-23 12:00:00+00:00,07020,17.5022087214505,"07117,07027,07005",3
2018-06-24 09:00:00+00:00,07020,17.226842832290643,"07117,07027,07005",3
2018-06-25 15:00:00+00:00,07535,27.31488794312831,"07630,07434,07510",3
2018-06-25 18:00:00+00:00,07535,26.574498046447047,"07630,07434,07510",3
2018-06-25 21:00:00+00:00,07535,22.02805893490357,"07630,07434,07510",3
2018-06-26 00:00:00+00:00,07535,19.45290263832961,"07630,07434,07510",3
2018-06-26 03:00:00+00:00,07535,17.01144262038804,"07630,07434,07510",3
2018-06-26 06:00:00+00:00,07535,18.26715484380639,"07630,07434,07510",3
2018-06-26 12:00:00+00:00,07535,28.270032929718713,"07630,07434,07510",3
2018-06-26 15:00:00+00:00,07535,29.95519811086393,"07630,07434,07510",3
2018-06-26 18:00:00+00:00,07535,29.30269788748739,"07630,07434,07510",3
2018-06-26 21:00:00+00:00,07535,24.730760059447917,"07630,07434,07510",3
2018-06-27 00:00:00+00:00,07535,21.738897175094493,"07630,07434,07510",3
2018-06-27 03:00:00+00:00,07535,18.230313848984004,"07630,07434,07510",3
2018-06-27 06:00:00+00:00,07535,19.923408865742147,"07630,07434,07510",3
2018-06-27 09:00:00+00:00,07535,24.73248719890841,"07630,07434,07510",3
2018-06-27 12:00:00+00:00,07535,28.153905531969393,"07630,07434,07510",3
2018-06-27 15:00:00+00:00,07535,29.554040099673074,"07630,07434,07510",3
2018-06-27 18:00:00+00:00,07460,26.374123116642508,"07471,07481,07255",3
2018-06-27 18:00:00+00:00,07535,27.439162111654035,"07630,07434,07510",3
2018-06-27 18:00:00+00:00,07643,27.81976066612321,"07650,07747,07577",3
2018-06-27 21:00:00+00:00,07535,22.793071486260487,"07630,07434,07510",3
2018-06-28 00:00:00+00:00,07535,20.34809653462482,"07630,07434,07510",3
2018-06-28 03:00:00+00:00,07535,18.787662021606693,"07630,07434,07510",3
2018-06-28 06:00:00+00:00,07535,19.38741033344469,"07630,07434,07510",3
2018-06-28 09:00:00+00:00,07460,23.524027341790816,"07471,07481,07255",3
2018-06-28 18:00:00+00:00,07020,18.131938549592913,"07117,07027,07005",3
2018-06-29 15:00:00+00:00,07020,19.580195179015874,"07117,07027,07005",3
2018-07-02 12:00:00+00:00,07240,25.205295129248764,"07335,07255,07139",3
2018-07-03 06:00:00+00:00,07460,19.191367090048075,"07471,07481,07255",3
2018-07-03 06:00:00+00:00,07643,24.3817277633564,"07650,07747,07577",3
2018-07-04 09:00:00+00:00,07020,18.821680426710977,"07117,07027,07005",3
2018-07-04 12:00:00+00:00,07020,20.824556592517013,"07117,07027,07005",3
2018-07-05 18:00:00+00:00,07460,20.91402064672455,"07471,07481,07255",3
2018-07-05 18:00:00+00:00,07643,27.946473380885397,"07650,07747,07577",3
2018-07-06 12:00:00+00:00,07020,19.287782663977353,"07117,07027,07005",3
2018-07-07 12:00:00+00:00,07020,19.744875935490583,"07117,07027,07005",3
2018-07-07 15:00:00+00:00,07020,20.236108508004385,"07117,07027,07005",3
2018-07-11 12:00:00+00:00,07020,18.33892417640791,"07117,07027,07005",3
2018-07-11 15:00:00+00:00,07020,18.67164524647781,"07117,07027,07005",3
2018-07-11 18:00:00+00:00,07020,17.6282837260757,"07117,07027,07005",3
2018-07-12 09:00:00+00:00,07027,18.21544627805569,"07037,07139,07005",3
2018-07-12 12:00:00+00:00,07027,20.000865598538766,"07037,07139,07005",3
2018-07-12 15:00:00+00:00,07020,19.365152091702647,"07117,07027,07005",3
2018-07-13 00:00:00+00:00,07460,,,0
2018-07-13 00:00:00+00:00,07471,,,0
2018-07-13 00:00:00+00:00,07481,,,0
2018-07-13 00:00:00+00:00,07577,,,0
2018-07-13 00:00:00+00:00,07280,,,0
2018-07-13 00:00:00+00:00,07110,,,0
2018-07-13 00:00:00+00:00,07117,,,0
2018-07-13 00:00:00+00:00,07130,,,0
2018-07-13 00:00:00+00:00,07240,,,0
2018-07-13 00:00:00+00:00,07255,,,0
2018-07-13 00:00:00+00:00,07761,,,0
2018-07-13 00:00:00+00:00,07790,,,0
2018-07-13 00:00:00+00:00,07072,,,0
2018-07-13 00:00:00+00:00,07168,,,0
2018-07-13 00:00:00+00:00,07181,,,0
2018-07-13 00:00:00+00:00,07190,,,0
2018-07-13 00:00:00+00:00,07299,,,0
2018-07-13 00:00:00+00:00,07005,,,0
2018-07-13 00:00:00+00:00,07015,,,0
2018-07-13 00:00:00+00:00,07020,,,0
2018-07-13 00:00:00+00:00,07027,,,0
2018-07-13 00:00:00+00:00,07037,,,0
2018-07-13 00:00:00+00:00,07139,,,0
2018-07-13 00:00:00+00:00,07314,,,0
2018-07-13 00:00:00+00:00,07335,,,0
2018-07-13 00:00:00+00:00,07434,,,0
2018-07-13 00:00:00+00:00,07510,,,0
2018-07-13 00:00:00+00:00,07607,,,0
2018-07-13 00:00:00+00:00,07535,,,0
2018-07-13 00:00:00+00:00,07558,,,0
2018-07-13 00:00:00+00:00,07621,,,0
2018-07-13 00:00:00+00:00,07627,,,0
2018-07-13 00:00:00+00:00,07630,,,0
2018-07-13 00:00:00+00:00,07643,,,0
2018-07-13 00:00:00+00:00,07747,,,0
2018-07-13 00:00:00+00:00,07222,,,0
2018-07-13 00:00:00+00:00,07591,,,0
2018-07-13 00:00:00+00:00,07650,,,0
2018-07-13 00:00:00+00:00,07690,,,0
2018-07-13 00:00:00+00:00,07149,,,0
2018-07-13 03:00:00+00:00,07460,,,0
2018-07-13 03:00:00+00:00,07471,,,0
2018-07-13 03:00:00+00:00,07481,,,0
2018-07-13 03:00:00+00:00,07577,,,0
2018-07-13 03:00:00+00:00,07280,,,0
2018-07-13 03:00:00+00:00,07110,,,0
2018-07-13 03:00:00+00:00,07117,,,0
2018-07-13 03:00:00+00:00,07130,,,0
2018-07-13 03:00:00+00:00,07240,,,0
2018-07-13 03:00:00+00:00,07255,,,0
2018-07-13 03:00:00+00:00,07761,,,0
2018-07-13 03:00:00+00:00,07790,,,0
2018-07-13 03:00:00+00:00,07072,,,0
2018-07-13 03:00:00+00:00,07168,,,0
2018-07-13 03:00:00+00:00,07181,,,0
2018-07-13 03:00:00+00:00,07190,,,0
2018-07-13 03:00:00+00:00,07299,,,0
2018-07-13 03:00:00+00:00,07005,,,0
2018-07-13 03:00:00+00:00,07015,,,0
2018-07-13 03:00:00+00:00,07020,,,0
2018-07-13 03:00:00+00:00,07027,,,0
2018-07-13 03:00:00+00:00,07037,,,0
2018-07-13 03:00:00+00:00,07139,,,0
2018-07-13 03:00:00+00:00,07314,,,0
2018-07-13 03:00:00+00:00,07335,,,0
2018-07-13 03:00:00+00:00,07434,,,0
2018-07-13 03:00:00+00:00,07510,,,0
2018-07-13 03:00:00+00:00,07607,,,0
2018-07-13 03:00:00+00:00,07535,,,0
2018-07-13 03:00:00+00:00,07558,,,0
2018-07-13 03:00:00+00:00,07621,,,0
2018-07-13 03:00:00+00:00,07627,,,0
2018-07-13 03:00:00+00:00,07630,,,0
2018-07-13 03:00:00+00:00,07643,,,0
2018-07-13 03:00:00+00:00,07747,,,0
2018-07-13 03:00:00+00:00,07222,,,0
2018-07-13 03:00:00+00:00,07591,,,0
2018-07-13 03:00:00+00:00,07650,,,0
2018-07-13 03:00:00+00:00,07690,,,0
2018-07-13 03:00:00+00:00,07149,,,0
2018-07-13 06:00:00+00:00,07460,,,0
2018-07-13 06:00:00+00:00,07471,,,0
2018-07-13 06:00:00+00:00,07481,,,0
2018-07-13 06:00:00+00:00,07577,,,0
2018-07-13 06:00:00+00:00,07280,,,0
2018-07-13 06:00:00+00:00,07110,,,0
2018-07-13 06:00:00+00:00,07117,,,0
2018-07-13 06:00:00+00:00,07130,,,0
2018-07-13 06:00:00+00:00,07240,,,0
2018-07-13 06:00:00+00:00,07255,,,0
2018-07-13 06:00:00+00:00,07761,,,0
2018-07-13 06:00:00+00:00,07790,,,0
2018-07-13 06:00:00+00:00,07072,,,0
2018-07-13 06:00:00+00:00,07168,,,0
2018-07-13 06:00:00+00:00,07181,,,0
2018-07-13 06:00:00+00:00,07190,,,0
2018-07-13 06:00:00+00:00,07299,,,0
2018-07-13 06:00:00+00:00,07005,,,0
2018-07-13 06:00:00+00:00,07015,,,0
2018-07-13 06:00:00+00:00,07020,,,0
2018-07-13 06:00:00+00:00,07027,,,0
2018-07-13 06:00:00+00:00,07037,,,0
2018-07-13 06:00:00+00:00,07139,,,0
2018-07-13 06:00:00+00:00,07314,,,0
2018-07-13 06:00:00+00:00,07335,,,0
2018-07-13 06:00:00+00:00,07434,,,0
2018-07-13 06:00:00+00:00,07510,,,0
2018-07-13 06:00:00+00:00,07607,,,0
2018-07-13 06:00:00+00:00,07535,,,0
2018-07-13 06:00:00+00:00,07558,,,0
2018-07-13 06:00:00+00:00,07621,,,0
2018-07-13 06:00:00+00:00,07627,,,0
2018-07-13 06:00:00+00:00,07630,,,0
2018-07-13 06:00:00+00:00,07643,,,0
2018-07-13 06:00:00+00:00,07747,,,0
2018-07-13 06:00:00+00:00,07222,,,0
2018-07-13 06:00:00+00:00,07591,,,0
2018-07-13 06:00:00+00:00,07650,,,0
2018-07-13 06:00:00+00:00,07690,,,0
2018-07-13 06:00:00+00:00,07149,,,0
2018-07-13 15:00:00+00:00,07020,19.324590954529697,"07117,07027,07005",3
2018-07-14 09:00:00+00:00,07020,18.915887387787706,"07117,07027,07005",3
2018-07-14 12:00:00+00:00,07020,20.275099193809325,"07117,07027,07005",3
2018-07-15 12:00:00+00:00,07020,20.182732506986,"07117,07027,07005",3
2018-07-16 15:00:00+00:00,07460,26.109501647328145,"07471,07481,07255",3
2018-07-16 15:00:00+00:00,07643,24.837101077543924,"07650,07747,07577",3
2018-07-17 15:00:00+00:00,07020,20.111112241190277,"07117,07027,07005",3
2018-07-17 18:00:00+00:00,07027,20.919330391112982,"07037,07139,07005",3
2018-07-17 21:00:00+00:00,07027,16.33792617348856,"07037,07139,07005",3
2018-07-18 00:00:00+00:00,07027,15.188370467636584,"07037,07139,07005",3
2018-07-18 18:00:00+00:00,07027,23.621480507539836,"07037,07139,07005",3
2018-07-18 21:00:00+00:00,07027,18.25128861941535,"07037,07139,07005",3
2018-07-19 00:00:00+00:00,07460,19.114862465787223,"07471,07481,07255",3
2018-07-19 00:00:00+00:00,07027,15.808203333877666,"07037,07139,07005",3
2018-07-19 00:00:00+00:00,07643,22.30896379217044,"07650,07747,07577",3
2018-07-19 09:00:00+00:00,07460,26.539712829140488,"07471,07481,07255",3
2018-07-19 09:00:00+00:00,07020,19.396329452352028,"07117,07005",2
2018-07-19 09:00:00+00:00,07027,22.837862174495353,"07037,07139,07005",3
2018-07-19 09:00:00+00:00,07643,28.80567611814876,"07650,07747,07577",3
2018-07-19 12:00:00+00:00,07027,25.982144460516338,"07037,07139,07005",3
2018-07-19 15:00:00+00:00,07027,24.66358147922926,"07037,07139,07005",3
2018-07-19 15:00:00+00:00,07335,27.054835238511714,"07240,07255,07222",3
2018-07-19 18:00:00+00:00,07027,21.912023782987962,"07037,07139,07005",3
2018-07-19 18:00:00+00:00,07630,29.866568838803232,"07535,07558,07607",3
2018-07-19 21:00:00+00:00,07027,19.552673789153843,"07037,07139,07005",3
2018-07-20 03:00:00+00:00,07027,17.38251023003643,"07037,07139,07005",3
2018-07-20 06:00:00+00:00,07027,16.547562483914376,"07037,07139,07005",3
2018-07-20 09:00:00+00:00,07027,17.4763263139192,"07037,07139,07005",3
2018-07-20 18:00:00+00:00,07027,19.06293808247502,"07037,07139,07005",3
2018-07-20 21:00:00+00:00,07027,16.26872457562766,"07037,07139,07005",3
2018-07-21 00:00:00+00:00,07027,14.959327524216588,"07037,07139,07005",3
2018-07-21 03:00:00+00:00,07027,13.548663758845436,"07037,07139,07005",3
2018-07-21 06:00:00+00:00,07027,14.483634305884477,"07037,07139,07005",3
2018-07-21 09:00:00+00:00,07027,17.58765400131815,"07037,07139,07005",3
2018-07-22 18:00:00+00:00,07020,19.830372562198967,"07117,07027,07005",3
2018-07-23 00:00:00+00:00,07607,17.51625966978169,"07510,07621,07630",3
2018-07-23 18:00:00+00:00,07460,27.952715220364773,"07471,07481,07255",3
2018-07-23 18:00:00+00:00,07643,29.806543539988006,"07650,07747,07577",3
2018-07-24 03:00:00+00:00,07607,18.308652494691533,"07510,07621,07630",3
2018-07-24 12:00:00+00:00,07020,22.010611319853183,"07117,07027,07005",3
2018-07-24 18:00:00+00:00,07020,19.839903932979126,"07117,07027,07005",3
2018-07-24 21:00:00+00:00,07020,17.001665992169944,"07117,07027,07005",3
2018-07-25 00:00:00+00:00,07020,16.093385882517317,"07117,07027,07005",3
2018-07-25 03:00:00+00:00,07020,15.607702941263184,"07117,07027,07005",3
2018-07-25 06:00:00+00:00,07020,16.52997319365837,"07117,07027,07005",3
2018-07-25 09:00:00+00:00,07471,23.555459144037915,"07460,07481,07558",3
2018-07-25 09:00:00+00:00,07020,19.70902103316392,"07117,07027,07005",3
2018-07-25 09:00:00+00:00,07607,24.895590108928648,"07510,07621,07630",3
2018-07-25 12:00:00+00:00,07020,20.83099055017555,"07117,07027,07005",3
2018-07-25 12:00:00+00:00,07607,29.651437738404212,"07510,07621,07630",3
2018-07-25 15:00:00+00:00,07460,31.61381973524444,"07471,07481,07255",3
2018-07-25 15:00:00+00:00,07020,21.338571502112735,"07117,07027,07005",3
2018-07-25 15:00:00+00:00,07643,34.89949644479119,"07650,07747,07577",3
2018-07-26 12:00:00+00:00,07020,22.594179887720152,"07117,07027,07005",3
2018-07-26 18:00:00+00:00,07005,31.384453044798494,"07037,07015,07027",3
2018-07-26 21:00:00+00:00,07005,24.25186250861726,"07037,07015,07027",3
2018-07-27 00:00:00+00:00,07005,21.592975649525204,"07037,07015,07027",3
2018-07-27 03:00:00+00:00,07005,19.124156619264173,"07037,07015,07027",3
2018-07-28 03:00:00+00:00,07460,21.052132400488553,"07471,07481,07255",3
2018-07-28 03:00:00+00:00,07643,23.583525297718218,"07650,07747,07577",3
2018-07-28 12:00:00+00:00,07020,18.56707819932253,"07117,07027,07005",3
2018-07-29 06:00:00+00:00,07181,18.08737664901296,"07168,07280,07190",3
2018-07-29 12:00:00+00:00,07181,27.854577444461686,"07168,07280,07190",3
2018-07-30 00:00:00+00:00,07460,21.414865761636843,"07471,07481,07255",3
2018-07-30 00:00:00+00:00,07280,18.424804637303083,"07299,07190",2
2018-07-30 00:00:00+00:00,07181,18.81939113127887,"07168,07190",2
2018-07-30 00:00:00+00:00,07027,19.44143708850309,"07037,07139,07005",3
2018-07-30 00:00:00+00:00,07314,18.800727377246076,"07222,07240,07335",3
2018-07-30 00:00:00+00:00,07643,24.409559677563767,"07650,07747,07577",3
2018-07-31 12:00:00+00:00,07020,19.246594901804812,"07117,07027,07005",3
2018-07-31 12:00:00+00:00,07607,27.418081281237416,"07510,07621,07630",3
2018-07-31 18:00:00+00:00,07020,18.344042824468914,"07117,07027,07005",3
2018-07-31 21:00:00+00:00,07460,24.728744413184124,"07471,07481,07255",3
2018-07-31 21:00:00+00:00,07607,23.373755172839097,"07510,07621,07630",3
2018-07-31 21:00:00+00:00,07643,27.834525260499824,"07650,07747,07577",3
2018-08-01 03:00:00+00:00,07460,21.23904365306688,"07471,07481,07255",3
2018-08-01 03:00:00+00:00,07643,25.202247734336858,"07650,07747,07577",3
2018-08-01 06:00:00+00:00,07460,20.918562590242,"07471,07481,07255",3
2018-08-01 06:00:00+00:00,07607,19.691253750771843,"07510,07621,07630",3
2018-08-01 06:00:00+00:00,07643,26.017387936284454,"07650,07747,07577",3
2018-08-01 09:00:00+00:00,07020,19.052758580947838,"07117,07027,07005",3
2018-08-02 06:00:00+00:00,07607,20.67356693050015,"07510,07621,07630",3
2018-08-02 09:00:00+00:00,07020,19.143513886417622,"07117,07027,07005",3
2018-08-02 12:00:00+00:00,07020,19.923143983350457,"07117,07027,07005",3
2018-08-02 12:00:00+00:00,07607,31.8362035529713,"07510,07621,07630",3
2018-08-02 18:00:00+00:00,07020,18.914276006434207,"07117,07027,07005",3
2018-08-03 09:00:00+00:00,07020,20.499271477203415,"07117,07027,07005",3
2018-08-04 12:00:00+00:00,07020,19.840178875122298,"07117,07027,07005",3
2018-08-04 18:00:00+00:00,07020,19.908802157751424,"07117,07027,07005",3
2018-08-05 09:00:00+00:00,07020,16.892905553338082,"07117,07027,07005",3
2018-08-05 15:00:00+00:00,07020,21.17664671441858,"07117,07027,07005",3
2018-08-06 15:00:00+00:00,07020,21.61857200466325,"07117,07027,07005",3
2018-08-07 06:00:00+00:00,07460,22.15347190113762,"07471,07481,07255",3
2018-08-07 06:00:00+00:00,07643,24.821802978923927,"07650,07747,07577",3
2018-08-09 09:00:00+00:00,07577,21.801977389520975,"07481,07650,07280",3
2018-08-09 12:00:00+00:00,07577,22.834954559224972,"07481,07650,07280",3
2018-08-09 15:00:00+00:00,07577,21.677880455642793,"07481,07650,07280",3
2018-08-09 18:00:00+00:00,07577,21.82930995160757,"07481,07650,07280",3
2018-08-09 21:00:00+00:00,07577,20.3188368159822,"07481,07650,07280",3
2018-08-10 00:00:00+00:00,07577,19.202133686521584,"07481,07650,07280",3
2018-08-10 03:00:00+00:00,07577,17.456496272462815,"07481,07650,07280",3
2018-08-10 06:00:00+00:00,07577,18.265232290414186,"07481,07650,07280",3
2018-08-15 09:00:00+00:00,07020,17.296131110276036,"07117,07027,07005",3
2018-08-16 00:00:00+00:00,07460,17.258892311892073,"07471,07481,07255",3
2018-08-16 00:00:00+00:00,07643,22.122928868043424,"07650,07747,07577",3
2018-08-22 06:00:00+00:00,07460,19.260410682443442,"07471,07481,07255",3
2018-08-22 06:00:00+00:00,07643,22.36283918586349,"07650,07747,07577",3
2018-08-28 21:00:00+00:00,07535,23.47180108298928,"07630,07434,07510",3
2018-08-30 12:00:00+00:00,07643,24.627306342159216,"07650,07747,07577",3
2018-09-01 15:00:00+00:00,07020,19.650218190842445,"07117,07027,07005",3
2018-09-01 18:00:00+00:00,07460,20.000236393518925,"07471,07481,07255",3
2018-09-01 18:00:00+00:00,07643,24.379227704902796,"07650,07747,07577",3
2018-09-03 12:00:00+00:00,07020,19.278987910009114,"07117,07027,07005",3
2018-09-04 12:00:00+00:00,07460,24.420916354215237,"07471,07481,07255",3
2018-09-04 12:00:00+00:00,07643,27.495883639545553,"07650,07747,07577",3
2018-09-05 09:00:00+00:00,07460,22.088009927320755,"07471,07481,07255",3
2018-09-05 09:00:00+00:00,07643,23.804291213976672,"07650,07747,07577",3
2018-09-05 15:00:00+00:00,07020,17.330012709877305,"07117,07027,07005",3
2018-09-05 15:00:00+00:00,07630,26.144992982251146,"07535,07558,07607",3
2018-09-06 12:00:00+00:00,07020,17.500149116154475,"07117,07027,07005",3
2018-09-07 12:00:00+00:00,07460,20.86898491697884,"07471,07481,07255",3
2018-09-07 12:00:00+00:00,07643,26.156086104802206,"07650,07747,07577",3
2018-09-09 15:00:00+00:00,07020,20.29922052973049,"07117,07027,07005",3
2018-09-11 00:00:00+00:00,07460,16.768356689197308,"07471,07481,07255",3
2018-09-11 00:00:00+00:00,07643,21.743488583009288,"07650,07747,07577",3
2018-09-11 15:00:00+00:00,07020,21.79092405729198,"07117,07027,07005",3
2018-09-12 15:00:00+00:00,07460,26.463975789454707,"07471,07481,07255",3
2018-09-13 03:00:00+00:00,07643,20.04214062703575,"07650,07747,07577",3
2018-09-15 12:00:00+00:00,07020,18.08502275510361,"07117,07027,07005",3
2018-09-15 15:00:00+00:00,07020,18.142989879898245,"07117,07027,07005",3
2018-09-16 12:00:00+00:00,07643,25.960478979894418,"07650,07747,07577",3
2018-09-17 06:00:00+00:00,07643,18.87361342204275,"07650,07747,07577",3
2018-09-17 09:00:00+00:00,07020,18.087554273583837,"07117,07027,07005",3
2018-09-17 12:00:00+00:00,07020,23.501124887402483,"07117,07027,07005",3
2018-09-17 15:00:00+00:00,07020,24.36240990222361,"07117,07027,07005",3
2018-09-20 12:00:00+00:00,07434,25.428261261748766,"07535,07335,07255",3
2018-09-21 21:00:00+00:00,07460,13.303713280030069,"07471,07481,07255",3
2018-09-21 21:00:00+00:00,07643,24.008215609186962,"07650,07747,07577",3
2018-09-22 15:00:00+00:00,07460,23.21553527524945,"07471,07481,07255",3
2018-09-22 15:00:00+00:00,07643,28.356605685700096,"07650,07747,07577",3
2018-09-22 21:00:00+00:00,07460,17.863254043700042,"07471,07481,07255",3
2018-09-22 21:00:00+00:00,07643,23.48768801619729,"07650,07747,07577",3
2018-09-24 00:00:00+00:00,07460,13.168948467182135,"07471,07481,07255",3
2018-09-24 00:00:00+00:00,07643,23.46125998333435,"07650,07747,07577",3
2018-09-24 09:00:00+00:00,07020,13.558443624510256,"07117,07027,07005",3
2018-09-24 12:00:00+00:00,07020,15.67860516023095,"07117,07027,07005",3
2018-09-24 15:00:00+00:00,07020,15.052030915939552,"07117,07027,07005",3
2018-09-24 18:00:00+00:00,07020,13.022311373188847,"07117,07027,07005",3
2018-09-24 21:00:00+00:00,07020,12.635291605345012,"07117,07027,07005",3
2018-09-25 00:00:00+00:00,07020,11.499777609904491,"07117,07027,07005",3
2018-09-25 03:00:00+00:00,07020,10.204791044907857,"07117,07027,07005",3
2018-09-25 06:00:00+00:00,07020,9.29253175536357,"07117,07027,07005",3
2018-09-26 09:00:00+00:00,07460,15.393642141372288,"07471,07481,07255",3
2018-09-26 09:00:00+00:00,07643,21.40627005568497,"07650,07747,07577",3
2018-09-27 12:00:00+00:00,07020,18.977609918831803,"07117,07027,07005",3
2018-09-27 18:00:00+00:00,07471,17.704957574933932,"07460,07481,07558",3
2018-09-27 18:00:00+00:00,07607,23.702159728651267,"07510,07621,07630",3
2018-09-27 21:00:00+00:00,07460,17.26872925755613,"07481,07255",2
2018-09-27 21:00:00+00:00,07471,14.660900035684374,"07481,07558",2
2018-09-27 21:00:00+00:00,07607,18.558870893014642,"07510,07621,07630",3
2018-09-27 21:00:00+00:00,07643,16.61183369963774,"07650,07747,07577",3
2018-09-28 00:00:00+00:00,07471,11.181520432235752,"07460,07481,07558",3
2018-09-28 00:00:00+00:00,07607,16.01220119697208,"07510,07621,07630",3
2018-09-28 03:00:00+00:00,07471,10.454616791688379,"07460,07481,07558",3
2018-09-28 03:00:00+00:00,07607,14.931486093021233,"07510,07621,07630",3
2018-09-28 06:00:00+00:00,07607,13.943225774787617,"07510,07621,07630",3
2018-09-28 15:00:00+00:00,07460,25.460699775191415,"07471,07481,07255",3
2018-09-28 15:00:00+00:00,07643,29.845500487186786,"07650,07747,07577",3
2018-09-28 21:00:00+00:00,07471,15.34590092558904,"07460,07481,07558",3
2018-09-29 12:00:00+00:00,07471,14.257610919804273,"07460,07481,07558",3
2018-10-01 12:00:00+00:00,07471,9.044213337819556,"07460,07481,07558",3
2018-10-01 15:00:00+00:00,07471,10.171182643110958,"07460,07481,07558",3
2018-10-03 09:00:00+00:00,07020,14.741737940466288,"07117,07027,07005",3
2018-10-03 18:00:00+00:00,07471,11.945409989706476,"07460,07481,07558",3
2018-10-04 00:00:00+00:00,07747,17.814092335447228,"07643,07650,07577",3
2018-10-04 21:00:00+00:00,07471,10.86338095935002,"07460,07481,07558",3
2018-10-05 00:00:00+00:00,07471,10.297543829384638,"07460,07481,07558",3
2018-10-05 03:00:00+00:00,07471,8.56767959249981,"07460,07481,07558",3
2018-10-05 06:00:00+00:00,07471,8.379088869362848,"07460,07481,07558",3
2018-10-08 12:00:00+00:00,07460,16.248053600644454,"07471,07481,07255",3
2018-10-08 12:00:00+00:00,07643,20.490090768838236,"07650,07747,07577",3
2018-10-09 09:00:00+00:00,07471,12.836270637219952,"07460,07481,07558",3
2018-10-10 12:00:00+00:00,07460,19.273116213471702,"07471,07481,07255",3
2018-10-10 12:00:00+00:00,07643,18.229902303214757,"07650,07747,07577",3
2018-10-11 09:00:00+00:00,07460,19.97420473853046,"07471,07481,07255",3
2018-10-11 09:00:00+00:00,07643,20.308440553147783,"07650,07747,07577",3
2018-10-11 12:00:00+00:00,07020,17.119659847055246,"07117,07027,07005",3
2018-10-12 00:00:00+00:00,07460,17.569126999545436,"07471,07481,07255",3
2018-10-12 00:00:00+00:00,07643,18.179488505252245,"07650,07747,07577",3
2018-10-14 00:00:00+00:00,07460,16.41115164282078,"07471,07481,07255",3
2018-10-14 00:00:00+00:00,07643,18.047035581616928,"07650,07747,07577",3
2018-10-16 21:00:00+00:00,07460,16.354410732400613,"07471,07481,07255",3
2018-10-16 21:00:00+00:00,07643,16.998240109234803,"07650,07747,07577",3
2018-10-18 18:00:00+00:00,07460,16.575529729235704,"07471,07481,07255",3
2018-10-18 18:00:00+00:00,07643,19.519714073029178,"07650,07747,07577",3
2018-10-23 12:00:00+00:00,07460,15.395550289492759,"07471,07481,07255",3
2018-10-23 12:00:00+00:00,07643,19.950567725153093,"07650,07747,07577",3
2018-10-24 12:00:00+00:00,07460,15.381884433525519,"07471,07481,07255",3
2018-10-24 12:00:00+00:00,07643,21.81529677360812,"07650,07747,07577",3
2018-10-26 09:00:00+00:00,07020,12.885264338600502,"07117,07027,07005",3
2018-10-26 12:00:00+00:00,07020,12.44006579380601,"07117,07027,07005",3
2018-10-26 15:00:00+00:00,07020,11.826734836929832,"07117,07027,07005",3
2018-10-26 18:00:00+00:00,07020,10.02879681412896,"07117,07027,07005",3
2018-10-26 21:00:00+00:00,07020,10.021185017944383,"07117,07027,07005",3
2018-10-27 00:00:00+00:00,07020,9.625120473619601,"07117,07027,07005",3
2018-10-27 03:00:00+00:00,07020,9.179743527767986,"07117,07027,07005",3
2018-10-27 06:00:00+00:00,07020,9.707177566207193,"07117,07027,07005",3
2018-10-27 09:00:00+00:00,07020,8.789110944004,"07117,07027,07005",3
2018-10-27 12:00:00+00:00,07020,8.382211840787638,"07117,07027,07005",3
2018-10-27 15:00:00+00:00,07020,9.445719959818872,"07117,07027,07005",3
2018-10-27 18:00:00+00:00,07020,7.646512676663619,"07117,07027,07005",3
2018-10-27 21:00:00+00:00,07020,8.781279816776845,"07117,07027,07005",3
2018-10-28 00:00:00+00:00,07020,6.796243181420024,"07117,07027,07005",3
2018-10-28 03:00:00+00:00,07020,8.844623291031725,"07117,07027,07005",3
2018-10-28 06:00:00+00:00,07020,9.366762839981703,"07117,07027,07005",3
2018-10-28 09:00:00+00:00,07460,,,0
2018-10-28 09:00:00+00:00,07471,,,0
2018-10-28 09:00:00+00:00,07481,,,0
2018-10-28 09:00:00+00:00,07577,,,0
2018-10-28 09:00:00+00:00,07280,,,0
2018-10-28 09:00:00+00:00,07110,,,0
2018-10-28 09:00:00+00:00,07117,,,0
2018-10-28 09:00:00+00:00,07130,,,0
2018-10-28 09:00:00+00:00,07240,,,0
2018-10-28 09:00:00+00:00,07255,,,0
2018-10-28 09:00:00+00:00,07761,,,0
2018-10-28 09:00:00+00:00,07790,,,0
2018-10-28 09:00:00+00:00,07072,,,0
2018-10-28 09:00:00+00:00,07168,,,0
2018-10-28 09:00:00+00:00,07181,,,0
2018-10-28 09:00:00+00:00,07190,,,0
2018-10-28 09:00:00+00:00,07299,,,0
2018-10-28 09:00:00+00:00,07005,,,0
2018-10-28 09:00:00+00:00,07015,,,0
2018-10-28 09:00:00+00:00,07020,,,0
2018-10-28 09:00:00+00:00,07027,,,0
2018-10-28 09:00:00+00:00,07037,,,0
2018-10-28 09:00:00+00:00,07139,,,0
2018-10-28 09:00:00+00:00,07314,,,0
2018-10-28 09:00:00+00:00,07335,,,0
2018-10-28 09:00:00+00:00,07434,,,0
2018-10-28 09:00:00+00:00,07510,,,0
2018-10-28 09:00:00+00:00,07607,,,0
2018-10-28 09:00:00+00:00,07535,,,0
2018-10-28 09:00:00+00:00,07558,,,0
2018-10-28 09:00:00+00:00,07621,,,0
2018-10-28 09:00:00+00:00,07627,,,0
2018-10-28 09:00:00+00:00,07630,,,0
2018-10-28 09:00:00+00:00,07643,,,0
2018-10-28 09:00:00+00:00,07747,,,0
2018-10-28 09:00:00+00:00,07222,,,0
2018-10-28 09:00:00+00:00,07591,,,0
2018-10-28 09:00:00+00:00,07650,,,0
2018-10-28 09:00:00+00:00,07690,,,0
2018-10-28 09:00:00+00:00,07149,,,0
2018-10-28 12:00:00+00:00,07460,,,0
2018-10-28 12:00:00+00:00,07471,,,0
2018-10-28 12:00:00+00:00,07481,,,0
2018-10-28 12:00:00+00:00,07577,,,0
2018-10-28 12:00:00+00:00,07280,,,0
2018-10-28 12:00:00+00:00,07110,,,0
2018-10-28 12:00:00+00:00,07117,,,0
2018-10-28 12:00:00+00:00,07130,,,0
2018-10-28 12:00:00+00:00,07240,,,0
2018-10-28 12:00:00+00:00,07255,,,0
2018-10-28 12:00:00+00:00,07761,,,0
2018-10-28 12:00:00+00:00,07790,,,0
2018-10-28 12:00:00+00:00,07072,,,0
2018-10-28 12:00:00+00:00,07168,,,0
2018-10-28 12:00:00+00:00,07181,,,0
2018-10-28 12:00:00+00:00,07190,,,0
2018-10-28 12:00:00+00:00,07299,,,0
2018-10-28 12:00:00+00:00,07005,,,0
2018-10-28 12:00:00+00:00,07015,,,0
2018-10-28 12:00:00+00:00,07020,,,0
2018-10-28 12:00:00+00:00,07027,,,0
2018-10-28 12:00:00+00:00,07037,,,0
2018-10-28 12:00:00+00:00,07139,,,0
2018-10-28 12:00:00+00:00,07314,,,0
2018-10-28 12:00:00+00:00,07335,,,0
2018-10-28 12:00:00+00:00,07434,,,0
2018-10-28 12:00:00+00:00,07510,,,0
2018-10-28 12:00:00+00:00,07607,,,0
2018-10-28 12:00:00+00:00,07535,,,0
2018-10-28 12:00:00+00:00,07558,,,0
2018-10-28 12:00:00+00:00,07621,,,0
2018-10-28 12:00:00+00:00,07627,,,0
2018-10-28 12:00:00+00:00,07630,,,0
2018-10-28 12:00:00+00:00,07643,,,0
2018-10-28 12:00:00+00:00,07747,,,0
2018-10-28 12:00:00+00:00,07222,,,0
2018-10-28 12:00:00+00:00,07591,,,0
2018-10-28 12:00:00+00:00,07650,,,0
2018-10-28 12:00:00+00:00,07690,,,0
2018-10-28 12:00:00+00:00,07149,,,0
2018-10-28 15:00:00+00:00,07020,10.616638074014693,"07117,07027,07005",3
2018-10-28 18:00:00+00:00,07020,10.189707483239179,"07117,07027,07005",3
2018-10-28 21:00:00+00:00,07577,7.077655979930606,"07481,07650,07280",3
2018-10-28 21:00:00+00:00,07020,8.989363981775657,"07117,07027,07005",3
2018-10-29 00:00:00+00:00,07577,6.589074067944251,"07481,07650,07280",3
2018-10-29 00:00:00+00:00,07020,9.367413154222994,"07117,07027,07005",3
2018-10-29 03:00:00+00:00,07577,7.0275124673400144,"07481,07650,07280",3
2018-10-29 03:00:00+00:00,07020,8.84007309724099,"07117,07027,07005",3
2018-10-29 06:00:00+00:00,07020,8.448599676692464,"07117,07027,07005",3
2018-10-29 09:00:00+00:00,07020,9.444966102263088,"07117,07027,07005",3
2018-10-29 12:00:00+00:00,07020,8.087778090809712,"07117,07027,07005",3
2018-10-29 12:00:00+00:00,07335,4.668014244691829,"07240,07255,07222",3
2018-10-29 15:00:00+00:00,07020,8.962482234474328,"07117,07027,07005",3
2018-10-29 18:00:00+00:00,07020,7.270253286626905,"07117,07027,07005",3
2018-10-29 18:00:00+00:00,07149,4.533789059862968,"07240,07037,07139",3
2018-10-29 21:00:00+00:00,07020,9.30748552484724,"07117,07027,07005",3
2018-10-30 00:00:00+00:00,07020,9.292141702150424,"07117,07027,07005",3
2018-10-30 03:00:00+00:00,07020,8.73774149681,"07117,07027,07005",3
2018-10-30 06:00:00+00:00,07020,7.777359765751037,"07117,07027,07005",3
2018-10-30 09:00:00+00:00,07020,10.093060425510561,"07117,07027,07005",3
2018-10-30 12:00:00+00:00,07020,11.451783077604086,"07117,07027,07005",3
2018-10-30 15:00:00+00:00,07020,11.843432339580874,"07117,07027,07005",3
2018-10-30 18:00:00+00:00,07020,9.114311639717668,"07117,07027,07005",3
2018-10-30 21:00:00+00:00,07020,8.363189352554722,"07117,07027,07005",3
2018-10-31 00:00:00+00:00,07020,7.592524731760647,"07117,07027,07005",3
2018-10-31 03:00:00+00:00,07020,7.158471498728658,"07117,07027,07005",3
2018-10-31 06:00:00+00:00,07020,7.381899486424281,"07117,07027,07005",3
2018-10-31 09:00:00+00:00,07020,9.311156511496776,"07117,07027,07005",3
2018-10-31 12:00:00+00:00,07460,11.052191675578927,"07471,07481,07255",3
2018-10-31 12:00:00+00:00,07020,13.512096284291182,"07117,07027,07005",3
2018-10-31 12:00:00+00:00,07643,15.134741877721064,"07650,07747,07577",3
2018-10-31 15:00:00+00:00,07020,14.28599578927842,"07117,07027,07005",3
2018-10-31 18:00:00+00:00,07020,11.476133306425192,"07117,07027,07005",3
2018-10-31 21:00:00+00:00,07020,10.914783740627643,"07117,07027,07005",3
2018-11-01 00:00:00+00:00,07460,9.527485988316888,"07471,07481,07255",3
2018-11-01 00:00:00+00:00,07020,11.099570165745977,"07117,07027,07005",3
2018-11-01 00:00:00+00:00,07643,12.722427483908808,"07650,07747,07577",3
2018-11-01 03:00:00+00:00,07020,11.365753807353288,"07117,07027,07005",3
2018-11-01 06:00:00+00:00,07020,10.924399531007728,"07117,07027,07005",3
2018-11-01 09:00:00+00:00,07020,11.778559343943511,"07117,07027,07005",3
2018-11-01 12:00:00+00:00,07020,11.888507859816743,"07117,07027,07005",3
2018-11-01 15:00:00+00:00,07020,11.988659624623994,"07117,07027,07005",3
2018-11-01 18:00:00+00:00,07460,9.062728807582815,"07471,07481,07255",3
2018-11-01 18:00:00+00:00,07020,11.42638736207089,"07117,07027,07005",3
2018-11-01 18:00:00+00:00,07643,13.686232018314609,"07650,07747,07577",3
2018-11-01 21:00:00+00:00,07020,9.865829099351501,"07117,07027,07005",3
2018-11-02 00:00:00+00:00,07020,9.68777270364771,"07117,07027,07005",3
2018-11-02 03:00:00+00:00,07020,9.817867818150091,"07117,07027,07005",3
2018-11-02 06:00:00+00:00,07020,9.244098560977966,"07117,07027,07005",3
2018-11-02 09:00:00+00:00,07020,10.008820937670363,"07117,07027,07005",3
2018-11-02 12:00:00+00:00,07020,11.830757506435855,"07117,07027,07005",3
2018-11-02 15:00:00+00:00,07020,13.226505220495508,"07117,07027,07005",3
2018-11-02 18:00:00+00:00,07020,10.109054562448627,"07117,07027,07005",3
2018-11-02 21:00:00+00:00,07020,8.872993629730015,"07117,07027,07005",3
2018-11-03 00:00:00+00:00,07020,7.513350840509761,"07117,07027,07005",3
2018-11-03 03:00:00+00:00,07020,7.044151190121751,"07117,07027,07005",3
2018-11-03 06:00:00+00:00,07020,6.963975301773097,"07117,07027,07005",3
2018-11-03 09:00:00+00:00,07020,9.000644204980887,"07117,07027,07005",3
2018-11-03 12:00:00+00:00,07020,12.940735755642741,"07117,07027,07005",3
2018-11-03 15:00:00+00:00,07020,12.762857760996036,"07117,07027,07005",3
2018-11-03 18:00:00+00:00,07020,10.20190784357114,"07117,07027,07005",3
2018-11-03 21:00:00+00:00,07020,9.401824837737848,"07117,07027,07005",3
2018-11-04 00:00:00+00:00,07020,9.747832684837325,"07117,07027,07005",3
2018-11-04 03:00:00+00:00,07460,4.830080650302821,"07471,07481,07255",3
2018-11-04 03:00:00+00:00,07020,10.612176742423436,"07117,07027,07005",3
2018-11-04 03:00:00+00:00,07643,10.619845832019767,"07650,07747,07577",3
2018-11-04 06:00:00+00:00,07020,9.9324432685274,"07117,07027,07005",3
2018-11-04 09:00:00+00:00,07020,11.045312397957535,"07117,07027,07005",3
2018-11-04 12:00:00+00:00,07020,11.541225633105178,"07117,07027,07005",3
2018-11-04 15:00:00+00:00,07020,11.943805995059584,"07117,07027,07005",3
2018-11-04 18:00:00+00:00,07020,10.837230792587585,"07117,07027,07005",3
2018-11-04 21:00:00+00:00,07020,10.380708534973436,"07117,07027,07005",3
2018-11-05 00:00:00+00:00,07020,10.129476103220922,"07117,07027,07005",3
2018-11-05 03:00:00+00:00,07020,9.98875808198301,"07117,07027,07005",3
2018-11-05 06:00:00+00:00,07020,9.862331394501362,"07117,07027,07005",3
2018-11-05 09:00:00+00:00,07020,10.366855863302444,"07117,07027,07005",3
2018-11-05 12:00:00+00:00,07020,12.399504656633056,"07117,07027,07005",3
2018-11-05 15:00:00+00:00,07020,13.394122229778608,"07117,07027,07005",3
2018-11-05 18:00:00+00:00,07020,12.455544527945529,"07117,07027,07005",3
2018-11-05 21:00:00+00:00,07020,11.838542584419823,"07117,07027,07005",3
2018-11-06 00:00:00+00:00,07020,12.496238016932319,"07117,07027,07005",3
2018-11-06 03:00:00+00:00,07020,12.438622574994165,"07117,07027,07005",3
2018-11-06 06:00:00+00:00,07020,12.210078498866409,"07117,07027,07005",3
2018-11-06 09:00:00+00:00,07181,10.294077662427316,"07168,07280,07190",3
2018-11-06 09:00:00+00:00,07020,12.712109819543928,"07117,07027,07005",3
2018-11-06 21:00:00+00:00,07460,8.770011430984626,"07471,07481,07255",3
2018-11-06 21:00:00+00:00,07643,11.2878937460052,"07650,07747,07577",3
2018-11-07 00:00:00+00:00,07460,9.973107559092186,"07471,07481,07255",3
2018-11-07 00:00:00+00:00,07643,10.655793330058613,"07650,07747,07577",3
2018-11-08 12:00:00+00:00,07460,10.814703876725636,"07471,07481,07255",3
2018-11-08 12:00:00+00:00,07643,17.38406968876598,"07650,07747,07577",3
2018-11-08 15:00:00+00:00,07020,12.769197737197361,"07117,07027,07005",3
2018-11-09 06:00:00+00:00,07747,16.563555441948154,"07643,07650,07577",3
2018-11-10 21:00:00+00:00,07460,12.874168750172377,"07471,07481,07255",3
2018-11-10 21:00:00+00:00,07643,14.425169911444433,"07650,07747,07577",3
2018-11-11 06:00:00+00:00,07240,10.699073827901262,"07335,07255,07139",3
2018-11-11 12:00:00+00:00,07460,17.791341978245253,"07471,07481,07255",3
2018-11-11 12:00:00+00:00,07643,18.044199196860088,"07650,07747,07577",3
2018-11-14 00:00:00+00:00,07471,7.76750547965937,"07460,07481,07558",3
2018-11-14 09:00:00+00:00,07020,9.291708159322926,"07117,07027,07005",3
2018-11-15 09:00:00+00:00,07471,8.742126350366334,"07460,07481,07558",3
2018-11-15 09:00:00+00:00,07020,11.225199506057484,"07117,07027,07005",3
2018-11-19 12:00:00+00:00,07110,7.793057061098254,"07130,07117,07027",3
2018-11-19 15:00:00+00:00,07110,6.848385817657984,"07130,07117,07027",3
2018-11-19 18:00:00+00:00,07110,6.039421432515369,"07130,07117,07027",3
2018-11-19 21:00:00+00:00,07110,3.9546938430464453,"07130,07117,07027",3
2018-11-20 00:00:00+00:00,07110,3.556569822179143,"07130,07117,07027",3
2018-11-20 03:00:00+00:00,07110,4.0964748786940905,"07130,07117,07027",3
2018-11-20 06:00:00+00:00,07110,3.601870167631409,"07130,07117,07027",3
2018-11-22 21:00:00+00:00,07020,7.043544365494855,"07117,07027,07005",3
2018-11-24 18:00:00+00:00,07460,7.838487256277162,"07471,07481,07255",3
2018-11-24 18:00:00+00:00,07643,8.340474540263745,"07650,07747,07577",3
2018-12-01 12:00:00+00:00,07607,11.303760016934385,"07510,07621,07630",3
2018-12-02 09:00:00+00:00,07621,11.594467247445943,"07627,07607,07630",3
2018-12-02 12:00:00+00:00,07621,15.682947994419914,"07627,07607,07630",3
2018-12-02 15:00:00+00:00,07577,10.95095106438909,"07481,07650,07280",3
2018-12-02 15:00:00+00:00,07621,15.010801994440301,"07627,07607,07630",3
2018-12-02 18:00:00+00:00,07621,11.92411210830439,"07627,07607,07630",3
2018-12-02 21:00:00+00:00,07621,11.982101924740851,"07627,07607,07630",3
2018-12-03 00:00:00+00:00,07621,11.58138130764787,"07627,07607,07630",3
2018-12-03 03:00:00+00:00,07621,10.88641971339055,"07627,07607,07630",3
2018-12-03 06:00:00+00:00,07621,10.198869516635355,"07627,07607,07630",3
2018-12-03 09:00:00+00:00,07621,11.810340199733062,"07627,07607,07630",3
2018-12-04 06:00:00+00:00,07020,10.454279743492997,"07117,07027,07005",3
2018-12-05 21:00:00+00:00,07020,12.768588352941636,"07117,07027,07005",3
2018-12-06 00:00:00+00:00,07190,8.277678074767513,"07299,07280,07181",3
2018-12-06 00:00:00+00:00,07020,12.580699395444006,"07117,07027,07005",3
2018-12-06 03:00:00+00:00,07020,12.285357629825546,"07117,07027,07005",3
2018-12-06 09:00:00+00:00,07020,12.023589270566223,"07117,07027,07005",3
2018-12-06 12:00:00+00:00,07020,12.91595454362297,"07117,07027,07005",3
2018-12-06 12:00:00+00:00,07643,15.993757239547337,"07650,07747,07577",3
2018-12-06 15:00:00+00:00,07020,12.893309677612574,"07117,07027,07005",3
2018-12-06 15:00:00+00:00,07643,16.788791502656363,"07650,07747,07577",3
2018-12-07 00:00:00+00:00,07020,12.667648802821526,"07117,07027,07005",3
2018-12-07 03:00:00+00:00,07020,12.584546223521802,"07117,07027,07005",3
2018-12-07 06:00:00+00:00,07020,12.474383495863654,"07117,07027,07005",3
2018-12-07 09:00:00+00:00,07020,10.821675317734725,"07117,07027,07005",3
2018-12-08 00:00:00+00:00,07020,10.632116808154203,"07117,07027,07005",3
2018-12-08 03:00:00+00:00,07020,10.925577369533691,"07117,07027,07005",3
2018-12-08 06:00:00+00:00,07020,11.548834869660883,"07117,07027,07005",3
2018-12-08 09:00:00+00:00,07020,11.299568061747193,"07117,07027,07005",3
2018-12-08 12:00:00+00:00,07020,11.792725328114285,"07117,07027,07005",3
2018-12-08 15:00:00+00:00,07020,12.19040381342148,"07117,07027,07005",3
2018-12-08 21:00:00+00:00,07240,11.773325446678491,"07335,07255,07139",3
2018-12-08 21:00:00+00:00,07020,12.352328601115639,"07117,07027,07005",3
2018-12-09 00:00:00+00:00,07240,11.594920335638964,"07335,07255,07139",3
2018-12-09 00:00:00+00:00,07020,11.075179006939349,"07117,07027,07005",3
2018-12-09 03:00:00+00:00,07240,10.441675924537368,"07335,07255,07139",3
2018-12-09 03:00:00+00:00,07020,11.48050765878773,"07117,07027,07005",3
2018-12-09 06:00:00+00:00,07020,11.30971137641199,"07117,07027,07005",3
2018-12-09 09:00:00+00:00,07020,11.722341071573942,"07117,07027,07005",3
2018-12-10 00:00:00+00:00,07020,10.558237406392518,"07117,07027,07005",3
2018-12-10 03:00:00+00:00,07020,10.373450981274217,"07117,07027,07005",3
2018-12-10 06:00:00+00:00,07020,10.596794549369957,"07117,07027,07005",3
2018-12-10 09:00:00+00:00,07020,10.77047659271125,"07117,07027,07005",3
2018-12-11 06:00:00+00:00,07020,7.5336400294681525,"07117,07027,07005",3
2018-12-11 09:00:00+00:00,07020,7.268988468872156,"07117,07027,07005",3
2018-12-12 09:00:00+00:00,07020,6.348982471700599,"07117,07027,07005",3
2018-12-13 18:00:00+00:00,07020,5.379986947359359,"07117,07027,07005",3
2018-12-13 21:00:00+00:00,07020,4.838437416592153,"07117,07027,07005",3
2018-12-14 00:00:00+00:00,07020,4.389389484091002,"07117,07027,07005",3
2018-12-14 03:00:00+00:00,07020,3.4864882835274904,"07117,07027,07005",3
2018-12-14 06:00:00+00:00,07020,2.7447650153308,"07117,07027,07005",3
2018-12-14 09:00:00+00:00,07460,-0.19328153813556104,"07471,07481,07255",3
2018-12-14 09:00:00+00:00,07020,2.792372054046924,"07117,07027,07005",3
2018-12-14 09:00:00+00:00,07643,8.312483872687123,"07650,07747,07577",3
2018-12-16 21:00:00+00:00,07020,9.402263499823047,"07117,07027,07005",3
2018-12-17 00:00:00+00:00,07020,8.528872106127164,"07117,07027,07005",3
2018-12-17 03:00:00+00:00,07020,8.247913096093273,"07117,07027,07005",3
2018-12-17 06:00:00+00:00,07020,8.71461959835771,"07117,07027,07005",3
2018-12-17 09:00:00+00:00,07020,8.92572187613597,"07117,07027,07005",3
2018-12-17 09:00:00+00:00,07314,8.87697315862871,"07222,07240,07335",3
2018-12-17 12:00:00+00:00,07314,12.855830259863389,"07222,07240,07335",3
2018-12-17 15:00:00+00:00,07314,12.949758939158594,"07222,07240,07335",3
2018-12-17 18:00:00+00:00,07314,11.225253913334937,"07222,07240,07335",3
2018-12-17 21:00:00+00:00,07314,10.5901484221481,"07222,07240,07335",3
2018-12-18 00:00:00+00:00,07314,10.653436150073524,"07222,07240,07335",3
2018-12-18 03:00:00+00:00,07314,10.022771202052054,"07222,07240,07335",3
2018-12-18 06:00:00+00:00,07314,9.098591399741064,"07222,07240,07335",3
2018-12-18 09:00:00+00:00,07314,9.354177029422239,"07222,07240,07335",3
2018-12-18 12:00:00+00:00,07314,10.958463672716931,"07222,07240,07335",3
2018-12-18 18:00:00+00:00,07020,9.300714565447212,"07117,07027,07005",3
2018-12-18 21:00:00+00:00,07020,9.17136118701445,"07117,07027,07005",3
2018-12-19 00:00:00+00:00,07020,9.204758751945366,"07117,07027,07005",3
2018-12-19 03:00:00+00:00,07020,8.849176044451324,"07117,07027,07005",3
2018-12-19 06:00:00+00:00,07020,8.313749718471717,"07117,07027,07005",3
2018-12-19 09:00:00+00:00,07020,9.084195008223181,"07117,07027,07005",3
2018-12-19 12:00:00+00:00,07020,10.39046179642505,"07117,07027,07005",3
2018-12-20 06:00:00+00:00,07020,8.81000695758928,"07117,07027,07005",3
2018-12-20 09:00:00+00:00,07020,8.827843928409663,"07117,07027,07005",3
2018-12-20 15:00:00+00:00,07335,10.780369441747913,"07240,07255,07222",3
2018-12-21 09:00:00+00:00,07020,12.968897001813808,"07117,07027,07005",3
2018-12-21 09:00:00+00:00,07335,12.345046403213288,"07240,07255,07222",3
2018-12-21 12:00:00+00:00,07020,13.103450888278585,"07117,07027,07005",3
2018-12-22 00:00:00+00:00,07020,12.516787466918855,"07117,07027,07005",3
2018-12-22 03:00:00+00:00,07020,12.176548582121626,"07117,07027,07005",3
2018-12-22 06:00:00+00:00,07020,12.020920281014435,"07117,07027,07005",3
2018-12-22 09:00:00+00:00,07020,11.886975778805418,"07117,07027,07005",3
2018-12-23 00:00:00+00:00,07020,11.545773267267071,"07117,07027,07005",3
2018-12-23 03:00:00+00:00,07020,12.531425364273867,"07117,07027,07005",3
2018-12-23 06:00:00+00:00,07020,12.369678977636795,"07117,07027,07005",3
2018-12-23 09:00:00+00:00,07240,12.631755215022798,"07335,07255,07139",3
2018-12-23 09:00:00+00:00,07020,12.661785859062059,"07117,07027,07005",3
2018-12-23 12:00:00+00:00,07020,13.213789457364996,"07117,07027,07005",3
2018-12-23 15:00:00+00:00,07020,13.09885976450233,"07117,07027,07005",3
2018-12-23 18:00:00+00:00,07020,12.758796721133326,"07117,07027,07005",3
2018-12-23 21:00:00+00:00,07460,10.98817791739128,"07471,07481,07255",3
2018-12-23 21:00:00+00:00,07020,12.519497386456171,"07117,07027,07005",3
2018-12-23 21:00:00+00:00,07643,10.669048025326465,"07650,07747,07577",3
2018-12-24 00:00:00+00:00,07020,11.902796633944096,"07117,07027,07005",3
2018-12-24 03:00:00+00:00,07020,11.645440997403973,"07117,07027,07005",3
2018-12-24 06:00:00+00:00,07020,11.214054194294947,"07117,07027,07005",3
2018-12-24 09:00:00+00:00,07020,10.988569160932123,"07117,07027,07005",3
2018-12-24 12:00:00+00:00,07020,12.378682824132218,"07117,07027,07005",3
2018-12-24 15:00:00+00:00,07020,12.07490310665971,"07117,07027,07005",3
2018-12-24 21:00:00+00:00,07020,10.498119254473512,"07117,07027,07005",3
2018-12-25 00:00:00+00:00,07020,9.246365375830456,"07117,07027,07005",3
2018-12-25 03:00:00+00:00,07020,8.318894615403226,"07117,07027,07005",3
2018-12-25 06:00:00+00:00,07020,7.430768783266283,"07117,07027,07005",3
2018-12-25 09:00:00+00:00,07130,6.301569648106442,"07222,07139,07027",3
2018-12-25 09:00:00+00:00,07020,8.113033775642506,"07117,07027,07005",3
2018-12-25 12:00:00+00:00,07130,8.335149319029274,"07222,07139,07027",3
2018-12-25 12:00:00+00:00,07020,9.949447081449813,"07117,07027,07005",3
2018-12-25 15:00:00+00:00,07130,7.925739395621452,"07222,07139,07027",3
2018-12-25 15:00:00+00:00,07020,10.317314568875698,"07117,07027,07005",3
2018-12-25 18:00:00+00:00,07130,5.144480412504917,"07222,07139,07027",3
2018-12-25 18:00:00+00:00,07020,8.828532613007614,"07117,07027,07005",3
2018-12-25 21:00:00+00:00,07130,3.466195629464911,"07222,07139,07027",3
2018-12-25 21:00:00+00:00,07020,7.968032823870465,"07117,07027,07005",3
2018-12-26 00:00:00+00:00,07130,3.0844107968520653,"07222,07139,07027",3
2018-12-26 00:00:00+00:00,07020,6.98202904400723,"07117,07027,07005",3
2018-12-26 03:00:00+00:00,07130,1.9056857881998757,"07222,07139,07027",3
2018-12-26 03:00:00+00:00,07020,5.902776810550635,"07117,07027,07005",3
2018-12-26 06:00:00+00:00,07130,0.7381217054312912,"07222,07139,07027",3
2018-12-26 06:00:00+00:00,07020,4.647135173844268,"07117,07027,07005",3
2018-12-26 09:00:00+00:00,07020,5.468858488961342,"07117,07027,07005",3
2018-12-27 09:00:00+00:00,07020,6.565945133609456,"07117,07027,07005",3
2018-12-27 18:00:00+00:00,07460,3.0751739910544886,"07471,07481,07255",3
2018-12-27 18:00:00+00:00,07643,7.104379410773174,"07650,07747,07577",3
2018-12-28 09:00:00+00:00,07020,7.971270267692503,"07117,07027,07005",3
2018-12-29 09:00:00+00:00,07020,9.915396642648746,"07117,07027,07005",3
2018-12-29 12:00:00+00:00,07020,10.979305053408561,"07117,07027,07005",3
2018-12-29 15:00:00+00:00,07020,10.99176567476866,"07117,07027,07005",3
2018-12-29 21:00:00+00:00,07020,11.00977848701723,"07117,07027,07005",3
2018-12-30 00:00:00+00:00,07020,11.065820917958577,"07117,07027,07005",3
2018-12-30 03:00:00+00:00,07020,10.448551711176261,"07117,07027,07005",3
2018-12-30 06:00:00+00:00,07020,10.135941429007662,"07117,07027,07005",3
2018-12-30 09:00:00+00:00,07020,10.265253877454892,"07117,07027,07005",3
2018-12-30 12:00:00+00:00,07020,11.194389070707306,"07117,07027,07005",3
2018-12-30 15:00:00+00:00,07020,11.130301300753931,"07117,07027,07005",3
2018-12-30 18:00:00+00:00,07020,10.758018530980015,"07117,07027,07005",3
2018-12-30 21:00:00+00:00,07020,10.537517234235455,"07117,07027,07005",3
2018-12-31 00:00:00+00:00,07020,10.408556468644711,"07117,07027,07005",3
2018-12-31 03:00:00+00:00,07020,10.289387334862239,"07117,07027,07005",3
2018-12-31 06:00:00+00:00,07020,10.174065029157601,"07117,07027,07005",3
2018-12-31 09:00:00+00:00,07020,10.15985811500126,"07117,07027,07005",3
2018-12-31 12:00:00+00:00,07020,10.864334430560366,"07117,07027,07005",3
2018-12-31 15:00:00+00:00,07020,10.900617756456858,"07117,07027,07005",3
2018-12-31 18:00:00+00:00,07020,10.261582890805357,"07117,07027,07005",3
2018-12-31 21:00:00+00:00,07020,9.893891244807694,"07117,07027,07005",3
2019-01-01 00:00:00+00:00,07020,9.765106320645177,"07117,07027,07005",3
2019-01-01 03:00:00+00:00,07020,9.96353120564958,"07117,07027,07005",3
2019-01-01 06:00:00+00:00,07020,9.76108365113916,"07117,07027,07005",3
2019-01-01 09:00:00+00:00,07020,9.595095263953418,"07117,07027,07005",3
2019-01-01 12:00:00+00:00,07020,10.215115320258574,"07117,07027,07005",3
2019-01-01 15:00:00+00:00,07020,10.316054870378684,"07117,07027,07005",3
2019-01-01 21:00:00+00:00,07020,9.727902857621991,"07117,07027,07005",3
2019-01-02 00:00:00+00:00,07020,8.875140214254795,"07117,07027,07005",3
2019-01-02 03:00:00+00:00,07020,8.91985893237651,"07117,07027,07005",3
2019-01-02 06:00:00+00:00,07020,9.105254741750569,"07117,07027,07005",3
2019-01-02 09:00:00+00:00,07020,8.36541523742169,"07117,07027,07005",3
2019-01-02 12:00:00+00:00,07020,9.007687546895223,"07117,07027,07005",3
2019-01-02 15:00:00+00:00,07020,8.298795948988086,"07117,07027,07005",3
2019-01-02 18:00:00+00:00,07020,7.805243510150142,"07117,07027,07005",3
2019-01-02 21:00:00+00:00,07020,7.175472752022198,"07117,07027,07005",3
2019-01-03 00:00:00+00:00,07020,6.542517601543948,"07117,07027,07005",3
2019-01-03 03:00:00+00:00,07020,6.153713170547209,"07117,07027,07005",3
2019-01-03 06:00:00+00:00,07020,6.108423438526428,"07117,07027,07005",3
2019-01-03 09:00:00+00:00,07460,0.7472308920959287,"07471,07481,07255",3
2019-01-03 09:00:00+00:00,07020,6.269035476251853,"07117,07027,07005",3
2019-01-03 09:00:00+00:00,07643,5.188486516052769,"07650,07747,07577",3
2019-01-03 12:00:00+00:00,07020,7.6440246477977905,"07117,07027,07005",3
2019-01-03 15:00:00+00:00,07020,8.000216739547593,"07117,07027,07005",3
2019-01-03 18:00:00+00:00,07020,7.9689580802548905,"07117,07027,07005",3
2019-01-03 21:00:00+00:00,07020,7.581504769583553,"07117,07027,07005",3
2019-01-04 00:00:00+00:00,07020,6.428288714765382,"07117,07027,07005",3
2019-01-04 03:00:00+00:00,07020,5.471267217485028,"07117,07027,07005",3
2019-01-04 06:00:00+00:00,07020,5.480097782181089,"07117,07027,07005",3
2019-01-04 09:00:00+00:00,07020,6.2329254321547864,"07117,07027,07005",3
2019-01-04 12:00:00+00:00,07020,8.39129498762524,"07117,07027,07005",3
2019-01-04 15:00:00+00:00,07020,7.6146881227295475,"07117,07027,07005",3
2019-01-04 18:00:00+00:00,07020,6.879779303547248,"07117,07027,07005",3
2019-01-04 21:00:00+00:00,07020,7.252806369019666,"07117,07027,07005",3
2019-01-05 00:00:00+00:00,07020,7.15934370364139,"07117,07027,07005",3
2019-01-05 03:00:00+00:00,07020,7.579758476787319,"07117,07027,07005",3
2019-01-05 06:00:00+00:00,07020,7.147938130850745,"07117,07027,07005",3
2019-01-05 09:00:00+00:00,07020,6.562806790502337,"07117,07027,07005",3
2019-01-05 12:00:00+00:00,07020,7.904436767473979,"07117,07027,07005",3
2019-01-05 15:00:00+00:00,07020,7.472088897252695,"07117,07027,07005",3
2019-01-05 18:00:00+00:00,07020,7.289400447787125,"07117,07027,07005",3
2019-01-05 21:00:00+00:00,07020,7.363672462390789,"07117,07027,07005",3
2019-01-06 00:00:00+00:00,07020,7.044548922221465,"07117,07027,07005",3
2019-01-06 03:00:00+00:00,07020,7.375388788052391,"07117,07027,07005",3
2019-01-06 06:00:00+00:00,07460,2.138834647094292,"07471,07481,07255",3
2019-01-06 06:00:00+00:00,07020,7.649005824787189,"07117,07027,07005",3
2019-01-06 06:00:00+00:00,07643,7.269563249010333,"07650,07747,07577",3
2019-01-06 09:00:00+00:00,07020,7.725378374672444,"07117,07027,07005",3
2019-01-06 12:00:00+00:00,07020,8.312393478888662,"07117,07027,07005",3
2019-01-06 15:00:00+00:00,07020,8.592959876080538,"07117,07027,07005",3
2019-01-06 18:00:00+00:00,07020,8.648433852751609,"07117,07027,07005",3
2019-01-06 21:00:00+00:00,07020,8.744782279095432,"07117,07027,07005",3
2019-01-07 00:00:00+00:00,07020,9.144910422911796,"07117,07027,07005",3
2019-01-07 03:00:00+00:00,07020,8.726552695433067,"07117,07027,07005",3
2019-01-07 06:00:00+00:00,07020,9.034747695253648,"07117,07027,07005",3
2019-01-07 09:00:00+00:00,07020,9.200343469597335,"07117,07027,07005",3
2019-01-07 12:00:00+00:00,07020,10.054286511119368,"07117,07027,07005",3
2019-01-07 15:00:00+00:00,07020,10.638849397197543,"07117,07027,07005",3
2019-01-07 18:00:00+00:00,07020,10.2895631762905,"07117,07027,07005",3
2019-01-07 21:00:00+00:00,07020,10.577606458224219,"07117,07027,07005",3
2019-01-08 00:00:00+00:00,07020,10.923045851053462,"07117,07027,07005",3
2019-01-08 03:00:00+00:00,07020,10.891963033189024,"07117,07027,07005",3
2019-01-08 06:00:00+00:00,07020,10.596486356127834,"07117,07027,07005",3
2019-01-08 09:00:00+00:00,07020,10.463459431416675,"07117,07027,07005",3
2019-01-09 03:00:00+00:00,07020,8.235493404718698,"07117,07027,07005",3
2019-01-09 06:00:00+00:00,07460,2.6690458561536357,"07471,07481,07255",3
2019-01-09 06:00:00+00:00,07020,8.419535534138532,"07117,07027,07005",3
2019-01-09 06:00:00+00:00,07643,8.10073238559525,"07650,07747,07577",3
2019-01-09 09:00:00+00:00,07020,8.600123448322552,"07117,07027,07005",3
2019-01-09 09:00:00+00:00,07314,7.768123325564836,"07222,07240,07335",3
2019-01-09 12:00:00+00:00,07314,10.07462591464974,"07222,07240,07335",3
2019-01-09 15:00:00+00:00,07314,9.635623469543539,"07222,07240,07335",3
2019-01-10 21:00:00+00:00,07020,7.193444634285279,"07117,07027,07005",3
2019-01-11 00:00:00+00:00,07020,8.454462620451933,"07117,07027,07005",3
2019-01-11 03:00:00+00:00,07020,9.020010697183722,"07117,07027,07005",3
2019-01-11 06:00:00+00:00,07020,8.90329378153933,"07117,07027,07005",3
2019-01-11 09:00:00+00:00,07020,9.514875885990403,"07117,07027,07005",3
2019-01-11 12:00:00+00:00,07020,10.135464396565798,"07117,07027,07005",3
2019-01-11 21:00:00+00:00,07020,9.447158059372985,"07117,07027,07005",3
2019-01-12 00:00:00+00:00,07020,9.602786360480174,"07117,07027,07005",3
2019-01-12 03:00:00+00:00,07020,9.653628283389455,"07117,07027,07005",3
2019-01-12 06:00:00+00:00,07020,9.358069746357247,"07117,07027,07005",3
2019-01-12 06:00:00+00:00,07643,1.5527309833018057,"07650,07747,07577",3
2019-01-12 09:00:00+00:00,07020,9.908842454662501,"07117,07027,07005",3
2019-01-12 12:00:00+00:00,07020,10.692793852486158,"07117,07027,07005",3
2019-01-12 21:00:00+00:00,07020,10.670893282174228,"07117,07027,07005",3
2019-01-13 00:00:00+00:00,07020,10.357714545735426,"07117,07027,07005",3
2019-01-13 03:00:00+00:00,07020,10.830936865629452,"07117,07027,07005",3
2019-01-13 06:00:00+00:00,07020,10.623288803086975,"07117,07027,07005",3
2019-01-13 09:00:00+00:00,07020,10.571661654493697,"07117,07027,07005",3
2019-01-13 12:00:00+00:00,07020,10.985996712466372,"07117,07027,07005",3
2019-01-13 21:00:00+00:00,07020,10.677977554074058,"07117,07027,07005",3
2019-01-14 00:00:00+00:00,07020,10.899656689344612,"07117,07027,07005",3
2019-01-14 03:00:00+00:00,07020,10.748443670585452,"07117,07027,07005",3
2019-01-14 06:00:00+00:00,07020,9.993474555344713,"07117,07027,07005",3
2019-01-14 09:00:00+00:00,07020,9.869890139214212,"07117,07027,07005",3
2019-01-14 21:00:00+00:00,07020,8.956493941129452,"07117,07027,07005",3
2019-01-15 00:00:00+00:00,07020,9.137040925327984,"07117,07027,07005",3
2019-01-15 03:00:00+00:00,07020,8.897741590650828,"07117,07027,07005",3
2019-01-15 06:00:00+00:00,07020,8.668409729210206,"07117,07027,07005",3
2019-01-15 09:00:00+00:00,07020,8.750334469983937,"07117,07027,07005",3
2019-01-15 12:00:00+00:00,07020,9.380758101981996,"07117,07027,07005",3
2019-01-15 21:00:00+00:00,07020,8.335999412011269,"07117,07027,07005",3
2019-01-16 00:00:00+00:00,07020,8.401440861918871,"07117,07027,07005",3
2019-01-16 03:00:00+00:00,07020,8.199561761678682,"07117,07027,07005",3
2019-01-16 06:00:00+00:00,07020,8.40873934560361,"07117,07027,07005",3
2019-01-16 09:00:00+00:00,07020,8.97026475282942,"07117,07027,07005",3
2019-01-16 12:00:00+00:00,07020,10.033821480732716,"07117,07027,07005",3
2019-01-16 15:00:00+00:00,07020,9.709497432531375,"07117,07027,07005",3
2019-01-16 21:00:00+00:00,07020,9.021501848209557,"07117,07027,07005",3
2019-01-17 00:00:00+00:00,07020,8.33849000050597,"07117,07027,07005",3
2019-01-17 03:00:00+00:00,07020,8.22259924053109,"07117,07027,07005",3
2019-01-17 06:00:00+00:00,07020,7.928042700596612,"07117,07027,07005",3
2019-01-17 09:00:00+00:00,07020,8.141811408297794,"07117,07027,07005",3
2019-01-17 09:00:00+00:00,07535,5.645101650225989,"07630,07434,07510",3
2019-01-23 00:00:00+00:00,07020,7.813543990932619,"07117,07027,07005",3
2019-01-23 03:00:00+00:00,07020,7.054947378656673,"07117,07027,07005",3
2019-01-23 06:00:00+00:00,07020,7.088564274630204,"07117,07027,07005",3
2019-01-23 09:00:00+00:00,07020,7.015253327138752,"07117,07027,07005",3
2019-01-24 03:00:00+00:00,07020,6.653896538084749,"07117,07027,07005",3
2019-01-24 06:00:00+00:00,07020,6.027714906635328,"07117,07027,07005",3
2019-01-24 09:00:00+00:00,07020,6.136348112911025,"07117,07027,07005",3
2019-01-24 12:00:00+00:00,07020,7.828931303243797,"07117,07027,07005",3
2019-01-24 15:00:00+00:00,07020,8.6589167287867,"07117,07027,07005",3
2019-01-24 21:00:00+00:00,07020,9.592722346157554,"07117,07027,07005",3
2019-01-25 00:00:00+00:00,07020,9.431149241319892,"07117,07027,07005",3
2019-01-25 03:00:00+00:00,07020,9.347083035279084,"07117,07027,07005",3
2019-01-25 06:00:00+00:00,07020,9.381268385522846,"07117,07027,07005",3
2019-01-25 09:00:00+00:00,07020,9.590841141918624,"07117,07027,07005",3
2019-01-25 12:00:00+00:00,07020,10.404129064810526,"07117,07027,07005",3
2019-01-26 06:00:00+00:00,07020,9.682964808457662,"07117,07027,07005",3
2019-01-26 09:00:00+00:00,07020,9.770482670105453,"07117,07027,07005",3
2019-01-26 21:00:00+00:00,07020,9.381502397680462,"07117,07027,07005",3
2019-01-27 00:00:00+00:00,07020,9.07518860209886,"07117,07027,07005",3
2019-01-27 03:00:00+00:00,07020,9.048913679424457,"07117,07027,07005",3
2019-01-27 06:00:00+00:00,07020,8.274797403023467,"07117,07027,07005",3
2019-01-27 09:00:00+00:00,07020,8.14351933073738,"07117,07027,07005",3
2019-01-28 06:00:00+00:00,07020,7.278076734967493,"07117,07027,07005",3
2019-01-28 09:00:00+00:00,07020,7.625440821650068,"07117,07027,07005",3
2019-01-29 21:00:00+00:00,07020,6.532983671134913,"07117,07027,07005",3
2019-01-30 03:00:00+00:00,07020,6.6563922458371545,"07117,07027,07005",3
2019-01-30 06:00:00+00:00,07020,6.798338597443881,"07117,07027,07005",3
2019-01-30 09:00:00+00:00,07020,5.448097386818757,"07117,07027,07005",3
2019-01-31 21:00:00+00:00,07020,5.995456809873751,"07117,07027,07005",3
2019-02-01 03:00:00+00:00,07020,5.68184453060741,"07117,07027,07005",3
2019-02-01 06:00:00+00:00,07020,5.672052898799102,"07117,07027,07005",3
2019-02-01 09:00:00+00:00,07020,6.65613454443787,"07117,07027,07005",3
2019-02-01 12:00:00+00:00,07020,6.802583157621385,"07117,07027,07005",3
2019-02-01 15:00:00+00:00,07020,6.159704023520916,"07117,07027,07005",3
2019-02-01 18:00:00+00:00,07020,6.555021712518408,"07117,07027,07005",3
2019-02-01 21:00:00+00:00,07020,6.188115292204733,"07117,07027,07005",3
2019-02-02 00:00:00+00:00,07020,5.986412033392768,"07117,07027,07005",3
2019-02-02 03:00:00+00:00,07020,5.698151980045305,"07117,07027,07005",3
2019-02-02 06:00:00+00:00,07020,6.007483888406319,"07117,07027,07005",3
2019-02-02 09:00:00+00:00,07020,6.351176988439366,"07117,07027,07005",3
2019-02-02 12:00:00+00:00,07020,7.736347845006721,"07117,07027,07005",3
2019-02-02 15:00:00+00:00,07020,7.602010729955695,"07117,07027,07005",3
2019-02-02 18:00:00+00:00,07020,7.193661405699034,"07117,07027,07005",3
2019-02-02 21:00:00+00:00,07020,6.903695989540855,"07117,07027,07005",3
2019-02-03 00:00:00+00:00,07020,6.720046472963029,"07117,07027,07005",3
2019-02-03 03:00:00+00:00,07020,6.328748893842728,"07117,07027,07005",3
2019-02-03 06:00:00+00:00,07020,5.371158942292132,"07117,07027,07005",3
2019-02-03 09:00:00+00:00,07020,5.325083984587366,"07117,07027,07005",3
2019-02-03 12:00:00+00:00,07020,8.447556749609166,"07117,07027,07005",3
2019-02-03 15:00:00+00:00,07020,9.426086204359432,"07117,07027,07005",3
2019-02-03 18:00:00+00:00,07020,7.306531493265664,"07117,07027,07005",3
2019-02-03 21:00:00+00:00,07020,6.625441779786574,"07117,07027,07005",3
2019-02-04 00:00:00+00:00,07020,7.398681408675204,"07117,07027,07005",3
2019-02-04 03:00:00+00:00,07020,7.526464335739984,"07117,07027,07005",3
2019-02-04 06:00:00+00:00,07020,7.525679110055997,"07117,07027,07005",3
2019-02-04 09:00:00+00:00,07020,8.358155124093601,"07117,07027,07005",3
2019-02-04 12:00:00+00:00,07020,9.503674963127349,"07117,07027,07005",3
2019-02-04 15:00:00+00:00,07020,11.049809540276613,"07117,07027,07005",3
2019-02-04 18:00:00+00:00,07460,1.1672966313572164,"07471,07481,07255",3
2019-02-04 18:00:00+00:00,07020,9.27985436258971,"07117,07027,07005",3
2019-02-04 18:00:00+00:00,07643,6.755607817423907,"07650,07747,07577",3
2019-02-04 21:00:00+00:00,07020,8.788361529047801,"07117,07027,07005",3
2019-02-05 00:00:00+00:00,07020,8.55828537190872,"07117,07027,07005",3
2019-02-05 03:00:00+00:00,07020,7.49166960124045,"07117,07027,07005",3
2019-02-05 06:00:00+00:00,07020,7.782027630240645,"07117,07027,07005",3
2019-02-05 09:00:00+00:00,07020,8.159118295204607,"07117,07027,07005",3
2019-02-05 12:00:00+00:00,07020,10.619694557150762,"07117,07027,07005",3
2019-02-05 15:00:00+00:00,07020,11.681191679758058,"07117,07027,07005",3
2019-02-05 18:00:00+00:00,07020,10.751013559422375,"07117,07027,07005",3
2019-02-05 21:00:00+00:00,07020,10.653920837380056,"07117,07027,07005",3
2019-02-06 00:00:00+00:00,07020,10.920280320415628,"07117,07027,07005",3
2019-02-06 03:00:00+00:00,07020,10.858644768600296,"07117,07027,07005",3
2019-02-06 06:00:00+00:00,07020,10.110803414873732,"07117,07027,07005",3
2019-02-06 09:00:00+00:00,07020,10.486147787041459,"07117,07027,07005",3
2019-02-06 12:00:00+00:00,07020,12.559490069358894,"07117,07027,07005",3
2019-02-06 15:00:00+00:00,07020,11.14472754595289,"07117,07027,07005",3
2019-02-06 18:00:00+00:00,07020,11.280201569544356,"07117,07027,07005",3
2019-02-06 21:00:00+00:00,07020,10.806194023966336,"07117,07027,07005",3
2019-02-07 00:00:00+00:00,07020,9.77044429974876,"07117,07027,07005",3
2019-02-07 03:00:00+00:00,07020,9.157857638571084,"07117,07027,07005",3
2019-02-07 06:00:00+00:00,07481,2.8124458194594575,"07280,07460,07577",3
2019-02-07 06:00:00+00:00,07020,8.050232506787369,"07117,07027,07005",3
2019-02-07 09:00:00+00:00,07020,8.919952913833676,"07117,07027,07005",3
2019-02-07 12:00:00+00:00,07020,10.748795353441938,"07117,07027,07005",3
2019-02-07 15:00:00+00:00,07020,10.613713942692447,"07117,07027,07005",3
2019-02-07 18:00:00+00:00,07020,9.576121384592598,"07117,07027,07005",3
2019-02-07 21:00:00+00:00,07020,9.30993774298528,"07117,07027,07005",3
2019-02-08 00:00:00+00:00,07020,9.664207700510588,"07117,07027,07005",3
2019-02-08 03:00:00+00:00,07020,10.335110609710561,"07117,07027,07005",3
2019-02-08 06:00:00+00:00,07020,10.675525335936014,"07117,07027,07005",3
2019-02-08 09:00:00+00:00,07020,11.63215422037439,"07117,07027,07005",3
2019-02-08 12:00:00+00:00,07020,11.80081159711189,"07117,07027,07005",3
2019-02-08 15:00:00+00:00,07020,11.628485793353697,"07117,07027,07005",3
2019-02-08 18:00:00+00:00,07020,10.442700888902952,"07117,07027,07005",3
2019-02-08 21:00:00+00:00,07020,9.45901185610619,"07117,07027,07005",3
2019-02-09 00:00:00+00:00,07020,8.793485296366503,"07117,07027,07005",3
2019-02-09 03:00:00+00:00,07020,9.314312095347791,"07117,07027,07005",3
2019-02-09 06:00:00+00:00,07020,8.982903775246585,"07117,07027,07005",3
2019-02-09 09:00:00+00:00,07020,9.954308028111505,"07117,07027,07005",3
2019-02-09 12:00:00+00:00,07020,11.791236736717362,"07117,07027,07005",3
2019-02-09 15:00:00+00:00,07020,10.980796204434348,"07117,07027,07005",3
2019-02-09 18:00:00+00:00,07020,9.23335098131514,"07117,07027,07005",3
2019-02-09 21:00:00+00:00,07020,8.628985500577759,"07117,07027,07005",3
2019-02-10 00:00:00+00:00,07240,10.03730332400579,"07335,07255,07139",3
2019-02-10 00:00:00+00:00,07020,8.106930371227659,"07117,07027,07005",3
2019-02-10 03:00:00+00:00,07240,10.865172375734074,"07335,07255,07139",3
2019-02-10 03:00:00+00:00,07020,8.96445997979934,"07117,07027,07005",3
2019-02-10 06:00:00+00:00,07020,8.387980803089897,"07117,07027,07005",3
2019-02-10 09:00:00+00:00,07020,8.78600841162467,"07117,07027,07005",3
2019-02-10 12:00:00+00:00,07020,8.771273973183618,"07117,07027,07005",3
2019-02-10 15:00:00+00:00,07020,8.841875001137744,"07117,07027,07005",3
2019-02-10 18:00:00+00:00,07020,7.820589892475788,"07117,07027,07005",3
2019-02-10 21:00:00+00:00,07020,7.753751272999568,"07117,07027,07005",3
2019-02-11 00:00:00+00:00,07020,8.83745715916085,"07117,07027,07005",3
2019-02-11 03:00:00+00:00,07020,9.135684685744884,"07117,07027,07005",3
2019-02-11 06:00:00+00:00,07020,9.224775558389492,"07117,07027,07005",3
2019-02-11 09:00:00+00:00,07020,9.817559624907961,"07117,07027,07005",3
2019-02-11 12:00:00+00:00,07020,10.222021191101305,"07117,07027,07005",3
2019-02-11 15:00:00+00:00,07020,11.031324814843847,"07117,07027,07005",3
2019-02-11 18:00:00+00:00,07020,8.085985748770241,"07117,07027,07005",3
2019-02-11 21:00:00+00:00,07020,7.936694864235587,"07117,07027,07005",3
2019-02-12 00:00:00+00:00,07020,8.004017518382165,"07117,07027,07005",3
2019-02-12 03:00:00+00:00,07020,6.490278509066036,"07117,07027,07005",3
2019-02-12 06:00:00+00:00,07020,6.31694814858124,"07117,07027,07005",3
2019-02-12 09:00:00+00:00,07020,7.513095698739313,"07117,07027,07005",3
2019-02-12 12:00:00+00:00,07020,11.877222517353804,"07117,07027,07005",3
2019-02-12 15:00:00+00:00,07020,11.549227482502891,"07117,07027,07005",3
2019-02-12 18:00:00+00:00,07020,9.17830798784271,"07117,07027,07005",3
2019-02-12 21:00:00+00:00,07020,8.139710873016242,"07117,07027,07005",3
2019-02-13 00:00:00+00:00,07020,7.135650791290037,"07117,07027,07005",3
2019-02-13 00:00:00+00:00,07650,4.8702562087619885,"07643,07577,07690",3
2019-02-13 03:00:00+00:00,07020,5.9431767874103185,"07117,07027,07005",3
2019-02-13 06:00:00+00:00,07020,5.133738252225079,"07117,07027,07005",3
2019-02-13 09:00:00+00:00,07020,7.289005275316281,"07117,07027,07005",3
2019-02-13 12:00:00+00:00,07020,11.73523267613272,"07117,07027,07005",3
2019-02-13 15:00:00+00:00,07020,13.093345943970483,"07117,07027,07005",3
2019-02-13 18:00:00+00:00,07020,9.994869165284463,"07117,07027,07005",3
2019-02-13 21:00:00+00:00,07020,7.672433356852736,"07117,07027,07005",3
2019-02-14 00:00:00+00:00,07020,6.221076754679279,"07117,07027,07005",3
2019-02-14 03:00:00+00:00,07020,4.8846472857396535,"07117,07027,07005",3
2019-02-14 06:00:00+00:00,07020,4.440190477014756,"07117,07027,07005",3
2019-02-14 09:00:00+00:00,07020,6.253864935354468,"07117,07027,07005",3
2019-02-14 12:00:00+00:00,07020,10.702192871452459,"07117,07027,07005",3
2019-02-14 15:00:00+00:00,07020,11.160249769706763,"07117,07027,07005",3
2019-02-14 18:00:00+00:00,07020,10.42621503840797,"07117,07027,07005",3
2019-02-14 21:00:00+00:00,07020,8.50237785241011,"07117,07027,07005",3
2019-02-15 00:00:00+00:00,07020,7.962533684453645,"07117,07027,07005",3
2019-02-15 03:00:00+00:00,07020,7.230645537679629,"07117,07027,07005",3
2019-02-15 06:00:00+00:00,07020,6.536921921041043,"07117,07027,07005",3
2019-02-15 09:00:00+00:00,07020,9.593777394727017,"07117,07027,07005",3
2019-02-15 12:00:00+00:00,07020,14.4504955850672,"07117,07027,07005",3
2019-02-15 15:00:00+00:00,07020,15.944612960410044,"07117,07027,07005",3
2019-02-15 18:00:00+00:00,07020,12.664760482227116,"07117,07027,07005",3
2019-02-15 21:00:00+00:00,07020,10.556705325381195,"07117,07027,07005",3
2019-02-16 00:00:00+00:00,07020,8.916539628583424,"07117,07027,07005",3
2019-02-16 03:00:00+00:00,07020,8.926545472176615,"07117,07027,07005",3
2019-02-16 06:00:00+00:00,07020,8.85266607041493,"07117,07027,07005",3
2019-02-16 09:00:00+00:00,07460,6.860361580092642,"07471,07481,07255",3
2019-02-16 09:00:00+00:00,07020,9.519332098323963,"07117,07027,07005",3
2019-02-16 09:00:00+00:00,07643,7.612993497897669,"07650,07747,07577",3
2019-02-16 12:00:00+00:00,07020,12.358275964474986,"07117,07027,07005",3
2019-02-16 15:00:00+00:00,07020,14.404300397034723,"07117,07027,07005",3
2019-02-16 18:00:00+00:00,07020,11.239110348457853,"07117,07027,07005",3
2019-02-16 21:00:00+00:00,07020,9.853893442647273,"07117,07027,07005",3
2019-02-17 00:00:00+00:00,07020,9.362482469076415,"07117,07027,07005",3
2019-02-17 03:00:00+00:00,07020,9.447899795442613,"07117,07027,07005",3
2019-02-17 06:00:00+00:00,07020,9.28422871495222,"07117,07027,07005",3
2019-02-17 09:00:00+00:00,07020,11.117881609379355,"07117,07027,07005",3
2019-02-17 12:00:00+00:00,07020,14.686437245594576,"07117,07027,07005",3
2019-02-17 15:00:00+00:00,07020,14.237919397007008,"07117,07027,07005",3
2019-02-17 18:00:00+00:00,07020,11.460924395171112,"07117,07027,07005",3
2019-02-17 21:00:00+00:00,07020,10.357497774321674,"07117,07027,07005",3
2019-02-18 00:00:00+00:00,07020,10.182107808540804,"07117,07027,07005",3
2019-02-18 03:00:00+00:00,07020,9.816555068181358,"07117,07027,07005",3
2019-02-18 06:00:00+00:00,07020,8.312824462087294,"07117,07027,07005",3
2019-02-18 09:00:00+00:00,07020,8.397637523455472,"07117,07027,07005",3
2019-02-18 12:00:00+00:00,07020,10.20393163813938,"07117,07027,07005",3
2019-02-18 15:00:00+00:00,07020,12.073602478177163,"07117,07027,07005",3
2019-02-18 18:00:00+00:00,07020,9.157898568556604,"07117,07027,07005",3
2019-02-18 21:00:00+00:00,07020,8.392393525809057,"07117,07027,07005",3
2019-02-19 00:00:00+00:00,07020,7.540334248154835,"07117,07027,07005",3
2019-02-19 03:00:00+00:00,07020,7.173779510697647,"07117,07027,07005",3
2019-02-19 06:00:00+00:00,07020,6.720708908690474,"07117,07027,07005",3
2019-02-19 09:00:00+00:00,07020,8.047915200092023,"07117,07027,07005",3
2019-02-19 12:00:00+00:00,07020,11.465908131789375,"07117,07027,07005",3
2019-02-19 15:00:00+00:00,07020,11.198804353055337,"07117,07027,07005",3
2019-02-19 18:00:00+00:00,07471,6.025340837111619,"07460,07481,07558",3
2019-02-19 18:00:00+00:00,07020,9.71369338383678,"07117,07027,07005",3
2019-02-19 21:00:00+00:00,07471,2.2553849816506886,"07460,07481,07558",3
2019-02-19 21:00:00+00:00,07020,8.317022973021578,"07117,07027,07005",3
2019-02-20 00:00:00+00:00,07471,0.28730436513446334,"07460,07481,07558",3
2019-02-20 00:00:00+00:00,07020,7.1629302706910805,"07117,07027,07005",3
2019-02-20 03:00:00+00:00,07471,0.20244801419704217,"07460,07481,07558",3
2019-02-20 03:00:00+00:00,07020,6.14313375342604,"07117,07027,07005",3
2019-02-20 06:00:00+00:00,07471,-0.9592789270274262,"07460,07481,07558",3
2019-02-20 06:00:00+00:00,07020,5.57552863102705,"07117,07027,07005",3
2019-02-20 09:00:00+00:00,07020,6.899892651077413,"07117,07027,07005",3
2019-02-20 12:00:00+00:00,07020,11.356574119429613,"07117,07027,07005",3
2019-02-20 15:00:00+00:00,07020,13.184628773725018,"07117,07027,07005",3
2019-02-20 18:00:00+00:00,07020,10.968904037344483,"07117,07027,07005",3
2019-02-20 21:00:00+00:00,07020,8.944871596925015,"07117,07027,07005",3
2019-02-21 00:00:00+00:00,07020,9.24327240530845,"07117,07027,07005",3
2019-02-21 03:00:00+00:00,07020,8.453592975168025,"07117,07027,07005",3
2019-02-21 06:00:00+00:00,07020,8.34251011038315,"07117,07027,07005",3
2019-02-21 09:00:00+00:00,07020,10.544027932607342,"07117,07027,07005",3
2019-02-21 12:00:00+00:00,07020,13.691421940349354,"07117,07027,07005",3
2019-02-21 15:00:00+00:00,07020,15.639298602297346,"07117,07027,07005",3
2019-02-21 18:00:00+00:00,07020,12.039838549274737,"07117,07027,07005",3
2019-02-21 21:00:00+00:00,07020,10.093491408709234,"07117,07027,07005",3
2019-02-22 00:00:00+00:00,07020,9.374413006522936,"07117,07027,07005",3
2019-02-22 03:00:00+00:00,07020,7.750860392776284,"07117,07027,07005",3
2019-02-22 06:00:00+00:00,07020,7.006514184271032,"07117,07027,07005",3
2019-02-22 09:00:00+00:00,07020,8.685889897916368,"07117,07027,07005",3
2019-02-22 12:00:00+00:00,07020,12.895407653265297,"07117,07027,07005",3
2019-02-22 15:00:00+00:00,07020,16.146667902078452,"07117,07027,07005",3
2019-02-22 18:00:00+00:00,07020,12.959360511775941,"07117,07027,07005",3
2019-02-22 21:00:00+00:00,07020,11.835560282368197,"07117,07027,07005",3
2019-02-23 00:00:00+00:00,07020,10.39259814243443,"07117,07027,07005",3
2019-02-23 03:00:00+00:00,07020,9.992510928603595,"07117,07027,07005",3
2019-02-23 06:00:00+00:00,07460,4.854108525659889,"07471,07481,07255",3
2019-02-23 06:00:00+00:00,07020,10.014411498915521,"07117,07027,07005",3
2019-02-23 09:00:00+00:00,07020,12.10655437879439,"07117,07027,07005",3
2019-02-23 12:00:00+00:00,07020,13.764954778512259,"07117,07027,07005",3
2019-02-23 15:00:00+00:00,07020,14.87126716032727,"07117,07027,07005",3
2019-02-23 18:00:00+00:00,07020,11.818648567932238,"07117,07027,07005",3
2019-02-23 21:00:00+00:00,07020,9.93052369393181,"07117,07027,07005",3
2019-02-24 00:00:00+00:00,07020,9.390855367403535,"07117,07027,07005",3
2019-02-24 03:00:00+00:00,07020,8.238766659268547,"07117,07027,07005",3
2019-02-24 06:00:00+00:00,07020,7.323012224502959,"07117,07027,07005",3
2019-02-24 09:00:00+00:00,07020,9.792380680788519,"07117,07027,07005",3
2019-02-24 12:00:00+00:00,07020,11.089036797868038,"07117,07027,07005",3
2019-02-24 15:00:00+00:00,07020,12.353078016071803,"07117,07027,07005",3
2019-02-24 18:00:00+00:00,07020,11.024553855443811,"07117,07027,07005",3
2019-02-24 21:00:00+00:00,07020,9.863374321584624,"07117,07027,07005",3
2019-02-25 00:00:00+00:00,07020,10.752894763661313,"07117,07027,07005",3
2019-02-25 03:00:00+00:00,07020,7.62251157107017,"07117,07027,07005",3
2019-02-25 06:00:00+00:00,07460,1.562996240596441,"07471,07481,07255",3
2019-02-25 06:00:00+00:00,07020,7.853589725306991,"07117,07027,07005",3
2019-02-25 06:00:00+00:00,07643,4.616357787815592,"07650,07747,07577",3
2019-02-25 09:00:00+00:00,07020,9.942632632435423,"07117,07027,07005",3
2019-02-25 12:00:00+00:00,07020,12.360904024041252,"07117,07027,07005",3
2019-02-25 15:00:00+00:00,07020,12.451442558097291,"07117,07027,07005",3
2019-02-25 18:00:00+00:00,07020,10.660627177552891,"07117,07027,07005",3
2019-02-25 21:00:00+00:00,07020,10.507354553497706,"07117,07027,07005",3
2019-02-26 00:00:00+00:00,07020,9.074749940013653,"07117,07027,07005",3
2019-02-26 03:00:00+00:00,07020,9.030069592248637,"07117,07027,07005",3
2019-02-26 06:00:00+00:00,07020,7.147718799808129,"07117,07027,07005",3
2019-02-26 09:00:00+00:00,07020,9.996711999166742,"07117,07027,07005",3
2019-02-26 12:00:00+00:00,07020,13.238886541513425,"07117,07027,07005",3
2019-02-26 15:00:00+00:00,07020,13.246325055898602,"07117,07027,07005",3
2019-02-26 18:00:00+00:00,07020,13.925171643766834,"07117,07027,07005",3
2019-02-26 21:00:00+00:00,07020,12.529242969021254,"07117,07027,07005",3
2019-02-27 00:00:00+00:00,07020,11.507738529316683,"07117,07027,07005",3
2019-02-27 03:00:00+00:00,07020,10.402387214613874,"07117,07027,07005",3
2019-02-27 06:00:00+00:00,07020,9.525975148509712,"07117,07027,07005",3
2019-02-27 09:00:00+00:00,07020,12.586287397060303,"07117,07027,07005",3
2019-02-27 12:00:00+00:00,07020,14.530026278432272,"07117,07027,07005",3
2019-02-27 15:00:00+00:00,07020,15.423396108215615,"07117,07027,07005",3
2019-02-27 18:00:00+00:00,07020,14.872524299195458,"07117,07027,07005",3
2019-02-27 21:00:00+00:00,07020,11.300394217416699,"07117,07027,07005",3
2019-02-28 00:00:00+00:00,07020,10.531697780090347,"07117,07027,07005",3
2019-02-28 03:00:00+00:00,07020,10.683693464904662,"07117,07027,07005",3
2019-02-28 06:00:00+00:00,07020,11.056814511834252,"07117,07027,07005",3
2019-02-28 09:00:00+00:00,07020,12.467299223963789,"07117,07027,07005",3
2019-03-04 15:00:00+00:00,07015,8.817984243200272,"07005,07037,07149",3
2019-03-05 00:00:00+00:00,07471,3.7300929556914153,"07460,07481,07558",3
2019-03-05 06:00:00+00:00,07460,5.298581587398155,"07471,07481,07255",3
2019-03-05 06:00:00+00:00,07643,8.967387463866059,"07650,07747,07577",3
2019-03-09 21:00:00+00:00,07460,12.007022634632792,"07471,07481,07255",3
2019-03-09 21:00:00+00:00,07643,13.692683850919645,"07650,07747,07577",3
2019-03-10 00:00:00+00:00,07460,12.202770594826168,"07471,07481,07255",3
2019-03-10 00:00:00+00:00,07643,12.002840580063188,"07650,07747,07577",3
2019-03-13 00:00:00+00:00,07335,5.2953166843881325,"07240,07255,07222",3
2019-03-13 03:00:00+00:00,07335,4.950402067572096,"07240,07255,07222",3
2019-03-13 06:00:00+00:00,07335,4.805437496560204,"07240,07255,07222",3
2019-03-15 09:00:00+00:00,07460,11.27912280279474,"07471,07481,07255",3
2019-03-15 09:00:00+00:00,07643,14.916682607638771,"07650,07747,07577",3
2019-03-16 00:00:00+00:00,07299,11.236902822290025,"07190,07280,07181",3
2019-03-18 18:00:00+00:00,07460,7.236540098645255,"07471,07481,07255",3
2019-03-18 18:00:00+00:00,07643,11.715463768053237,"07650,07747,07577",3
2019-03-19 03:00:00+00:00,07460,3.4763958814575475,"07471,07481,07255",3
2019-03-19 03:00:00+00:00,07117,8.508901920296625,"07110,07027",2
2019-03-19 03:00:00+00:00,07072,0.021475035360607242,"07168,07149,07181",3
2019-03-19 03:00:00+00:00,07020,8.797118586095273,"07027,07005",2
2019-03-19 03:00:00+00:00,07314,8.352923120558028,"07222,07240,07335",3
2019-03-19 03:00:00+00:00,07607,5.126865974567157,"07510,07621,07630",3
2019-03-19 03:00:00+00:00,07643,7.8061054656034266,"07650,07747,07577",3
2019-03-19 03:00:00+00:00,07591,1.6687506877926008,"07577,07650,07558",3
2019-03-20 18:00:00+00:00,07460,10.233442209800623,"07471,07481,07255",3
2019-03-20 18:00:00+00:00,07643,12.379338462576225,"07650,07747,07577",3
2019-03-26 00:00:00+00:00,07460,4.99744285399553,"07471,07481,07255",3
2019-03-26 00:00:00+00:00,07643,10.578845481468871,"07650,07747,07577",3
2019-03-27 15:00:00+00:00,07460,13.57777690375179,"07471,07481,07255",3
2019-03-27 15:00:00+00:00,07643,16.725324695897015,"07650,07747,07577",3
2019-03-27 21:00:00+00:00,07314,11.69087771908923,"07222,07240,07335",3
2019-03-29 15:00:00+00:00,07460,17.907386531944937,"07471,07481,07255",3
2019-03-29 15:00:00+00:00,07643,16.16363349045634,"07650,07747,07577",3
2019-04-01 18:00:00+00:00,07558,14.985386462830812,"07630,07434,07535",3
2019-04-01 21:00:00+00:00,07558,12.028776882216581,"07630,07434,07535",3
2019-04-05 15:00:00+00:00,07460,13.628029174461236,"07471,07481,07255",3
2019-04-05 15:00:00+00:00,07643,16.4429958351476,"07650,07747,07577",3
2019-04-10 09:00:00+00:00,07460,10.352969361342122,"07471,07481,07255",3
2019-04-10 09:00:00+00:00,07643,13.95039722706484,"07650,07747,07577",3
2019-04-11 18:00:00+00:00,07460,12.350498707996051,"07471,07481,07255",3
2019-04-11 18:00:00+00:00,07643,12.993222490918741,"07650,07747,07577",3
2019-04-12 21:00:00+00:00,07460,7.039013613649264,"07471,07481,07255",3
2019-04-12 21:00:00+00:00,07643,13.224959588050908,"07650,07747,07577",3
2019-04-13 00:00:00+00:00,07460,5.061891975701114,"07471,07481,07255",3
2019-04-13 00:00:00+00:00,07643,11.621530348800716,"07650,07747,07577",3
2019-04-16 15:00:00+00:00,07460,13.392850895439484,"07471,07481,07255",3
2019-04-16 15:00:00+00:00,07643,15.298310345639646,"07650,07747,07577",3
2019-04-16 21:00:00+00:00,07015,9.388877894399473,"07005,07037,07149",3
2019-04-17 00:00:00+00:00,07460,6.871989664621577,"07471,07481,07255",3
2019-04-17 00:00:00+00:00,07643,8.603961802435316,"07650,07747,07577",3
2019-04-19 00:00:00+00:00,07460,12.604038978793652,"07471,07481,07255",3
2019-04-19 00:00:00+00:00,07643,11.0324495732202,"07650,07747,07577",3
2019-04-20 06:00:00+00:00,07190,10.402032108514117,"07299,07280,07181",3
2019-04-20 12:00:00+00:00,07190,22.89274815446334,"07299,07280,07181",3
2019-04-24 09:00:00+00:00,07460,12.046906852344547,"07471,07481,07255",3
2019-04-24 09:00:00+00:00,07643,16.353889468399142,"07650,07747,07577",3
2019-04-27 00:00:00+00:00,07460,9.283418474507808,"07471,07481,07255",3
2019-04-27 00:00:00+00:00,07643,12.739739971092371,"07650,07747,07577",3
2019-05-03 21:00:00+00:00,07790,14.533687924944118,"07761,07690,07650",3
2019-05-05 03:00:00+00:00,07790,12.173664060071918,"07761,07690,07650",3
2019-05-06 06:00:00+00:00,07790,9.655549395485135,"07761,07690,07650",3
2019-05-09 21:00:00+00:00,07790,13.971401510075868,"07761,07690,07650",3
2019-05-10 09:00:00+00:00,07222,12.299214362086493,"07130,07335,07240",3
2019-05-10 12:00:00+00:00,07117,12.783195085623012,"07020,07110,07027",3
2019-05-10 15:00:00+00:00,07117,13.092898459831408,"07020,07110,07027",3
2019-05-10 18:00:00+00:00,07117,11.815929915380112,"07020,07110,07027",3
2019-05-10 21:00:00+00:00,07117,10.612990677755993,"07020,07110,07027",3
2019-05-11 00:00:00+00:00,07117,10.084927206302753,"07020,07110,07027",3
2019-05-11 03:00:00+00:00,07117,10.559796899872063,"07020,07110,07027",3
2019-05-11 06:00:00+00:00,07117,10.342592733080961,"07020,07110,07027",3
2019-05-11 09:00:00+00:00,07117,12.767206689332813,"07020,07110,07027",3
2019-05-11 12:00:00+00:00,07117,13.80059039369514,"07020,07110,07027",3
2019-05-11 15:00:00+00:00,07117,14.345666797944459,"07020,07110,07027",3
2019-05-11 18:00:00+00:00,07117,13.50378628825829,"07020,07110,07027",3
2019-05-11 21:00:00+00:00,07117,10.740838532093958,"07020,07110,07027",3
2019-05-12 00:00:00+00:00,07117,9.428554005131167,"07020,07110,07027",3
2019-05-12 03:00:00+00:00,07117,7.406019577612936,"07020,07110,07027",3
2019-05-12 06:00:00+00:00,07117,9.83043006195267,"07020,07110,07027",3
2019-05-12 09:00:00+00:00,07117,14.398206362109399,"07020,07110,07027",3
2019-05-12 12:00:00+00:00,07117,15.838153582016691,"07020,07110,07027",3
2019-05-12 15:00:00+00:00,07117,15.610055421483205,"07020,07110,07027",3
2019-05-12 18:00:00+00:00,07117,13.887308320436505,"07020,07110,07027",3
2019-05-12 21:00:00+00:00,07117,11.215243129965927,"07020,07110,07027",3
2019-05-13 00:00:00+00:00,07117,10.40338790527656,"07020,07110,07027",3
2019-05-13 03:00:00+00:00,07117,9.350174897958206,"07020,07110,07027",3
2019-05-13 06:00:00+00:00,07117,10.087637669978752,"07020,07110,07027",3
2019-05-13 09:00:00+00:00,07117,13.416515669854302,"07020,07110,07027",3
2019-05-13 12:00:00+00:00,07117,14.966247787333714,"07020,07110,07027",3
2019-05-13 15:00:00+00:00,07117,14.970680799217241,"07020,07110,07027",3
2019-05-13 18:00:00+00:00,07117,13.722007814610018,"07020,07110,07027",3
2019-05-13 21:00:00+00:00,07117,11.281678219426665,"07020,07110,07027",3
2019-05-14 00:00:00+00:00,07117,10.67808467536955,"07020,07110,07027",3
2019-05-14 03:00:00+00:00,07117,9.99150102780774,"07020,07110,07027",3
2019-05-14 03:00:00+00:00,07535,8.568675999654447,"07630,07434,07510",3
2019-05-14 06:00:00+00:00,07117,10.814072261791324,"07020,07110,07027",3
2019-05-14 06:00:00+00:00,07535,9.572067458086089,"07630,07434,07510",3
2019-05-14 09:00:00+00:00,07117,14.637783444657796,"07020,07110,07027",3
2019-05-14 12:00:00+00:00,07117,15.827048939416928,"07020,07110,07027",3
2019-05-14 15:00:00+00:00,07117,15.806602043779279,"07020,07110,07027",3
2019-05-14 18:00:00+00:00,07117,14.63835006241154,"07020,07110,07027",3
2019-05-14 21:00:00+00:00,07117,11.8956895279554,"07020,07110,07027",3
2019-05-15 00:00:00+00:00,07117,10.56043280307236,"07020,07110,07027",3
2019-05-15 03:00:00+00:00,07117,9.69173918880013,"07020,07110,07027",3
2019-05-15 06:00:00+00:00,07117,10.844072059324198,"07020,07110,07027",3
2019-05-15 09:00:00+00:00,07117,14.923922515728258,"07020,07110,07027",3
2019-05-15 12:00:00+00:00,07117,16.79706837131844,"07020,07110,07027",3
2019-05-15 15:00:00+00:00,07117,16.140662505737716,"07020,07110,07027",3
2019-05-15 18:00:00+00:00,07117,14.776677789722442,"07020,07110,07027",3
2019-05-15 21:00:00+00:00,07117,11.668430742534323,"07020,07110,07027",3
2019-05-16 00:00:00+00:00,07117,10.260576191154279,"07020,07110,07027",3
2019-05-16 03:00:00+00:00,07117,9.858834320798364,"07020,07110,07027",3
2019-05-16 06:00:00+00:00,07117,11.122089708829565,"07020,07110,07027",3
2019-05-16 09:00:00+00:00,07117,13.898456761018899,"07020,07110,07027",3
2019-05-16 12:00:00+00:00,07117,15.978795962752816,"07020,07110,07027",3
2019-05-16 15:00:00+00:00,07117,15.818386387561988,"07020,07110,07027",3
2019-05-16 18:00:00+00:00,07117,13.388906988138443,"07020,07110,07027",3
2019-05-16 21:00:00+00:00,07117,11.510412283160495,"07020,07110,07027",3
2019-05-17 00:00:00+00:00,07117,11.051036446091874,"07020,07110,07027",3
2019-05-17 03:00:00+00:00,07117,10.755936578343858,"07020,07110,07027",3
2019-05-17 06:00:00+00:00,07117,11.147013414333395,"07020,07110,07027",3
2019-05-17 09:00:00+00:00,07117,13.147186059667803,"07020,07110,07027",3
2019-05-17 12:00:00+00:00,07117,13.86759210090964,"07020,07110,07027",3
2019-05-17 15:00:00+00:00,07117,12.809303001562203,"07020,07110,07027",3
2019-05-17 18:00:00+00:00,07117,11.813811556921829,"07020,07110,07027",3
2019-05-17 21:00:00+00:00,07117,10.822804099092812,"07020,07110,07027",3
2019-05-18 00:00:00+00:00,07117,10.636191835052294,"07020,07110,07027",3
2019-05-18 03:00:00+00:00,07117,10.62083934196241,"07020,07110,07027",3
2019-05-18 06:00:00+00:00,07117,11.292960846474644,"07020,07110,07027",3
2019-05-18 09:00:00+00:00,07117,12.96739792332782,"07020,07110,07027",3
2019-05-18 12:00:00+00:00,07117,14.364816399717542,"07020,07110,07027",3
2019-05-18 15:00:00+00:00,07117,14.41439823031171,"07020,07110,07027",3
2019-05-18 18:00:00+00:00,07117,13.410174948369844,"07020,07110,07027",3
2019-05-18 21:00:00+00:00,07117,11.872310386210893,"07020,07110,07027",3
2019-05-19 00:00:00+00:00,07117,10.686358593918941,"07020,07110,07027",3
2019-05-19 03:00:00+00:00,07117,10.177012292950593,"07020,07110,07027",3
2019-05-19 06:00:00+00:00,07117,11.607642747283958,"07020,07110,07027",3
2019-05-19 09:00:00+00:00,07117,13.253308035022217,"07020,07110,07027",3
2019-05-19 12:00:00+00:00,07117,14.150704152962797,"07020,07110,07027",3
2019-05-19 15:00:00+00:00,07117,13.86329327549168,"07020,07110,07027",3
2019-05-19 18:00:00+00:00,07117,13.003331498520923,"07020,07110,07027",3
2019-05-19 21:00:00+00:00,07117,11.989555314683805,"07020,07110,07027",3
2019-05-20 00:00:00+00:00,07117,10.926833203452858,"07020,07110,07027",3
2019-05-20 03:00:00+00:00,07117,10.894696736942942,"07020,07110,07027",3
2019-05-20 06:00:00+00:00,07117,11.878727570087143,"07020,07110,07027",3
2019-05-20 09:00:00+00:00,07117,13.89313339909509,"07020,07110,07027",3
2019-05-20 12:00:00+00:00,07117,15.570139576213439,"07020,07110,07027",3
2019-05-20 15:00:00+00:00,07240,16.03772963162853,"07335,07255,07139",3
2019-05-20 21:00:00+00:00,07005,10.915194540801496,"07037,07015,07027",3
2019-05-21 00:00:00+00:00,07005,9.675281911307628,"07037,07015,07027",3
2019-05-21 03:00:00+00:00,07005,8.722602941367287,"07037,07015,07027",3
2019-05-21 03:00:00+00:00,07643,14.458511333265372,"07650,07747,07577",3
2019-05-21 06:00:00+00:00,07005,10.596654326909006,"07037,07015,07027",3
2019-05-21 09:00:00+00:00,07005,15.262257609526781,"07037,07015,07027",3
2019-05-21 12:00:00+00:00,07005,17.785869669591527,"07037,07015,07027",3
2019-05-23 03:00:00+00:00,07790,15.675716263217653,"07761,07690,07650",3
2019-05-25 00:00:00+00:00,07790,14.325184285904513,"07761,07690,07650",3
2019-05-25 03:00:00+00:00,07643,15.577889080556544,"07650,07747,07577",3
2019-06-04 09:00:00+00:00,07747,22.806275838050105,"07643,07650,07577",3
2019-06-05 00:00:00+00:00,07460,16.673313956278363,"07471,07481,07255",3
2019-06-05 00:00:00+00:00,07643,17.50554653027605,"07650,07747,07577",3
2019-06-05 09:00:00+00:00,07558,9.704583919995047,"07630,07434,07535",3
2019-06-07 06:00:00+00:00,07747,18.415863148800824,"07643,07650,07577",3
2019-06-11 00:00:00+00:00,07460,10.690937132641032,"07471,07481,07255",3
2019-06-11 00:00:00+00:00,07643,15.965141753717665,"07650,07747,07577",3
2019-06-11 15:00:00+00:00,07761,20.687063938687135,"07790,07690,07650",3
2019-06-11 18:00:00+00:00,07761,19.12449643222274,"07790,07690,07650",3
2019-06-11 21:00:00+00:00,07761,18.612958655435147,"07790,07690,07650",3
2019-06-12 00:00:00+00:00,07761,18.38965823973419,"07790,07690,07650",3
2019-06-12 03:00:00+00:00,07761,17.76952256769387,"07790,07690,07650",3
2019-06-12 03:00:00+00:00,07139,8.438090549829631,"07037,07240,07149",3
2019-06-12 03:00:00+00:00,07558,6.74711422493923,"07630,07434,07535",3
2019-06-12 06:00:00+00:00,07761,19.026086306505643,"07790,07690,07650",3
2019-06-12 06:00:00+00:00,07139,9.96444934145856,"07037,07240,07149",3
2019-06-12 06:00:00+00:00,07558,7.58371623798867,"07630,07434,07535",3
2019-06-12 09:00:00+00:00,07761,22.98138726082039,"07790,07690,07650",3
2019-06-12 09:00:00+00:00,07139,12.177307333588328,"07037,07240,07149",3
2019-06-12 09:00:00+00:00,07558,11.819214781695488,"07630,07434,07535",3
2019-06-12 12:00:00+00:00,07761,23.65358478713111,"07790,07690,07650",3
2019-06-12 12:00:00+00:00,07139,13.528038586883712,"07037,07240,07149",3
2019-06-12 12:00:00+00:00,07558,14.081883853843136,"07630,07434,07535",3
2019-06-12 15:00:00+00:00,07761,22.93543404461377,"07790,07690,07650",3
2019-06-12 15:00:00+00:00,07139,13.899968515317616,"07037,07240,07149",3
2019-06-12 15:00:00+00:00,07558,14.851360829615144,"07630,07434,07535",3
2019-06-12 15:00:00+00:00,07591,18.42643996497662,"07577,07650",2
2019-06-12 18:00:00+00:00,07139,12.905868855686984,"07037,07240,07149",3
2019-06-12 21:00:00+00:00,07139,11.8936863333677,"07037,07240,07149",3
2019-06-13 00:00:00+00:00,07139,10.738041641069817,"07037,07240,07149",3
2019-06-13 03:00:00+00:00,07139,9.659014061011911,"07037,07240,07149",3
2019-06-13 03:00:00+00:00,07558,8.030471899005118,"07630,07434,07535",3
2019-06-13 06:00:00+00:00,07139,11.00022920817286,"07037,07240,07149",3
2019-06-13 06:00:00+00:00,07558,9.357205183078786,"07630,07434,07535",3
2019-06-13 09:00:00+00:00,07139,13.821472032063525,"07037,07240,07149",3
2019-06-15 12:00:00+00:00,07607,18.190036798886116,"07510,07621,07630",3
2019-06-17 03:00:00+00:00,07790,16.093121291793747,"07761,07690,07650",3
2019-06-17 06:00:00+00:00,07460,15.697448661978846,"07471,07481,07255",3
2019-06-17 06:00:00+00:00,07643,20.34069069911112,"07650,07747,07577",3
2019-06-18 06:00:00+00:00,07558,17.61247461314749,"07630,07434,07535",3
2019-06-18 12:00:00+00:00,07577,27.645676818601455,"07481,07650,07280",3
2019-06-18 12:00:00+00:00,07558,27.29562820648088,"07630,07434,07535",3
2019-06-18 15:00:00+00:00,07558,29.062564860400762,"07630,07434,07535",3
2019-06-20 15:00:00+00:00,07790,25.876789417302117,"07761,07690,07650",3
2019-06-24 00:00:00+00:00,07460,18.451081446481393,"07471,07481,07255",3
2019-06-24 03:00:00+00:00,07460,16.931592300183084,"07471,07481,07255",3
2019-06-24 03:00:00+00:00,07790,18.403051763747566,"07761,07690,07650",3
2019-06-24 06:00:00+00:00,07460,20.376607652435425,"07471,07481,07255",3
2019-06-25 21:00:00+00:00,07790,26.25718818229833,"07761,07690,07650",3
2019-06-27 03:00:00+00:00,07790,23.54457198889411,"07761,07690,07650",3
2019-06-27 15:00:00+00:00,07460,38.753900167213274,"07471,07481,07255",3
2019-06-27 15:00:00+00:00,07643,34.07667849454883,"07650,07747,07577",3
2019-06-30 00:00:00+00:00,07747,25.06038444421366,"07643,07650,07577",3
2019-06-30 03:00:00+00:00,07747,23.16611365157872,"07643,07650,07577",3
2019-06-30 06:00:00+00:00,07299,22.278511449605954,"07190,07280,07181",3
2019-07-01 18:00:00+00:00,07607,22.024949774081765,"07510,07621,07630",3
2019-07-02 03:00:00+00:00,07460,,,0
2019-07-02 03:00:00+00:00,07471,,,0
2019-07-02 03:00:00+00:00,07481,,,0
2019-07-02 03:00:00+00:00,07577,,,0
2019-07-02 03:00:00+00:00,07280,,,0
2019-07-02 03:00:00+00:00,07110,,,0
2019-07-02 03:00:00+00:00,07117,,,0
2019-07-02 03:00:00+00:00,07130,,,0
2019-07-02 03:00:00+00:00,07240,,,0
2019-07-02 03:00:00+00:00,07255,,,0
2019-07-02 03:00:00+00:00,07761,,,0
2019-07-02 03:00:00+00:00,07790,,,0
2019-07-02 03:00:00+00:00,07072,,,0
2019-07-02 03:00:00+00:00,07168,,,0
2019-07-02 03:00:00+00:00,07181,,,0
2019-07-02 03:00:00+00:00,07190,,,0
2019-07-02 03:00:00+00:00,07299,,,0
2019-07-02 03:00:00+00:00,07005,,,0
2019-07-02 03:00:00+00:00,07015,,,0
2019-07-02 03:00:00+00:00,07020,,,0
2019-07-02 03:00:00+00:00,07027,,,0
2019-07-02 03:00:00+00:00,07037,,,0
2019-07-02 03:00:00+00:00,07139,,,0
2019-07-02 03:00:00+00:00,07314,,,0
2019-07-02 03:00:00+00:00,07335,,,0
2019-07-02 03:00:00+00:00,07434,,,0
2019-07-02 03:00:00+00:00,07510,,,0
2019-07-02 03:00:00+00:00,07607,,,0
2019-07-02 03:00:00+00:00,07535,,,0
2019-07-02 03:00:00+00:00,07558,,,0
2019-07-02 03:00:00+00:00,07621,,,0
2019-07-02 03:00:00+00:00,07627,,,0
2019-07-02 03:00:00+00:00,07630,,,0
2019-07-02 03:00:00+00:00,07643,,,0
2019-07-02 03:00:00+00:00,07747,,,0
2019-07-02 03:00:00+00:00,07222,,,0
2019-07-02 03:00:00+00:00,07591,,,0
2019-07-02 03:00:00+00:00,07650,,,0
2019-07-02 03:00:00+00:00,07690,,,0
2019-07-02 03:00:00+00:00,07149,,,0
2019-07-02 06:00:00+00:00,07460,,,0
2019-07-02 06:00:00+00:00,07471,,,0
2019-07-02 06:00:00+00:00,07481,,,0
2019-07-02 06:00:00+00:00,07577,,,0
2019-07-02 06:00:00+00:00,07280,,,0
2019-07-02 06:00:00+00:00,07110,,,0
2019-07-02 06:00:00+00:00,07117,,,0
2019-07-02 06:00:00+00:00,07130,,,0
2019-07-02 06:00:00+00:00,07240,,,0
2019-07-02 06:00:00+00:00,07255,,,0
2019-07-02 06:00:00+00:00,07761,,,0
2019-07-02 06:00:00+00:00,07790,,,0
2019-07-02 06:00:00+00:00,07072,,,0
2019-07-02 06:00:00+00:00,07168,,,0
2019-07-02 06:00:00+00:00,07181,,,0
2019-07-02 06:00:00+00:00,07190,,,0
2019-07-02 06:00:00+00:00,07299,,,0
2019-07-02 06:00:00+00:00,07005,,,0
2019-07-02 06:00:00+00:00,07015,,,0
2019-07-02 06:00:00+00:00,07020,,,0
2019-07-02 06:00:00+00:00,07027,,,0
2019-07-02 06:00:00+00:00,07037,,,0
2019-07-02 06:00:00+00:00,07139,,,0
2019-07-02 06:00:00+00:00,07314,,,0
2019-07-02 06:00:00+00:00,07335,,,0
2019-07-02 06:00:00+00:00,07434,,,0
2019-07-02 06:00:00+00:00,07510,,,0
2019-07-02 06:00:00+00:00,07607,,,0
2019-07-02 06:00:00+00:00,07535,,,0
2019-07-02 06:00:00+00:00,07558,,,0
2019-07-02 06:00:00+00:00,07621,,,0
2019-07-02 06:00:00+00:00,07627,,,0
2019-07-02 06:00:00+00:00,07630,,,0
2019-07-02 06:00:00+00:00,07643,,,0
2019-07-02 06:00:00+00:00,07747,,,0
2019-07-02 06:00:00+00:00,07222,,,0
2019-07-02 06:00:00+00:00,07591,,,0
2019-07-02 06:00:00+00:00,07650,,,0
2019-07-02 06:00:00+00:00,07690,,,0
2019-07-02 06:00:00+00:00,07149,,,0
2019-07-02 09:00:00+00:00,07460,22.62227063294144,"07471,07481,07255",3
2019-07-02 12:00:00+00:00,07460,26.493956008384114,"07471,07481,07255",3
2019-07-02 15:00:00+00:00,07460,27.72970205450872,"07471,07481,07255",3
2019-07-03 12:00:00+00:00,07168,25.402013770763965,"07072,07181,07149",3
2019-07-03 15:00:00+00:00,07168,26.603026687723375,"07072,07181,07149",3
2019-07-03 18:00:00+00:00,07558,26.625044197581836,"07630,07434,07535",3
2019-07-03 21:00:00+00:00,07558,21.02308850540097,"07630,07434,07535",3
2019-07-08 06:00:00+00:00,07117,15.569783607317026,"07020,07110,07027",3
2019-07-08 09:00:00+00:00,07117,19.274571111485685,"07020,07110,07027",3
2019-07-08 12:00:00+00:00,07117,20.629206397517855,"07020,07110,07027",3
2019-07-09 00:00:00+00:00,07117,14.09102829018357,"07020,07110,07027",3
2019-07-09 00:00:00+00:00,07535,21.082876041422765,"07630,07434,07510",3
2019-07-09 00:00:00+00:00,07558,18.38223474019411,"07630,07434",2
2019-07-09 03:00:00+00:00,07139,12.007155731963993,"07037,07240,07149",3
2019-07-09 03:00:00+00:00,07535,18.813822219665376,"07630,07434,07510",3
2019-07-09 03:00:00+00:00,07558,16.382962082397565,"07630,07434",2
2019-07-09 06:00:00+00:00,07139,13.344015732079166,"07037,07240,07149",3
2019-07-09 06:00:00+00:00,07535,18.073800639712783,"07630,07434,07510",3
2019-07-09 06:00:00+00:00,07558,15.930456648260519,"07630,07434",2
2019-07-09 09:00:00+00:00,07139,18.99994582264565,"07037,07240,07149",3
2019-07-09 09:00:00+00:00,07535,20.756459701173387,"07630,07434,07510",3
2019-07-09 09:00:00+00:00,07558,18.261121423819123,"07630,07434",2
2019-07-09 12:00:00+00:00,07535,23.885868798894936,"07630,07434,07510",3
2019-07-09 12:00:00+00:00,07558,21.190738216459717,"07630,07434",2
2019-07-09 15:00:00+00:00,07558,21.72749256653319,"07630,07434,07535",3
2019-07-09 18:00:00+00:00,07558,20.291185281724168,"07630,07434,07535",3
2019-07-09 21:00:00+00:00,07558,18.40340580055365,"07630,07434,07535",3
2019-07-10 00:00:00+00:00,07558,16.6934694851424,"07630,07434,07535",3
2019-07-10 03:00:00+00:00,07558,14.930123890479786,"07630,07434,07535",3
2019-07-10 06:00:00+00:00,07558,15.424990348507789,"07630,07434,07535",3
2019-07-10 09:00:00+00:00,07117,20.819412298329425,"07020,07110,07027",3
2019-07-10 09:00:00+00:00,07558,19.24330789941295,"07630,07434,07535",3
2019-07-10 12:00:00+00:00,07558,23.51289881714161,"07630,07434,07535",3
2019-07-10 15:00:00+00:00,07558,25.927790797404832,"07630,07434,07535",3
2019-07-10 18:00:00+00:00,07558,25.439216000274683,"07630,07434,07535",3
2019-07-10 21:00:00+00:00,07558,21.24145496365216,"07630,07434,07535",3
2019-07-11 00:00:00+00:00,07558,18.352278931037166,"07630,07434,07535",3
2019-07-11 03:00:00+00:00,07558,15.94307912750263,"07630,07434,07535",3
2019-07-11 06:00:00+00:00,07558,16.124259682389265,"07630,07434,07535",3
2019-07-11 09:00:00+00:00,07558,22.625218929409506,"07630,07434,07535",3
2019-07-11 12:00:00+00:00,07558,25.62932813134976,"07630,07434,07535",3
2019-07-11 15:00:00+00:00,07558,27.05778728136677,"07630,07434,07535",3
2019-07-11 18:00:00+00:00,07558,25.649904691267835,"07630,07434,07535",3
2019-07-11 21:00:00+00:00,07558,22.090065311745008,"07630,07434,07535",3
2019-07-12 00:00:00+00:00,07558,18.88454480903934,"07630,07434,07535",3
2019-07-12 03:00:00+00:00,07558,16.91257545192175,"07630,07434,07535",3
2019-07-12 06:00:00+00:00,07558,16.918564447855957,"07630,07434,07535",3
2019-07-12 09:00:00+00:00,07558,21.19112244325574,"07630,07434,07535",3
2019-07-12 12:00:00+00:00,07558,24.623784185554424,"07630,07434,07535",3
2019-07-12 15:00:00+00:00,07558,25.98121872831494,"07630,07434,07535",3
2019-07-12 15:00:00+00:00,07747,33.377410169191386,"07643,07650,07577",3
2019-07-12 18:00:00+00:00,07558,25.34482904769245,"07630,07434,07535",3
2019-07-12 21:00:00+00:00,07558,21.385672942129066,"07630,07434,07535",3
2019-07-13 00:00:00+00:00,07558,18.85348019903873,"07630,07434,07535",3
2019-07-13 03:00:00+00:00,07558,16.673183898671702,"07630,07434,07535",3
2019-07-13 06:00:00+00:00,07558,17.532166769905054,"07630,07434,07535",3
2019-07-13 09:00:00+00:00,07558,21.993679962732827,"07630,07434,07535",3
2019-07-13 12:00:00+00:00,07558,24.634841376631165,"07630,07434,07535",3
2019-07-13 15:00:00+00:00,07558,26.25491429102542,"07630,07434,07535",3
2019-07-13 18:00:00+00:00,07558,25.76840442243348,"07630,07434,07535",3
2019-07-13 21:00:00+00:00,07558,21.905009684296143,"07630,07434,07535",3
2019-07-14 00:00:00+00:00,07558,19.251028815746604,"07630,07434,07535",3
2019-07-14 03:00:00+00:00,07558,16.87699313611404,"07630,07434,07535",3
2019-07-14 06:00:00+00:00,07558,17.067438275327845,"07630,07434,07535",3
2019-07-14 09:00:00+00:00,07558,21.706571306960026,"07630,07434,07535",3
2019-07-14 12:00:00+00:00,07558,24.765852051726174,"07630,07434,07535",3
2019-07-14 15:00:00+00:00,07558,25.904210970882367,"07630,07434,07535",3
2019-07-14 18:00:00+00:00,07558,24.169204887162863,"07630,07434,07535",3
2019-07-14 21:00:00+00:00,07558,19.767695299448082,"07630,07434,07535",3
2019-07-15 00:00:00+00:00,07558,16.864494998085245,"07630,07434,07535",3
2019-07-15 03:00:00+00:00,07558,14.323945665558762,"07630,07434,07535",3
2019-07-15 06:00:00+00:00,07558,14.170850951485347,"07630,07434,07535",3
2019-07-15 09:00:00+00:00,07558,19.346275882770392,"07630,07434,07535",3
2019-07-16 03:00:00+00:00,07168,9.701161160441803,"07072,07181,07149",3
2019-07-23 12:00:00+00:00,07607,38.55093351756289,"07510,07621,07630",3
2019-07-24 18:00:00+00:00,07481,33.46651717239816,"07280,07460,07577",3
2019-07-26 12:00:00+00:00,07190,31.282936061937136,"07299,07280,07181",3
2019-07-26 18:00:00+00:00,07747,26.795461213054395,"07643,07650,07577",3
2019-07-26 21:00:00+00:00,07747,23.85554534770838,"07643,07650,07577",3
2019-07-27 00:00:00+00:00,07747,24.69514019872433,"07643,07650,07577",3
2019-07-27 03:00:00+00:00,07747,23.7022410339534,"07643,07650,07577",3
2019-07-27 06:00:00+00:00,07747,23.61702603824405,"07643,07650,07577",3
2019-07-27 09:00:00+00:00,07747,25.745305743132725,"07643,07650,07577",3
2019-07-27 12:00:00+00:00,07747,26.234949477179562,"07643,07650,07577",3
2019-07-27 15:00:00+00:00,07747,22.552876156737128,"07643,07650,07577",3
2019-07-27 18:00:00+00:00,07747,22.846537161319567,"07643,07650,07577",3
2019-07-27 21:00:00+00:00,07747,21.739528159280248,"07643,07650,07577",3
2019-07-28 00:00:00+00:00,07747,20.61813195626103,"07643,07650,07577",3
2019-07-28 03:00:00+00:00,07747,20.043212961281114,"07643,07650,07577",3
2019-07-28 06:00:00+00:00,07747,21.244447769812595,"07643,07650,07577",3
2019-07-28 09:00:00+00:00,07747,23.607139250836333,"07643,07650,07577",3
2019-07-28 12:00:00+00:00,07747,27.064677689761183,"07643,07650,07577",3
2019-07-28 15:00:00+00:00,07747,27.59088806126801,"07643,07650,07577",3
2019-07-28 18:00:00+00:00,07747,26.41988720002564,"07643,07650,07577",3
2019-07-28 21:00:00+00:00,07747,23.442548778719818,"07643,07650,07577",3
2019-07-29 00:00:00+00:00,07747,21.55778196773641,"07643,07650,07577",3
2019-07-29 03:00:00+00:00,07747,19.874998052217407,"07643,07650,07577",3
2019-07-29 06:00:00+00:00,07747,20.443141376894694,"07643,07650,07577",3
2019-07-29 09:00:00+00:00,07747,26.04294385780672,"07643,07650,07577",3
2019-07-29 12:00:00+00:00,07747,27.2589787148379,"07643,07650,07577",3
2019-07-30 12:00:00+00:00,07747,30.886957128819894,"07643,07650,07577",3
2019-08-02 00:00:00+00:00,07790,22.512774610846645,"07761,07690,07650",3
2019-08-02 00:00:00+00:00,07747,20.940970135836373,"07643,07650,07577",3
2019-08-03 00:00:00+00:00,07460,17.53715962446628,"07471,07481,07255",3
2019-08-03 00:00:00+00:00,07643,24.85370699608099,"07650,07747,07577",3
2019-08-12 09:00:00+00:00,07280,17.13330426009359,"07181,07299,07190",3
2019-08-13 03:00:00+00:00,07020,12.814227208190038,"07117,07027,07005",3
2019-08-13 06:00:00+00:00,07020,14.003466327876556,"07117,07027,07005",3
2019-08-13 09:00:00+00:00,07020,15.06339555874467,"07117,07027,07005",3
2019-08-13 12:00:00+00:00,07460,19.986078090595548,"07471,07481,07255",3
2019-08-13 12:00:00+00:00,07020,16.84388410430951,"07117,07027,07005",3
2019-08-13 12:00:00+00:00,07643,24.940447944208067,"07650,07747,07577",3
2019-08-13 15:00:00+00:00,07020,17.889654353235308,"07117,07027,07005",3
2019-08-13 15:00:00+00:00,07558,20.087963836934755,"07630,07434,07535",3
2019-08-13 18:00:00+00:00,07020,16.624264574335022,"07117,07027,07005",3
2019-08-13 21:00:00+00:00,07020,14.568445950338145,"07117,07027,07005",3
2019-08-14 00:00:00+00:00,07020,14.311878099110842,"07117,07027,07005",3
2019-08-14 03:00:00+00:00,07020,14.61757995080785,"07117,07027,07005",3
2019-08-14 06:00:00+00:00,07020,15.172375328619156,"07117,07027,07005",3
2019-08-14 09:00:00+00:00,07020,16.687432207161677,"07117,07027,07005",3
2019-08-17 03:00:00+00:00,07747,17.02119321733084,"07643,07650,07577",3
2019-08-17 06:00:00+00:00,07747,18.80134418905896,"07643,07650,07577",3
2019-08-17 09:00:00+00:00,07747,23.30544370272186,"07643,07650,07577",3
2019-08-17 12:00:00+00:00,07747,26.266522439350418,"07643,07650,07577",3
2019-08-17 15:00:00+00:00,07747,27.198631169010724,"07643,07650,07577",3
2019-08-17 18:00:00+00:00,07747,24.749778466790474,"07643,07650,07577",3
2019-08-17 21:00:00+00:00,07747,23.236508449814927,"07643,07650,07577",3
2019-08-18 00:00:00+00:00,07747,23.177490116927586,"07643,07650,07577",3
2019-08-18 03:00:00+00:00,07747,22.3509936427468,"07643,07650,07577",3
2019-08-18 06:00:00+00:00,07747,22.888409849266253,"07643,07650,07577",3
2019-08-18 09:00:00+00:00,07747,25.876500960118037,"07643,07650,07577",3
2019-08-18 12:00:00+00:00,07747,27.242286033667405,"07643,07650,07577",3
2019-08-18 15:00:00+00:00,07747,27.33157843009414,"07643,07650,07577",3
2019-08-18 18:00:00+00:00,07747,25.197902276883205,"07643,07650,07577",3
2019-08-18 21:00:00+00:00,07314,16.068875629965362,"07222,07240,07335",3
2019-08-18 21:00:00+00:00,07747,23.572878002718653,"07643,07650,07577",3
2019-08-19 00:00:00+00:00,07314,14.04924897876595,"07222,07240,07335",3
2019-08-19 00:00:00+00:00,07747,22.436178505844268,"07643,07650,07577",3
2019-08-19 03:00:00+00:00,07314,13.006328097653824,"07222,07240,07335",3
2019-08-19 03:00:00+00:00,07747,21.806248329832194,"07643,07650,07577",3
2019-08-19 06:00:00+00:00,07314,13.36942829685526,"07222,07240,07335",3
2019-08-19 06:00:00+00:00,07747,22.407283664285252,"07643,07650,07577",3
2019-08-19 09:00:00+00:00,07747,22.830579959049608,"07643,07650,07577",3
2019-08-20 15:00:00+00:00,07005,20.508599568107247,"07037,07015,07027",3
2019-08-21 00:00:00+00:00,07020,13.753235893221783,"07117,07027,07005",3
2019-08-21 00:00:00+00:00,07314,15.476640512022087,"07222,07240,07335",3
2019-08-21 15:00:00+00:00,07314,23.561726576888354,"07222,07240,07335",3
2019-08-21 18:00:00+00:00,07314,22.631956269107583,"07222,07240,07335",3
2019-08-22 09:00:00+00:00,07314,20.585104398766774,"07222,07240,07335",3
2019-08-23 03:00:00+00:00,07460,14.27699921798858,"07471,07481,07255",3
2019-08-23 03:00:00+00:00,07117,11.805079719620311,"07020,07110,07027",3
2019-08-23 03:00:00+00:00,07643,18.250219731027425,"07650,07747,07577",3
2019-08-23 06:00:00+00:00,07314,15.896774618850511,"07222,07240,07335",3
2019-08-23 15:00:00+00:00,07460,28.562299526744418,"07471,07481,07255",3
2019-08-23 15:00:00+00:00,07643,29.103115702081055,"07650,07747,07577",3
2019-08-24 03:00:00+00:00,07460,15.17237689773769,"07471,07481,07255",3
2019-08-24 03:00:00+00:00,07790,21.40453959827487,"07761,07690,07650",3
2019-08-24 03:00:00+00:00,07314,17.266093475548633,"07222,07240,07335",3
2019-08-24 03:00:00+00:00,07643,19.04754256361593,"07650,07747,07577",3
2019-08-24 06:00:00+00:00,07314,17.055119783567875,"07222,07240,07335",3
2019-08-24 09:00:00+00:00,07314,22.827284806986178,"07222,07240,07335",3
2019-08-24 18:00:00+00:00,07314,26.30338698605747,"07222,07240,07335",3
2019-08-24 21:00:00+00:00,07314,20.310892793192814,"07222,07240,07335",3
2019-08-25 03:00:00+00:00,07314,16.360863366194813,"07222,07240,07335",3
2019-08-25 12:00:00+00:00,07460,30.929950726532446,"07471,07481,07255",3
2019-08-25 12:00:00+00:00,07643,30.80868020333955,"07650,07747,07577",3
2019-08-26 15:00:00+00:00,07314,28.770793915670367,"07222,07240,07335",3
2019-08-26 18:00:00+00:00,07314,27.00118428702637,"07222,07240,07335",3
2019-08-29 03:00:00+00:00,07790,21.99429538382377,"07761,07690,07650",3
2019-08-30 06:00:00+00:00,07072,13.307226946894046,"07168,07149,07181",3
2019-08-30 09:00:00+00:00,07072,20.836722195099544,"07168,07149,07181",3
2019-08-30 12:00:00+00:00,07314,24.38524948847079,"07222,07240,07335",3
2019-08-30 15:00:00+00:00,07314,25.918127867717324,"07222,07240,07335",3
2019-08-30 18:00:00+00:00,07314,24.475158577044304,"07222,07240,07335",3
2019-09-01 15:00:00+00:00,07460,21.132127568082826,"07471,07481,07255",3
2019-09-01 15:00:00+00:00,07117,17.741216023602057,"07020,07110,07027",3
2019-09-01 15:00:00+00:00,07643,27.62848551404704,"07650,07747,07577",3
2019-09-04 12:00:00+00:00,07027,16.803978455869853,"07037,07139,07005",3
2019-09-11 06:00:00+00:00,07460,8.98281073613409,"07471,07481,07255",3
2019-09-11 06:00:00+00:00,07643,16.835291951038393,"07650,07747,07577",3
2019-09-13 12:00:00+00:00,07460,26.6914824933801,"07471,07481,07255",3
2019-09-13 12:00:00+00:00,07558,26.668315972163896,"07630,07434,07535",3
2019-09-13 12:00:00+00:00,07643,28.736526739372724,"07650,07747,07577",3
2019-09-14 00:00:00+00:00,07790,20.118428118674764,"07761,07690,07650",3
2019-09-15 21:00:00+00:00,07460,23.129020865363266,"07471,07481,07255",3
2019-09-15 21:00:00+00:00,07643,20.89783883546671,"07650,07747,07577",3
2019-09-16 12:00:00+00:00,07460,30.65608778866624,"07471,07481,07255",3
2019-09-16 12:00:00+00:00,07190,28.43940398205655,"07299,07280,07181",3
2019-09-16 12:00:00+00:00,07643,28.986836155418352,"07650,07747,07577",3
2019-09-18 21:00:00+00:00,07460,16.124118685169197,"07471,07481,07255",3
2019-09-18 21:00:00+00:00,07643,21.598305058567075,"07650,07747,07577",3
2019-09-21 18:00:00+00:00,07460,22.198859864647833,"07471,07481,07255",3
2019-09-21 18:00:00+00:00,07643,18.514808071559685,"07650,07747,07577",3
2019-09-24 09:00:00+00:00,07130,17.311768525746437,"07222,07139,07027",3
2019-09-28 06:00:00+00:00,07149,13.411529550584948,"07240,07037,07139",3
2019-09-28 09:00:00+00:00,07460,16.885926554671794,"07471,07481,07255",3
2019-09-28 09:00:00+00:00,07280,16.32742930470464,07190,1
2019-09-28 09:00:00+00:00,07181,15.784914621137881,"07168,07190",2
2019-09-28 09:00:00+00:00,07299,16.047411563451696,07190,1
2019-09-28 09:00:00+00:00,07020,15.892976586795521,"07117,07005",2
2019-09-28 09:00:00+00:00,07027,14.691498104107735,"07037,07139,07005",3
2019-09-28 09:00:00+00:00,07314,16.602956716671194,"07222,07240,07335",3
2019-09-28 09:00:00+00:00,07643,21.83665764292502,"07650,07747,07577",3
2019-09-28 09:00:00+00:00,07149,15.834148285467135,"07240,07037,07139",3
2019-09-28 15:00:00+00:00,07168,18.511439811051297,"07072,07181,07149",3
2019-10-03 00:00:00+00:00,07460,10.799072789199773,"07471,07481,07255",3
2019-10-03 00:00:00+00:00,07558,11.445815132504203,"07630,07434,07535",3
2019-10-03 00:00:00+00:00,07643,16.81785423380505,"07650,07747,07577",3
2019-10-03 06:00:00+00:00,07139,2.8632849417813,"07037,07240,07149",3
2019-10-03 09:00:00+00:00,07139,8.643035519072914,"07037,07240,07149",3
2019-10-03 12:00:00+00:00,07139,11.976698872595025,"07037,07240,07149",3
2019-10-03 15:00:00+00:00,07139,13.97818914400337,"07037,07240,07149",3
2019-10-03 18:00:00+00:00,07139,11.389682871869374,"07037,07240,07149",3
2019-10-03 21:00:00+00:00,07139,10.418166026916186,"07037,07240,07149",3
2019-10-04 00:00:00+00:00,07139,11.272142866490707,"07037,07240,07149",3
2019-10-04 03:00:00+00:00,07139,12.971983923971429,"07037,07240,07149",3
2019-10-04 06:00:00+00:00,07139,12.759627730617547,"07037,07240,07149",3
2019-10-06 09:00:00+00:00,07460,15.257963497149762,"07471,07481,07255",3
2019-10-06 09:00:00+00:00,07643,19.922913776600378,"07650,07747,07577",3
2019-10-07 03:00:00+00:00,07139,9.049604746432703,"07037,07240,07149",3
2019-10-07 06:00:00+00:00,07139,9.307560797825909,"07037,07240,07149",3
2019-10-07 09:00:00+00:00,07139,11.49200221052826,"07037,07240,07149",3
2019-10-07 12:00:00+00:00,07139,14.826281875269421,"07037,07240,07149",3
2019-10-07 15:00:00+00:00,07139,14.59758733839867,"07037,07240,07149",3
2019-10-07 18:00:00+00:00,07139,12.39434049184285,"07037,07240,07149",3
2019-10-07 21:00:00+00:00,07139,12.146850474219363,"07037,07240,07149",3
2019-10-08 00:00:00+00:00,07139,12.40612550179497,"07037,07240,07149",3
2019-10-08 03:00:00+00:00,07139,13.628776160758937,"07037,07240,07149",3
2019-10-08 06:00:00+00:00,07139,13.616545701615983,"07037,07240,07149",3
2019-10-08 12:00:00+00:00,07535,21.643110981863973,"07630,07434,07510",3
2019-10-14 15:00:00+00:00,07790,24.45168500598595,"07761,07690,07650",3
2019-10-16 03:00:00+00:00,07181,9.880480829744263,"07168,07280,07190",3
2019-10-25 00:00:00+00:00,07460,11.581235840235838,"07471,07481,07255",3
2019-10-25 00:00:00+00:00,07643,14.694839726556648,"07650,07747,07577",3
2019-10-25 21:00:00+00:00,07460,10.589557307920332,"07471,07481,07255",3
2019-10-29 12:00:00+00:00,07558,17.96050182906676,"07630,07434,07535",3
2019-11-03 03:00:00+00:00,07314,12.7637822543866,"07222,07240,07335",3
2019-11-03 21:00:00+00:00,07460,10.790436767440253,"07471,07481,07255",3
2019-11-03 21:00:00+00:00,07643,14.439958226637387,"07650,07747,07577",3
2019-11-04 09:00:00+00:00,07558,11.684007717415811,"07630,07434,07535",3
2019-11-04 12:00:00+00:00,07460,13.922893933108194,"07471,07481,07255",3
2019-11-04 12:00:00+00:00,07643,20.332325201734598,"07650,07747,07577",3
2019-11-06 03:00:00+00:00,07139,8.129600459723838,"07037,07240,07149",3
2019-11-06 03:00:00+00:00,07558,6.6309762415173505,"07630,07434,07535",3
2019-11-07 12:00:00+00:00,07460,9.689747295264205,"07471,07481,07255",3
2019-11-07 12:00:00+00:00,07643,12.845798385184215,"07650,07747,07577",3
2019-11-07 15:00:00+00:00,07621,7.272053596721657,"07627,07607,07630",3
2019-11-07 18:00:00+00:00,07621,6.3155168778374176,"07627,07607,07630",3
2019-11-07 21:00:00+00:00,07621,5.388759120346913,"07627,07607,07630",3
2019-11-08 00:00:00+00:00,07621,5.21184898847656,"07627,07607,07630",3
2019-11-08 03:00:00+00:00,07621,4.4879421059966464,"07627,07607,07630",3
2019-11-08 06:00:00+00:00,07621,5.182286921012855,"07627,07607,07630",3
2019-11-10 09:00:00+00:00,07020,8.966854027208003,"07117,07027,07005",3
2019-11-11 06:00:00+00:00,07460,3.2497240008774573,"07471,07481,07255",3
2019-11-11 06:00:00+00:00,07117,10.129123566471751,"07020,07110,07027",3
2019-11-11 06:00:00+00:00,07643,8.229396796979236,"07650,07747,07577",3
2019-11-17 00:00:00+00:00,07460,3.5159558236038246,"07471,07481,07255",3
2019-11-17 00:00:00+00:00,07643,3.8790017416849465,"07650,07747,07577",3
2019-11-17 21:00:00+00:00,07020,9.381538208408283,"07117,07027,07005",3
2019-11-18 00:00:00+00:00,07020,9.083091350781661,"07117,07027,07005",3
2019-11-18 03:00:00+00:00,07020,8.603141561102001,"07117,07027,07005",3
2019-11-18 06:00:00+00:00,07020,9.862237413044152,"07117,07027,07005",3
2019-11-20 06:00:00+00:00,07020,5.6741483148229515,"07117,07027,07005",3
2019-11-20 09:00:00+00:00,07020,5.652074462711668,"07117,07027,07005",3
2019-11-21 00:00:00+00:00,07471,1.9213986326388537,"07460,07481,07558",3
2019-11-21 03:00:00+00:00,07471,0.8642543152343078,"07460,07481,07558",3
2019-11-21 06:00:00+00:00,07471,-0.2814397136375466,"07460,07481,07558",3
2019-11-21 21:00:00+00:00,07020,7.62977680365592,"07117,07027,07005",3
2019-11-22 00:00:00+00:00,07020,8.20682187500677,"07117,07027,07005",3
2019-11-22 00:00:00+00:00,07314,9.642512688682482,"07222,07240,07335",3
2019-11-22 03:00:00+00:00,07020,7.618453090836323,"07117,07027,07005",3
2019-11-22 06:00:00+00:00,07020,8.176700124254541,"07117,07027,07005",3
2019-11-22 09:00:00+00:00,07020,9.061807843612062,"07117,07027,07005",3
2019-11-22 12:00:00+00:00,07020,11.120509668945658,"07117,07027,07005",3
2019-11-22 15:00:00+00:00,07027,10.459577976002183,"07037,07139,07005",3
2019-11-23 00:00:00+00:00,07020,10.293017391526282,"07117,07027,07005",3
2019-11-23 03:00:00+00:00,07020,10.016121980983936,"07117,07027,07005",3
2019-11-23 09:00:00+00:00,07020,10.333323386928798,"07117,07027,07005",3
2019-11-24 00:00:00+00:00,07020,9.511248388955227,"07117,07027,07005",3
2019-11-24 03:00:00+00:00,07020,10.192903997075687,"07117,07027,07005",3
2019-11-24 06:00:00+00:00,07020,10.916920086637022,"07117,07027,07005",3
2019-11-24 21:00:00+00:00,07020,10.34087957201282,"07117,07027,07005",3
2019-11-25 00:00:00+00:00,07020,10.967061203462201,"07117,07027,07005",3
2019-11-25 03:00:00+00:00,07020,11.82524368590404,"07117,07027,07005",3
2019-11-25 06:00:00+00:00,07020,11.193861546422594,"07117,07027,07005",3
2019-11-25 09:00:00+00:00,07020,11.47845061312053,"07117,07027,07005",3
2019-11-26 00:00:00+00:00,07020,10.851835438843604,"07117,07027,07005",3
2019-11-26 03:00:00+00:00,07020,11.756266160789567,"07117,07027,07005",3
2019-11-26 06:00:00+00:00,07020,12.740957190684108,"07117,07027,07005",3
2019-11-26 09:00:00+00:00,07020,13.452558708128569,"07117,07027,07005",3
2019-11-26 12:00:00+00:00,07020,14.248009660200085,"07117,07027,07005",3
2019-11-27 00:00:00+00:00,07020,10.622679418831252,"07117,07027,07005",3
2019-11-27 03:00:00+00:00,07020,10.571269041651727,"07117,07027,07005",3
2019-11-27 06:00:00+00:00,07020,10.803091491587042,"07117,07027,07005",3
2019-11-27 09:00:00+00:00,07020,11.764352429787172,"07117,07027,07005",3
2019-11-27 12:00:00+00:00,07020,12.191716563390177,"07117,07027,07005",3
2019-11-28 00:00:00+00:00,07020,10.770303310911858,"07117,07027,07005",3
2019-11-28 03:00:00+00:00,07020,10.811746214854839,"07117,07027,07005",3
2019-11-28 06:00:00+00:00,07020,11.194781683549323,"07117,07027,07005",3
2019-11-28 09:00:00+00:00,07020,11.60317193779147,"07117,07027,07005",3
2019-12-01 00:00:00+00:00,07460,7.399676688894354,"07471,07481,07255",3
2019-12-01 00:00:00+00:00,07643,12.883471779836778,"07650,07747,07577",3
2019-12-01 09:00:00+00:00,07299,2.2257418261094606,"07190,07280,07181",3
2019-12-02 03:00:00+00:00,07460,5.480463005768762,"07471,07481,07255",3
2019-12-02 03:00:00+00:00,07643,8.815915368718892,"07650,07747,07577",3
2019-12-09 15:00:00+00:00,07558,6.467132847089026,"07630,07434,07535",3
2019-12-10 03:00:00+00:00,07460,3.142716840648338,"07471,07481,07255",3
2019-12-10 03:00:00+00:00,07643,8.671390185849155,"07650,07747,07577",3
2019-12-10 06:00:00+00:00,07139,-0.0015087745120602736,"07037,07240,07149",3
2019-12-10 09:00:00+00:00,07460,2.701428582043378,"07471,07481,07255",3
2019-12-10 09:00:00+00:00,07117,9.766291315398414,"07020,07110,07027",3
2019-12-10 09:00:00+00:00,07139,1.5383894993414777,"07037,07240,07149",3
2019-12-10 12:00:00+00:00,07139,6.473889328273347,"07037,07240,07149",3
2019-12-10 15:00:00+00:00,07139,7.045003748977955,"07037,07240,07149",3
2019-12-10 18:00:00+00:00,07139,6.859148753851519,"07037,07240,07149",3
2019-12-10 21:00:00+00:00,07139,7.3733337088562205,"07037,07240,07149",3
2019-12-11 00:00:00+00:00,07139,7.384700594108316,"07037,07240,07149",3
2019-12-11 03:00:00+00:00,07139,7.06934103592789,"07037,07240,07149",3
2019-12-11 06:00:00+00:00,07139,6.217518154530142,"07037,07240,07149",3
2019-12-11 09:00:00+00:00,07139,6.030344183221332,"07037,07240,07149",3
2019-12-12 12:00:00+00:00,07110,9.725879189919139,"07130,07117,07027",3
2019-12-13 12:00:00+00:00,07460,9.426934953333603,"07471,07481,07255",3
2019-12-13 12:00:00+00:00,07117,10.158709243235176,"07020,07110,07027",3
2019-12-13 12:00:00+00:00,07643,12.18384676521511,"07650,07747,07577",3
2019-12-13 21:00:00+00:00,07460,6.3272187809278115,"07471,07481,07255",3
2019-12-13 21:00:00+00:00,07643,11.13711351574993,"07650,07747,07577",3
2019-12-14 09:00:00+00:00,07535,10.807402617379145,"07630,07434,07510",3
2019-12-16 00:00:00+00:00,07790,12.879389175287741,"07761,07690,07650",3
2019-12-16 06:00:00+00:00,07460,11.273633036095752,"07471,07481,07255",3
2019-12-16 06:00:00+00:00,07643,11.937931860109078,"07650,07747,07577",3
2019-12-20 00:00:00+00:00,07607,14.441304458275292,"07510,07621,07630",3
2019-12-20 15:00:00+00:00,07460,10.653791764670897,"07471,07481,07255",3
2019-12-20 15:00:00+00:00,07643,14.32934694095744,"07650,07747,07577",3
2019-12-24 00:00:00+00:00,07460,6.149579599482459,"07471,07481,07255",3
2019-12-24 00:00:00+00:00,07643,8.072270751883295,"07650,07747,07577",3
2019-12-28 09:00:00+00:00,07460,7.015305457591822,"07471,07481,07255",3
2019-12-28 09:00:00+00:00,07643,9.79735930682909,"07650,07747,07577",3
2020-01-15 03:00:00+00:00,07020,12.387255687429004,"07117,07027,07005",3
2020-01-15 06:00:00+00:00,07020,9.421374850255472,"07117,07027,07005",3
2020-01-16 12:00:00+00:00,07314,14.14687954936258,"07222,07240,07335",3
2020-01-18 18:00:00+00:00,07314,9.596544282630761,"07222,07240,07335",3
2020-01-19 00:00:00+00:00,07149,2.8886770669654047,"07240,07037,07139",3
2020-01-21 06:00:00+00:00,07314,5.548056338142887,"07222,07240,07335",3
2020-01-22 21:00:00+00:00,07314,7.40019748709248,"07222,07240,07335",3
2020-01-24 00:00:00+00:00,07314,6.230029894950907,"07222,07240,07335",3
2020-01-24 18:00:00+00:00,07460,7.524500866770886,"07471,07481,07255",3
2020-01-24 18:00:00+00:00,07643,9.386736430872823,"07650,07747,07577",3
2020-01-25 00:00:00+00:00,07314,7.903579867746386,"07222,07240,07335",3
2020-01-26 12:00:00+00:00,07314,13.02923792499733,"07222,07240,07335",3
2020-01-29 15:00:00+00:00,07314,13.361889720881766,"07222,07240,07335",3
2020-01-29 18:00:00+00:00,07314,11.297651131981942,"07222,07240,07335",3
2020-01-29 21:00:00+00:00,07314,10.142810994522332,"07222,07240,07335",3
2020-01-30 00:00:00+00:00,07314,10.623613503593834,"07222,07240,07335",3
2020-01-30 03:00:00+00:00,07621,9.178620293943643,"07627,07607,07630",3
2020-01-30 06:00:00+00:00,07621,9.39194385279728,"07627,07607,07630",3
2020-01-30 09:00:00+00:00,07314,13.359919752034017,"07222,07240,07335",3
2020-01-30 12:00:00+00:00,07314,14.041164298981304,"07222,07240,07335",3
2020-01-30 18:00:00+00:00,07314,13.763590399870166,"07222,07240,07335",3
2020-01-30 21:00:00+00:00,07314,13.577178804660404,"07222,07240,07335",3
2020-01-31 09:00:00+00:00,07314,12.868812291595184,"07222,07240,07335",3
2020-01-31 15:00:00+00:00,07314,13.909056092342826,"07222,07240,07335",3
2020-01-31 21:00:00+00:00,07314,13.93735162076246,"07222,07240,07335",3
2020-02-01 00:00:00+00:00,07314,14.022170809336044,"07222,07240,07335",3
2020-02-01 12:00:00+00:00,07314,14.606321247494673,"07222,07240,07335",3
2020-02-01 15:00:00+00:00,07314,14.178169857566939,"07222,07240,07335",3
2020-02-01 18:00:00+00:00,07314,13.747591690009633,"07222,07240,07335",3
2020-02-02 06:00:00+00:00,07314,14.784523011552329,"07222,07240,07335",3
2020-02-02 09:00:00+00:00,07314,14.820482267312913,"07222,07240,07335",3
2020-02-02 12:00:00+00:00,07314,14.83558131760395,"07222,07240,07335",3
2020-02-02 15:00:00+00:00,07314,14.493273927186758,"07222,07240,07335",3
2020-02-03 06:00:00+00:00,07314,14.217920299658319,"07222,07240,07335",3
2020-02-03 12:00:00+00:00,07314,14.703244706574573,"07222,07240,07335",3
2020-02-03 18:00:00+00:00,07314,15.201868844642902,"07222,07240,07335",3
2020-02-03 21:00:00+00:00,07314,14.25854850297516,"07222,07240,07335",3
2020-02-04 00:00:00+00:00,07747,10.750997227052313,"07643,07650,07577",3
2020-02-04 03:00:00+00:00,07747,14.568916931959775,"07643,07650,07577",3
2020-02-04 06:00:00+00:00,07314,9.125351869750716,"07222,07240,07335",3
2020-02-04 15:00:00+00:00,07314,12.565252430676432,"07222,07240,07335",3
2020-02-05 12:00:00+00:00,07460,7.3469852750355304,"07471,07481,07255",3
2020-02-05 12:00:00+00:00,07643,11.707930069373038,"07650,07747,07577",3
2020-02-11 03:00:00+00:00,07460,10.03573960792237,"07471,07481,07255",3
2020-02-11 03:00:00+00:00,07643,12.411165630591357,"07650,07747,07577",3
2020-02-11 21:00:00+00:00,07460,6.248429205808721,"07471,07481,07255",3
2020-02-11 21:00:00+00:00,07643,12.43415128000922,"07650,07747,07577",3
2020-02-14 09:00:00+00:00,07314,12.121809442404876,"07222,07240,07335",3
2020-02-15 00:00:00+00:00,07460,2.558432508372742,"07471,07481,07255",3
2020-02-15 00:00:00+00:00,07643,6.066021461187601,"07650,07747,07577",3
2020-02-17 00:00:00+00:00,07460,11.075231267797998,"07471,07481,07255",3
2020-02-17 00:00:00+00:00,07643,12.559993617670335,"07650,07747,07577",3
2020-02-18 03:00:00+00:00,07621,2.8974934207119567,"07627,07607,07630",3
2020-02-18 06:00:00+00:00,07621,1.6789816918897478,"07627,07607,07630",3
2020-02-18 09:00:00+00:00,07621,5.8414093687953095,"07627,07607,07630",3
2020-02-19 00:00:00+00:00,07314,11.159938461879596,"07222,07240,07335",3
2020-02-19 09:00:00+00:00,07314,11.382595471923008,"07222,07240,07335",3
2020-02-24 18:00:00+00:00,07790,13.293029711502303,"07761,07690,07650",3
2020-02-26 03:00:00+00:00,07790,13.508292806008019,"07761,07690,07650",3
2020-02-29 21:00:00+00:00,07460,8.67307452904472,"07471,07481,07255",3
2020-02-29 21:00:00+00:00,07643,11.901344840062583,"07650,07747,07577",3
2020-03-01 03:00:00+00:00,07460,7.81889171382711,"07471,07481,07255",3
2020-03-01 03:00:00+00:00,07643,10.699355884450425,"07650,07747,07577",3
2020-03-02 00:00:00+00:00,07314,10.859833885516554,"07240,07335",2
2020-03-02 00:00:00+00:00,07222,8.480680852403449,"07130,07335,07240",3
2020-03-02 06:00:00+00:00,07314,10.178349297839251,"07222,07240,07335",3
2020-03-03 18:00:00+00:00,07460,6.006049141557174,"07471,07481,07255",3
2020-03-03 18:00:00+00:00,07643,7.746085943540695,"07650,07747,07577",3
2020-03-10 00:00:00+00:00,07460,4.176546006168451,"07471,07481,07255",3
2020-03-10 00:00:00+00:00,07643,9.514799744820099,"07650,07747,07577",3
2020-03-13 03:00:00+00:00,07139,3.7982999101295993,"07037,07240,07149",3
2020-03-13 06:00:00+00:00,07139,3.149686164498387,"07037,07240,07149",3
2020-03-13 09:00:00+00:00,07139,7.264380366233161,"07037,07240,07149",3
2020-03-13 12:00:00+00:00,07139,9.73635247701106,"07037,07240,07149",3
2020-03-15 03:00:00+00:00,07181,3.729483107071275,"07168,07280,07190",3
2020-03-15 06:00:00+00:00,07181,2.0147008680477523,"07168,07280,07190",3
2020-03-15 09:00:00+00:00,07181,8.34652840367628,"07168,07280,07190",3
2020-03-20 21:00:00+00:00,07299,11.130621131049937,"07190,07280,07181",3
2020-03-20 21:00:00+00:00,07314,14.474552638620482,"07222,07240,07335",3
2020-03-21 00:00:00+00:00,07299,8.64627072682706,"07190,07280,07181",3
2020-03-21 03:00:00+00:00,07299,7.658585643666528,"07190,07280,07181",3
2020-03-21 06:00:00+00:00,07299,6.810154779428025,"07190,07280,07181",3
2020-03-21 09:00:00+00:00,07299,6.1744721015708945,"07190,07280,07181",3
2020-04-14 09:00:00+00:00,07460,10.568442487303379,"07471,07481,07255",3
2020-04-14 09:00:00+00:00,07643,16.54100135734978,"07650,07747,07577",3
2020-04-15 06:00:00+00:00,07460,3.986091683084382,"07471,07481,07255",3
2020-04-15 06:00:00+00:00,07643,10.443517748505757,"07650,07747,07577",3
2020-04-18 15:00:00+00:00,07460,20.653019344061445,"07471,07481,07255",3
2020-04-18 15:00:00+00:00,07643,18.633116710540577,"07650,07747,07577",3
2020-04-20 18:00:00+00:00,07460,18.2312424938849,"07471,07481,07255",3
2020-04-20 18:00:00+00:00,07643,15.574413173792061,"07650,07747,07577",3
2020-04-22 12:00:00+00:00,07460,20.326063620625376,"07471,07481,07255",3
2020-04-22 12:00:00+00:00,07643,15.07241457389334,"07650,07747,07577",3
2020-04-23 15:00:00+00:00,07747,20.3074155228771,"07643,07650,07577",3
2020-04-25 03:00:00+00:00,07460,12.389331525523733,"07471,07481,07255",3
2020-04-25 03:00:00+00:00,07643,9.942994977841883,"07650,07747,07577",3
2020-04-27 12:00:00+00:00,07460,,,0
2020-04-27 12:00:00+00:00,07471,,,0
2020-04-27 12:00:00+00:00,07481,,,0
2020-04-27 12:00:00+00:00,07577,,,0
2020-04-27 12:00:00+00:00,07280,,,0
2020-04-27 12:00:00+00:00,07110,,,0
2020-04-27 12:00:00+00:00,07117,,,0
2020-04-27 12:00:00+00:00,07130,,,0
2020-04-27 12:00:00+00:00,07240,,,0
2020-04-27 12:00:00+00:00,07255,,,0
2020-04-27 12:00:00+00:00,07761,,,0
2020-04-27 12:00:00+00:00,07790,,,0
2020-04-27 12:00:00+00:00,07072,,,0
2020-04-27 12:00:00+00:00,07168,,,0
2020-04-27 12:00:00+00:00,07181,,,0
2020-04-27 12:00:00+00:00,07190,,,0
2020-04-27 12:00:00+00:00,07299,,,0
2020-04-27 12:00:00+00:00,07005,,,0
2020-04-27 12:00:00+00:00,07015,,,0
2020-04-27 12:00:00+00:00,07020,,,0
2020-04-27 12:00:00+00:00,07027,,,0
2020-04-27 12:00:00+00:00,07037,,,0
2020-04-27 12:00:00+00:00,07139,,,0
2020-04-27 12:00:00+00:00,07314,,,0
2020-04-27 12:00:00+00:00,07335,,,0
2020-04-27 12:00:00+00:00,07434,,,0
2020-04-27 12:00:00+00:00,07510,,,0
2020-04-27 12:00:00+00:00,07607,,,0
2020-04-27 12:00:00+00:00,07535,,,0
2020-04-27 12:00:00+00:00,07558,,,0
2020-04-27 12:00:00+00:00,07621,,,0
2020-04-27 12:00:00+00:00,07627,,,0
2020-04-27 12:00:00+00:00,07630,,,0
2020-04-27 12:00:00+00:00,07643,,,0
2020-04-27 12:00:00+00:00,07747,,,0
2020-04-27 12:00:00+00:00,07222,,,0
2020-04-27 12:00:00+00:00,07591,,,0
2020-04-27 12:00:00+00:00,07650,,,0
2020-04-27 12:00:00+00:00,07690,,,0
2020-04-27 12:00:00+00:00,07149,,,0
2020-04-28 18:00:00+00:00,07460,11.628159705394642,"07471,07481,07255",3
2020-04-28 18:00:00+00:00,07643,16.439947961416703,"07650,07747,07577",3
2020-04-30 09:00:00+00:00,07747,18.325261779255896,"07643,07650,07577",3
2020-04-30 12:00:00+00:00,07747,19.453796400208766,"07643,07650,07577",3
2020-05-01 00:00:00+00:00,07460,11.342553038781169,"07471,07481,07255",3
2020-05-01 00:00:00+00:00,07643,12.190596892273055,"07650,07747,07577",3
2020-05-04 09:00:00+00:00,07460,16.29248579548155,"07471,07481,07255",3
2020-05-04 09:00:00+00:00,07643,21.472140705636694,"07650,07747,07577",3
2020-05-05 18:00:00+00:00,07460,20.907187718740925,"07471,07481,07255",3
2020-05-05 18:00:00+00:00,07643,19.981423792275038,"07650,07747,07577",3
2020-05-08 00:00:00+00:00,07747,15.668576587782308,"07643,07650,07577",3
2020-05-08 03:00:00+00:00,07747,14.143950163583025,"07643,07650,07577",3
2020-05-08 06:00:00+00:00,07747,15.321263656871174,"07643,07650,07577",3
2020-05-08 09:00:00+00:00,07747,21.868860967054886,"07643,07650,07577",3
2020-05-09 00:00:00+00:00,07460,14.30925232056048,"07471,07481,07255",3
2020-05-09 00:00:00+00:00,07643,13.179462820510976,"07650,07577",2
2020-05-09 00:00:00+00:00,07747,14.414656390094809,"07650,07577",2
2020-05-09 21:00:00+00:00,07790,18.07397550357177,"07761,07690,07650",3
2020-05-10 00:00:00+00:00,07790,18.375763765327182,"07761,07690,07650",3
2020-05-10 00:00:00+00:00,07747,17.587171650390175,"07643,07650,07577",3
2020-05-10 03:00:00+00:00,07790,17.527238842577063,"07761,07690,07650",3
2020-05-10 03:00:00+00:00,07627,14.770600177681478,"07621,07630,07607",3
2020-05-10 03:00:00+00:00,07747,17.34371893086044,"07643,07650,07577",3
2020-05-10 06:00:00+00:00,07790,17.855596991192076,"07761,07690,07650",3
2020-05-10 06:00:00+00:00,07627,14.753323654494928,"07621,07630,07607",3
2020-05-10 09:00:00+00:00,07790,20.39360502477116,"07761,07690,07650",3
2020-05-10 09:00:00+00:00,07627,14.44695530871771,"07621,07630,07607",3
2020-05-10 12:00:00+00:00,07790,20.583614682649173,"07761,07690,07650",3
2020-05-10 12:00:00+00:00,07627,13.79739729921697,"07621,07630,07607",3
2020-05-10 15:00:00+00:00,07790,19.829589593991233,"07761,07690,07650",3
2020-05-10 15:00:00+00:00,07747,17.861261090242124,"07643,07650,07577",3
2020-05-10 18:00:00+00:00,07790,18.280935217811276,"07761,07690,07650",3
2020-05-10 18:00:00+00:00,07747,17.18180657935577,"07643,07650,07577",3
2020-05-10 21:00:00+00:00,07790,16.24762250858399,"07761,07690,07650",3
2020-05-10 21:00:00+00:00,07747,16.78682155744609,"07643,07650,07577",3
2020-05-11 00:00:00+00:00,07790,15.341678600560579,"07761,07690,07650",3
2020-05-11 00:00:00+00:00,07747,16.8990991181157,"07643,07650,07577",3
2020-05-11 03:00:00+00:00,07790,15.89983869320399,"07761,07690,07650",3
2020-05-11 03:00:00+00:00,07747,16.479306729851086,"07643,07650,07577",3
2020-05-11 06:00:00+00:00,07790,15.621667738660303,"07761,07690,07650",3
2020-05-11 06:00:00+00:00,07747,15.587821889394798,"07643,07650,07577",3
2020-05-11 09:00:00+00:00,07790,17.62302755862736,"07761,07690,07650",3
2020-05-11 12:00:00+00:00,07790,20.105744287998963,"07761,07690,07650",3
2020-05-15 06:00:00+00:00,07460,10.131112650014698,"07471,07481,07255",3
2020-05-15 06:00:00+00:00,07117,9.711931637597806,"07020,07110,07027",3
2020-05-15 06:00:00+00:00,07643,14.340034531132856,"07650,07747,07577",3
2020-05-15 15:00:00+00:00,07460,15.0781138166096,"07471,07481,07255",3
2020-05-15 15:00:00+00:00,07643,20.393147900425763,"07650,07747,07577",3
2020-05-16 18:00:00+00:00,07460,18.135999075110412,"07471,07481,07255",3
2020-05-16 18:00:00+00:00,07643,17.29819896390619,"07650,07747,07577",3
2020-05-18 03:00:00+00:00,07460,8.905852212989904,"07471,07481,07255",3
2020-05-18 03:00:00+00:00,07643,15.349584564366348,"07650,07747,07577",3
2020-05-18 12:00:00+00:00,07190,22.460132632556757,"07299,07280,07181",3
2020-05-18 21:00:00+00:00,07110,,,0
2020-05-18 21:00:00+00:00,07117,,,0
2020-05-18 21:00:00+00:00,07130,14.435570570116107,07222,1
2020-05-18 21:00:00+00:00,07240,15.872142177655999,07335,1
2020-05-18 21:00:00+00:00,07255,15.962781841668328,07335,1
2020-05-18 21:00:00+00:00,07072,,,0
2020-05-18 21:00:00+00:00,07168,,,0
2020-05-18 21:00:00+00:00,07181,14.81046967890033,07280,1
2020-05-18 21:00:00+00:00,07190,15.77134066149708,07280,1
2020-05-18 21:00:00+00:00,07299,15.420327164303709,07280,1
2020-05-18 21:00:00+00:00,07020,11.410930126648063,07005,1
2020-05-18 21:00:00+00:00,07027,9.842678073102817,07005,1
2020-05-18 21:00:00+00:00,07037,9.14904514763548,07005,1
2020-05-18 21:00:00+00:00,07139,,,0
2020-05-18 21:00:00+00:00,07314,15.974198623666549,"07222,07335",2
2020-05-18 21:00:00+00:00,07607,16.930992590242596,"07510,07630",2
2020-05-18 21:00:00+00:00,07535,17.04154926756201,"07630,07434,07510",3
2020-05-18 21:00:00+00:00,07558,15.758676798745684,"07630,07434",2
2020-05-18 21:00:00+00:00,07621,16.82275326119634,07630,1
2020-05-18 21:00:00+00:00,07627,16.626752975282898,07630,1
2020-05-18 21:00:00+00:00,07591,17.404122058283004,"07577,07650",2
2020-05-18 21:00:00+00:00,07149,,,0
2020-05-20 12:00:00+00:00,07460,25.32072636687136,"07471,07481,07255",3
2020-05-20 12:00:00+00:00,07643,26.72931101014854,"07650,07747,07577",3
2020-05-21 00:00:00+00:00,07460,17.05380121802803,"07471,07481,07255",3
2020-05-21 00:00:00+00:00,07643,19.83073036749861,"07650,07747,07577",3
2020-05-25 03:00:00+00:00,07591,9.810184181860448,"07577,07650,07558",3
2020-05-26 21:00:00+00:00,07471,14.249304062419556,"07460,07481,07558",3
2020-05-28 00:00:00+00:00,07643,15.527893513124509,"07650,07747,07577",3
2020-05-28 03:00:00+00:00,07643,14.338625748536872,"07650,07747,07577",3
2020-05-29 09:00:00+00:00,07471,16.924985914143253,"07460,07481,07558",3
2020-06-01 09:00:00+00:00,07643,21.988134639323725,"07650,07747,07577",3
2020-06-02 15:00:00+00:00,07471,22.86319898790173,"07460,07481,07558",3
2020-06-03 09:00:00+00:00,07471,16.68436526210258,"07460,07481,07558",3
2020-06-08 21:00:00+00:00,07747,18.35455948469628,"07643,07650,07577",3
2020-06-09 00:00:00+00:00,07747,16.869298167319876,"07643,07650,07577",3
2020-06-09 03:00:00+00:00,07747,16.061729423941454,"07643,07650,07577",3
2020-06-09 06:00:00+00:00,07747,17.47214572024654,"07643,07650,07577",3
2020-06-09 09:00:00+00:00,07747,20.770963248120715,"07643,07650,07577",3
2020-06-09 18:00:00+00:00,07747,19.253192726724713,"07643,07650,07577",3
2020-06-16 03:00:00+00:00,07434,11.24967905707574,"07535,07335,07255",3
2020-06-17 15:00:00+00:00,07471,15.614643045024009,"07460,07481,07558",3
2020-06-17 18:00:00+00:00,07471,15.62483572883344,"07460,07481,07558",3
2020-06-17 21:00:00+00:00,07471,11.741011536603198,"07460,07481,07558",3
2020-06-18 00:00:00+00:00,07471,9.669288005672001,"07460,07481,07558",3
2020-06-18 03:00:00+00:00,07471,8.396779305096453,"07460,07481,07558",3
2020-06-18 06:00:00+00:00,07471,9.863513348045727,"07460,07481,07558",3
2020-06-18 09:00:00+00:00,07471,13.194313020643188,"07460,07481,07558",3
2020-06-18 12:00:00+00:00,07471,15.533551939321091,"07460,07481,07558",3
2020-06-18 15:00:00+00:00,07471,16.484733603535833,"07460,07481,07558",3
2020-06-18 21:00:00+00:00,07471,9.910558224176757,"07460,07481,07558",3
2020-06-19 00:00:00+00:00,07471,9.090524113852116,"07460,07481,07558",3
2020-06-19 03:00:00+00:00,07471,8.440336430004054,"07460,07481,07558",3
2020-06-19 06:00:00+00:00,07471,9.570278161191784,"07460,07481,07558",3
2020-06-19 12:00:00+00:00,07471,16.95620348722812,"07460,07481,07558",3
2020-06-19 15:00:00+00:00,07471,17.92731703363171,"07460,07481,07558",3
2020-06-19 21:00:00+00:00,07471,13.217732654055501,"07460,07481,07558",3
2020-06-20 00:00:00+00:00,07471,9.953456254347925,"07460,07481,07558",3
2020-06-20 06:00:00+00:00,07471,11.576551853239758,"07460,07481,07558",3
2020-06-20 12:00:00+00:00,07471,18.77359631319831,"07460,07481,07558",3
2020-06-20 18:00:00+00:00,07471,18.45630197127552,"07460,07481,07558",3
2020-06-21 00:00:00+00:00,07471,12.476809244567079,"07460,07481,07558",3
2020-06-23 15:00:00+00:00,07761,28.702732128618084,"07790,07690,07650",3
2020-06-23 15:00:00+00:00,07607,30.212812381458743,"07510,07621,07630",3
2020-06-25 15:00:00+00:00,07471,27.825740450683927,"07460,07481,07558",3
2020-06-26 06:00:00+00:00,07471,17.486467468184973,"07460,07481,07558",3
2020-06-26 12:00:00+00:00,07020,18.27546047182532,"07117,07027,07005",3
2020-06-26 15:00:00+00:00,07577,28.877748752080265,"07481,07650,07280",3
2020-06-26 18:00:00+00:00,07577,26.7309408585657,"07481,07650,07280",3
2020-06-26 21:00:00+00:00,07577,23.601364770431346,"07481,07650,07280",3
2020-06-27 00:00:00+00:00,07577,22.02445196637287,"07481,07650,07280",3
2020-06-27 00:00:00+00:00,07535,17.41550532920067,"07630,07434,07510",3
2020-06-27 03:00:00+00:00,07577,19.672016176044266,"07481,07650,07280",3
2020-06-27 03:00:00+00:00,07535,16.99672719163639,"07630,07434,07510",3
2020-06-27 06:00:00+00:00,07535,17.497225622040066,"07630,07434,07510",3
2020-06-27 09:00:00+00:00,07535,21.59891707181394,"07630,07434,07510",3
2020-06-27 12:00:00+00:00,07535,25.13269997298535,"07630,07434,07510",3
2020-06-27 15:00:00+00:00,07535,25.729063181195915,"07630,07434,07510",3
2020-06-27 18:00:00+00:00,07535,24.244864968518883,"07630,07434,07510",3
2020-06-27 21:00:00+00:00,07535,21.14095458729335,"07630,07434,07510",3
2020-06-28 00:00:00+00:00,07535,19.392673769084233,"07630,07434,07510",3
2020-06-28 03:00:00+00:00,07535,18.393069046695818,"07630,07434,07510",3
2020-06-30 09:00:00+00:00,07314,18.101845809004857,"07222,07240,07335",3
2020-07-01 03:00:00+00:00,07627,18.030503301286622,"07621,07630,07607",3
2020-07-01 09:00:00+00:00,07460,25.114173078278597,"07471,07481,07255",3
2020-07-01 09:00:00+00:00,07643,26.335870882795234,"07650,07747,07577",3
2020-07-02 21:00:00+00:00,07280,18.474300545203644,"07181,07299,07190",3
2020-07-02 21:00:00+00:00,07027,14.390747039908947,"07037,07139,07005",3
2020-07-04 06:00:00+00:00,07460,15.463398879286713,"07471,07481,07255",3
2020-07-04 06:00:00+00:00,07643,20.151352932622757,"07650,07747,07577",3
2020-07-04 12:00:00+00:00,07460,23.148225625976014,"07471,07481,07255",3
2020-07-04 12:00:00+00:00,07643,27.03457278471089,"07650,07747,07577",3
2020-07-08 09:00:00+00:00,07110,17.249777908838844,"07130,07117,07027",3
2020-07-08 12:00:00+00:00,07110,20.097151557902073,"07130,07027",2
2020-07-08 12:00:00+00:00,07117,17.86101637028237,"07020,07027",2
2020-07-08 15:00:00+00:00,07117,17.86670938316042,"07020,07110,07027",3
2020-07-08 18:00:00+00:00,07117,17.03608601305831,"07020,07110,07027",3
2020-07-08 21:00:00+00:00,07117,15.76123582706533,"07020,07110,07027",3
2020-07-09 00:00:00+00:00,07117,15.226780659199738,"07020,07110,07027",3
2020-07-09 00:00:00+00:00,07643,19.07917730110863,"07650,07747,07577",3
2020-07-09 03:00:00+00:00,07117,14.744432624210907,"07020,07110,07027",3
2020-07-09 06:00:00+00:00,07117,15.188913886941753,"07020,07110,07027",3
2020-07-10 09:00:00+00:00,07314,18.010137401292333,"07222,07240,07335",3
2020-07-13 00:00:00+00:00,07460,16.95560619644065,"07471,07481,07255",3
2020-07-13 00:00:00+00:00,07643,21.47731388694703,"07650,07747,07577",3
2020-07-15 18:00:00+00:00,07690,24.792950673435435,"07790,07650,07643",3
2020-07-16 00:00:00+00:00,07314,16.776924443610334,"07222,07240,07335",3
2020-07-16 12:00:00+00:00,07314,19.75520683150937,"07222,07240,07335",3
2020-07-16 15:00:00+00:00,07471,16.952768047629387,"07460,07481,07558",3
2020-07-16 15:00:00+00:00,07314,20.748161614192114,"07222,07240,07335",3
2020-07-16 18:00:00+00:00,07471,16.365739565241984,"07460,07481,07558",3
2020-07-16 21:00:00+00:00,07471,14.264416838447156,"07460,07481,07558",3
2020-07-16 21:00:00+00:00,07314,18.399187705963286,"07222,07240,07335",3
2020-07-17 00:00:00+00:00,07471,13.707359624376375,"07460,07481,07558",3
2020-07-17 03:00:00+00:00,07471,12.965362780881287,"07460,07481,07558",3
2020-07-17 06:00:00+00:00,07471,13.432137754741712,"07460,07481,07558",3
2020-07-18 00:00:00+00:00,07314,17.065460591273315,"07222,07240,07335",3
2020-07-19 15:00:00+00:00,07314,27.100135469636193,"07222,07240,07335",3
2020-07-20 12:00:00+00:00,07460,31.06092984572061,"07471,07481,07255",3
2020-07-20 12:00:00+00:00,07314,24.104452405184055,"07222,07240,07335",3
2020-07-20 12:00:00+00:00,07643,27.527677130407465,"07650,07747,07577",3
2020-07-21 09:00:00+00:00,07314,20.816996050899256,"07222,07240,07335",3
2020-07-21 12:00:00+00:00,07314,23.733849486347232,"07222,07240,07335",3
2020-07-21 18:00:00+00:00,07314,24.13509335655384,"07222,07240,07335",3
2020-07-22 12:00:00+00:00,07471,21.71570106211738,"07460,07481,07558",3
2020-07-22 15:00:00+00:00,07471,20.693708630300957,"07460,07481,07558",3
2020-07-22 15:00:00+00:00,07314,25.597248684924864,"07222,07240,07335",3
2020-07-22 18:00:00+00:00,07471,21.163648473899162,"07460,07481,07558",3
2020-07-22 21:00:00+00:00,07471,17.93161076965831,"07460,07481,07558",3
2020-07-23 00:00:00+00:00,07471,16.54929916529635,"07460,07481,07558",3
2020-07-23 00:00:00+00:00,07314,17.308203298584242,"07222,07240,07335",3
2020-07-23 03:00:00+00:00,07471,14.379792521573203,"07460,07481,07558",3
2020-07-23 06:00:00+00:00,07471,14.980015215018662,"07460,07481,07558",3
2020-07-23 09:00:00+00:00,07471,20.995028779110843,"07460,07481,07558",3
2020-07-23 09:00:00+00:00,07117,17.79993663532195,"07020,07110,07027",3
2020-07-23 09:00:00+00:00,07181,21.566272955931165,"07168,07280,07190",3
2020-07-23 09:00:00+00:00,07314,22.43379395914988,"07222,07240,07335",3
2020-07-23 12:00:00+00:00,07471,25.154528326405785,"07460,07481,07558",3
2020-07-23 15:00:00+00:00,07471,26.798949002321354,"07460,07481,07558",3
2020-07-23 15:00:00+00:00,07314,24.68380874441896,"07222,07240,07335",3
2020-07-23 18:00:00+00:00,07471,24.246264265442083,"07460,07481,07558",3
2020-07-24 00:00:00+00:00,07471,16.91616373143143,"07460,07481,07558",3
2020-07-24 00:00:00+00:00,07314,16.801361389013884,"07222,07240,07335",3
2020-07-24 03:00:00+00:00,07471,15.786336151765559,"07460,07481,07558",3
2020-07-24 03:00:00+00:00,07314,15.65919352421575,"07222,07240,07335",3
2020-07-24 06:00:00+00:00,07471,15.585611486112262,"07460,07481,07558",3
2020-07-24 09:00:00+00:00,07471,21.25672351139428,"07460,07481,07558",3
2020-07-24 15:00:00+00:00,07471,25.537292080291678,"07460,07481,07558",3
2020-07-24 15:00:00+00:00,07314,23.589740262225874,"07222,07240,07335",3
2020-07-24 18:00:00+00:00,07471,24.016126440151655,"07460,07481,07558",3
2020-07-24 18:00:00+00:00,07314,21.848668524386497,"07222,07240,07335",3
2020-07-24 21:00:00+00:00,07460,22.310152860424125,"07481,07255",2
2020-07-24 21:00:00+00:00,07471,18.94076792273853,"07481,07558",2
2020-07-24 21:00:00+00:00,07314,18.707062958679913,"07222,07240,07335",3
2020-07-24 21:00:00+00:00,07643,25.398162563480007,"07650,07747,07577",3
2020-07-25 00:00:00+00:00,07471,15.425556569639836,"07460,07481,07558",3
2020-07-25 03:00:00+00:00,07471,13.152087250673434,"07460,07481,07558",3
2020-07-25 06:00:00+00:00,07471,14.084129852037494,"07460,07481,07558",3
2020-07-25 09:00:00+00:00,07471,21.05000531951618,"07460,07481,07558",3
2020-07-25 12:00:00+00:00,07471,24.97934746844079,"07460,07481,07558",3
2020-07-25 15:00:00+00:00,07471,26.650881138298566,"07460,07481,07558",3
2020-07-25 15:00:00+00:00,07314,21.14150541231691,"07222,07240,07335",3
2020-07-25 21:00:00+00:00,07314,18.572823775488096,"07222,07240,07335",3
2020-07-26 00:00:00+00:00,07471,18.837147160191858,"07460,07481,07558",3
2020-07-26 00:00:00+00:00,07314,17.92351889357974,"07222,07240,07335",3
2020-07-26 03:00:00+00:00,07471,17.290075684718044,"07460,07481,07558",3
2020-07-26 03:00:00+00:00,07790,19.84396097177929,"07761,07690,07650",3
2020-07-26 03:00:00+00:00,07314,17.154541732953568,"07222,07240,07335",3
2020-07-26 06:00:00+00:00,07471,16.544405053773026,"07460,07481,07558",3
2020-07-26 09:00:00+00:00,07471,19.17043214765004,"07460,07481,07558",3
2020-07-26 18:00:00+00:00,07314,21.613486291393087,"07222,07240,07335",3
2020-07-26 21:00:00+00:00,07471,17.418789348311453,"07460,07481,07558",3
2020-07-26 21:00:00+00:00,07314,17.136846956977465,"07222,07240,07335",3
2020-07-27 00:00:00+00:00,07471,14.792361080629162,"07460,07481,07558",3
2020-07-27 03:00:00+00:00,07471,13.797942052335108,"07460,07481,07558",3
2020-07-27 06:00:00+00:00,07471,15.373105377315744,"07460,07481,07558",3
2020-07-27 09:00:00+00:00,07471,22.7967084535567,"07460,07481,07558",3
2020-07-27 12:00:00+00:00,07471,28.99055396932656,"07460,07481,07558",3
2020-07-27 18:00:00+00:00,07314,21.84385252711874,"07222,07240,07335",3
2020-07-27 21:00:00+00:00,07314,19.43526486627774,"07222,07240,07335",3
2020-07-28 00:00:00+00:00,07314,18.281153738678874,"07222,07240,07335",3
2020-07-28 03:00:00+00:00,07471,17.433954435963788,"07460,07481,07558",3
2020-07-28 03:00:00+00:00,07790,21.745860469830166,"07761,07690,07650",3
2020-07-28 21:00:00+00:00,07314,17.793188107736235,"07222,07240,07335",3
2020-07-29 00:00:00+00:00,07314,16.244332916973214,"07222,07240,07335",3
2020-07-29 03:00:00+00:00,07471,16.75771714737267,"07460,07481,07558",3
2020-07-29 12:00:00+00:00,07314,22.709922094880362,"07222,07240,07335",3
2020-07-29 15:00:00+00:00,07314,24.468519660640318,"07222,07240,07335",3
2020-07-30 15:00:00+00:00,07314,29.779836703243006,"07222,07240,07335",3
2020-07-30 21:00:00+00:00,07314,24.824398983288496,"07222,07240,07335",3
2020-07-31 03:00:00+00:00,07471,20.403191235369725,"07460,07481,07558",3
2020-07-31 12:00:00+00:00,07314,24.594451777300733,"07222,07240,07335",3
2020-07-31 15:00:00+00:00,07314,25.31571896741834,"07222,07240,07335",3
2020-07-31 18:00:00+00:00,07314,24.185790166497164,"07222,07240,07335",3
2020-07-31 21:00:00+00:00,07314,20.320754893772424,"07222,07240,07335",3
2020-08-05 18:00:00+00:00,07630,31.70312070476308,"07535,07558,07607",3
2020-08-08 09:00:00+00:00,07027,25.84441694119749,"07037,07139,07005",3
2020-08-14 00:00:00+00:00,07591,17.98171732855703,"07577,07650,07558",3
2020-08-14 03:00:00+00:00,07790,21.91853067320958,"07761,07690,07650",3
2020-08-14 03:00:00+00:00,07591,16.72307556793522,"07577,07650,07558",3
2020-08-14 06:00:00+00:00,07591,17.12370711139365,"07577,07650,07558",3
2020-08-14 09:00:00+00:00,07591,22.140860593125698,"07577,07650,07558",3
2020-08-24 03:00:00+00:00,07790,21.05729343685265,"07761,07690,07650",3
2020-08-25 09:00:00+00:00,07072,18.08094851206914,"07168,07149,07181",3
2020-08-25 15:00:00+00:00,07621,30.914585571165208,"07627,07607,07630",3
2020-08-27 09:00:00+00:00,07335,19.139559488506038,"07240,07255,07222",3
2020-09-08 12:00:00+00:00,07190,23.763139627309727,"07299,07280,07181",3
2020-09-10 12:00:00+00:00,07471,22.61344904125073,"07460,07481,07558",3
2020-09-10 15:00:00+00:00,07471,23.55783119443752,"07460,07481,07558",3
2020-09-11 09:00:00+00:00,07471,18.63327719788067,"07460,07481,07558",3
2020-09-19 00:00:00+00:00,07790,22.3593487019719,"07761,07690,07650",3
2020-09-24 21:00:00+00:00,07481,16.407384259324566,"07280,07460,07577",3
2020-09-26 03:00:00+00:00,07314,11.714311751899832,"07222,07240,07335",3
2020-09-26 06:00:00+00:00,07314,11.397569370846579,"07222,07240,07335",3
2020-09-27 06:00:00+00:00,07139,9.793879615134193,"07037,07240,07149",3
2020-09-27 21:00:00+00:00,07460,9.378246542471718,"07471,07481,07255",3
2020-09-27 21:00:00+00:00,07643,12.96475105470365,"07650,07747,07577",3
2020-09-28 03:00:00+00:00,07790,12.728267686230554,"07761,07690,07650",3
2020-09-28 06:00:00+00:00,07790,12.551716936451179,"07761,07690,07650",3
2020-09-28 12:00:00+00:00,07471,7.9446440487537355,"07460,07481,07558",3
2020-09-29 03:00:00+00:00,07314,14.662809051310518,"07222,07240,07335",3
2020-09-29 06:00:00+00:00,07314,14.963816983232235,"07222,07240,07335",3
2020-09-29 09:00:00+00:00,07314,16.120627089539617,"07222,07240,07335",3
2020-09-29 12:00:00+00:00,07314,18.54849008310799,"07222,07240,07335",3
2020-09-29 18:00:00+00:00,07627,14.492544282970288,"07621,07630,07607",3
2020-09-30 03:00:00+00:00,07471,5.374680094753677,"07460,07481,07558",3
2020-09-30 06:00:00+00:00,07460,8.71640618575123,"07471,07481,07255",3
2020-09-30 06:00:00+00:00,07643,10.67577894009894,"07650,07747,07577",3
2020-10-02 09:00:00+00:00,07471,10.854033406503527,"07460,07481,07558",3
2020-10-02 12:00:00+00:00,07471,9.544669392948975,"07460,07481,07558",3
2020-10-02 12:00:00+00:00,07139,13.242937701553283,"07037,07240,07149",3
2020-10-02 15:00:00+00:00,07139,11.978795068923882,"07037,07240,07149",3
2020-10-02 18:00:00+00:00,07139,10.769522983257072,"07037,07240,07149",3
2020-10-02 21:00:00+00:00,07139,9.652039600397131,"07037,07240,07149",3
2020-10-03 00:00:00+00:00,07139,9.160446145764904,"07037,07240,07149",3
2020-10-03 03:00:00+00:00,07139,9.238363595391538,"07037,07240,07149",3
2020-10-03 06:00:00+00:00,07471,5.34936146945164,"07460,07481,07558",3
2020-10-03 06:00:00+00:00,07139,9.047394871868665,"07037,07240,07149",3
2020-10-03 09:00:00+00:00,07471,7.2253327385724635,"07460,07481,07558",3
2020-10-03 09:00:00+00:00,07139,10.800558876253497,"07037,07240,07149",3
2020-10-03 12:00:00+00:00,07139,13.020543552230443,"07037,07240,07149",3
2020-10-03 15:00:00+00:00,07139,11.576333725937983,"07037,07240,07149",3
2020-10-03 18:00:00+00:00,07471,7.370986285378503,"07460,07481,07558",3
2020-10-03 18:00:00+00:00,07139,10.370847706790203,"07037,07240,07149",3
2020-10-03 21:00:00+00:00,07139,9.412111762710941,"07037,07240,07149",3
2020-10-04 00:00:00+00:00,07471,7.367746410278658,"07460,07481,07558",3
2020-10-04 00:00:00+00:00,07139,9.517876711238195,"07037,07240,07149",3
2020-10-04 03:00:00+00:00,07139,8.47758947424575,"07037,07240,07149",3
2020-10-04 06:00:00+00:00,07471,6.059778712216424,"07460,07481,07558",3
2020-10-04 06:00:00+00:00,07139,8.000959470560709,"07037,07240,07149",3
2020-10-04 09:00:00+00:00,07139,10.859528621894967,"07037,07240,07149",3
2020-10-04 12:00:00+00:00,07471,9.537386778603532,"07460,07481,07558",3
2020-10-04 12:00:00+00:00,07139,13.393677511205832,"07037,07240,07149",3
2020-10-04 15:00:00+00:00,07471,9.720665763989428,"07460,07481,07558",3
2020-10-04 15:00:00+00:00,07139,11.72500466375251,"07037,07240,07149",3
2020-10-04 18:00:00+00:00,07471,7.497934681683956,"07460,07481,07558",3
2020-10-04 18:00:00+00:00,07139,10.883837316948398,"07037,07240,07149",3
2020-10-04 21:00:00+00:00,07139,10.577956587310945,"07037,07240,07149",3
2020-10-05 00:00:00+00:00,07139,10.220507383041882,"07037,07240,07149",3
2020-10-05 03:00:00+00:00,07471,6.7929237551122,"07460,07481,07558",3
2020-10-05 03:00:00+00:00,07139,10.188323375891255,"07037,07240,07149",3
2020-10-05 06:00:00+00:00,07139,10.067576337621041,"07037,07240,07149",3
2020-10-07 09:00:00+00:00,07471,10.40585895989415,"07460,07481,07558",3
2020-10-08 00:00:00+00:00,07471,8.551274607694195,"07460,07481,07558",3
2020-10-08 09:00:00+00:00,07471,11.131163796300234,"07460,07481,07558",3
2020-10-09 00:00:00+00:00,07460,12.27004964151842,"07471,07481,07255",3
2020-10-09 00:00:00+00:00,07314,14.998965874452695,"07222,07240,07335",3
2020-10-09 00:00:00+00:00,07643,11.493005478500475,"07650,07747,07577",3
2020-10-09 15:00:00+00:00,07471,16.69886121021097,"07460,07481,07558",3
2020-10-10 15:00:00+00:00,07471,11.47423024895504,"07460,07481,07558",3
2020-10-11 00:00:00+00:00,07471,4.892439845492513,"07460,07481,07558",3
2020-10-11 06:00:00+00:00,07471,4.02050260671577,"07460,07481,07558",3
2020-10-11 09:00:00+00:00,07471,5.492528814336213,"07460,07481,07558",3
2020-10-12 03:00:00+00:00,07460,6.714191293162457,"07471,07481,07255",3
2020-10-12 03:00:00+00:00,07643,11.60344860102883,"07650,07747,07577",3
2020-10-12 06:00:00+00:00,07471,4.34276935248147,"07460,07481,07558",3
2020-10-12 09:00:00+00:00,07471,6.049380419100565,"07460,07481,07558",3
2020-10-12 12:00:00+00:00,07471,7.677634458061826,"07460,07481,07558",3
2020-10-12 15:00:00+00:00,07471,7.925857485276184,"07460,07481,07558",3
2020-10-12 18:00:00+00:00,07471,5.282250986529995,"07460,07481,07558",3
2020-10-12 21:00:00+00:00,07471,4.196848356471941,"07460,07481,07558",3
2020-10-13 00:00:00+00:00,07471,3.286212245108658,"07460,07481,07558",3
2020-10-13 21:00:00+00:00,07471,5.894946956399918,"07460,07481,07558",3
2020-10-14 12:00:00+00:00,07643,16.138931354207134,"07650,07747,07577",3
2020-10-14 15:00:00+00:00,07471,5.680460442736733,"07460,07481,07558",3
2020-10-14 15:00:00+00:00,07643,15.029938394107575,"07650,07747,07577",3
2020-10-14 18:00:00+00:00,07471,5.079431764488158,"07460,07481,07558",3
2020-10-14 18:00:00+00:00,07643,12.238207828798213,"07650,07747,07577",3
2020-10-14 21:00:00+00:00,07471,4.755318338457538,"07460,07481,07558",3
2020-10-14 21:00:00+00:00,07643,11.446957176688993,"07650,07747,07577",3
2020-10-15 00:00:00+00:00,07471,3.616691269817147,"07460,07481,07558",3
2020-10-15 00:00:00+00:00,07643,10.102313377156118,"07650,07747,07577",3
2020-10-15 03:00:00+00:00,07643,8.197872431947914,"07650,07747,07577",3
2020-10-15 06:00:00+00:00,07643,10.154611825101574,"07650,07747,07577",3
2020-10-15 09:00:00+00:00,07643,12.079673001106235,"07650,07747,07577",3
2020-10-15 12:00:00+00:00,07643,13.078482708559402,"07650,07747,07577",3
2020-10-15 18:00:00+00:00,07471,4.2425719224727185,"07460,07481,07558",3
2020-10-16 09:00:00+00:00,07471,5.851647752423501,"07460,07481,07558",3
2020-10-17 03:00:00+00:00,07471,4.839554740818329,"07460,07481,07558",3
2020-10-17 03:00:00+00:00,07690,10.780199864521895,"07790,07650,07643",3
2020-10-17 06:00:00+00:00,07471,4.19166722266521,"07460,07481,07558",3
2020-10-17 12:00:00+00:00,07471,8.988936609665869,"07460,07481,07558",3
2020-10-17 18:00:00+00:00,07471,6.731539349211841,"07460,07481,07558",3
2020-10-18 18:00:00+00:00,07471,6.396140232285239,"07460,07481,07558",3
2020-10-19 00:00:00+00:00,07471,1.8095238662012432,"07460,07481,07558",3
2020-10-19 09:00:00+00:00,07471,5.747345743272078,"07460,07481,07558",3
2020-10-19 12:00:00+00:00,07471,11.031419851721493,"07460,07481,07558",3
2020-10-19 21:00:00+00:00,07471,10.36467388538619,"07460,07481,07558",3
2020-10-20 03:00:00+00:00,07471,10.853981094878762,"07460,07481,07558",3
2020-10-20 06:00:00+00:00,07471,10.721306621552026,"07460,07481,07558",3
2020-10-20 09:00:00+00:00,07471,11.851153774297797,"07460,07481,07558",3
2020-10-20 12:00:00+00:00,07471,12.630022383194362,"07460,07481,07558",3
2020-10-21 15:00:00+00:00,07471,15.766577140338219,"07460,07481,07558",3
2020-10-22 06:00:00+00:00,07471,12.817728829208589,"07460,07481,07558",3
2020-10-22 12:00:00+00:00,07471,14.454958348563332,"07460,07481,07558",3
2020-10-22 15:00:00+00:00,07471,14.375828074647204,"07460,07481,07558",3
2020-10-22 18:00:00+00:00,07471,13.40738676639157,"07460,07481,07558",3
2020-10-23 00:00:00+00:00,07471,12.401300446476169,"07460,07481,07558",3
2020-10-23 06:00:00+00:00,07471,11.196088265048788,"07460,07481,07558",3
2020-10-23 21:00:00+00:00,07471,9.478736450748238,"07460,07481,07558",3
2020-10-23 21:00:00+00:00,07790,17.140812634201158,"07761,07690,07650",3
2020-10-24 06:00:00+00:00,07471,6.194733778158197,"07460,07481,07558",3
2020-10-24 09:00:00+00:00,07471,10.059533059059618,"07460,07481,07558",3
2020-10-24 18:00:00+00:00,07471,8.758064684276958,"07460,07481,07558",3
2020-10-25 06:00:00+00:00,07471,8.033967006479285,"07460,07481,07558",3
2020-10-25 09:00:00+00:00,07471,10.598691107432959,"07460,07481,07558",3
2020-10-25 12:00:00+00:00,07471,14.614044454278629,"07460,07481,07558",3
2020-10-25 15:00:00+00:00,07471,12.691286229957935,"07460,07481,07558",3
2020-10-25 18:00:00+00:00,07471,10.300761010747173,"07460,07481,07558",3
2020-10-25 21:00:00+00:00,07471,9.680492283591018,"07460,07481,07558",3
2020-10-26 00:00:00+00:00,07471,5.693520929193026,"07460,07481,07558",3
2020-10-26 06:00:00+00:00,07471,4.565973942142197,"07460,07481,07558",3
2020-10-26 09:00:00+00:00,07471,7.222249281811706,"07460,07481,07558",3
2020-10-26 12:00:00+00:00,07471,8.307270311144391,"07460,07481,07558",3
2020-10-26 15:00:00+00:00,07643,15.224309800822533,"07650,07747,07577",3
2020-10-27 03:00:00+00:00,07471,3.974736773897804,"07460,07481,07558",3
2020-10-27 18:00:00+00:00,07471,8.204400642987666,"07460,07481,07558",3
2020-10-27 21:00:00+00:00,07471,8.071726169660929,"07460,07481,07558",3
2020-10-28 09:00:00+00:00,07790,15.333491274332745,"07761,07690,07650",3
2020-10-28 15:00:00+00:00,07460,15.609937680563773,"07481,07255",2
2020-10-28 15:00:00+00:00,07471,11.802530814774485,"07481,07558",2
2020-10-28 15:00:00+00:00,07643,17.899967407191774,"07650,07747,07577",3
2020-10-28 18:00:00+00:00,07471,10.498121604971216,"07460,07481,07558",3
2020-10-29 09:00:00+00:00,07471,10.135237421649373,"07460,07481,07558",3
2020-10-29 15:00:00+00:00,07460,15.283816867744028,"07481,07255",2
2020-10-29 15:00:00+00:00,07471,11.396431846579638,"07481,07558",2
2020-10-29 15:00:00+00:00,07643,19.736725000355698,"07650,07747,07577",3
2020-10-30 00:00:00+00:00,07471,6.082425099370452,"07460,07481,07558",3
2020-10-30 06:00:00+00:00,07471,4.583719810157961,"07460,07481,07558",3
2020-10-30 15:00:00+00:00,07314,16.882979291755895,"07222,07240,07335",3
2020-10-31 09:00:00+00:00,07471,8.362869920783737,"07460,07481,07558",3
2020-10-31 12:00:00+00:00,07471,15.711623293670206,"07460,07481,07558",3
2020-10-31 18:00:00+00:00,07471,12.722154424327064,"07460,07481,07558",3
2020-10-31 21:00:00+00:00,07460,12.862524042161798,"07471,07481,07255",3
2020-10-31 21:00:00+00:00,07643,12.451401621805497,"07650,07747,07577",3
2020-11-13 06:00:00+00:00,07790,10.20659283630772,"07761,07690,07650",3
2020-11-15 06:00:00+00:00,07790,10.536888941368424,"07761,07690,07650",3
2020-11-20 21:00:00+00:00,07471,-1.565929059047792,"07460,07481,07558",3
2020-11-22 09:00:00+00:00,07314,8.685731608157125,"07222,07240,07335",3
2020-11-22 12:00:00+00:00,07460,8.158688625217202,"07471,07481,07255",3
2020-11-22 12:00:00+00:00,07117,12.224045171629669,"07020,07110,07027",3
2020-11-22 12:00:00+00:00,07314,12.329524093871903,"07222,07240,07335",3
2020-11-22 12:00:00+00:00,07643,12.104158747129796,"07650,07747,07577",3
2020-11-23 09:00:00+00:00,07314,9.053375603547344,"07222,07240,07335",3
2020-11-23 18:00:00+00:00,07471,2.3169781175148745,"07460,07481,07558",3
2020-11-24 00:00:00+00:00,07314,8.204212345565718,"07222,07240,07335",3
2020-11-24 21:00:00+00:00,07471,4.909040394796984,"07460,07481,07558",3
2020-11-25 00:00:00+00:00,07314,10.030506642069259,"07222,07240,07335",3
2020-11-25 03:00:00+00:00,07314,10.712194039804245,"07222,07240,07335",3
2020-11-25 09:00:00+00:00,07471,4.3605152204972555,"07460,07481,07558",3
2020-11-25 15:00:00+00:00,07314,14.813628904512116,"07222,07240,07335",3
2020-11-25 18:00:00+00:00,07471,5.971891216142954,"07460,07481,07558",3
2020-11-26 06:00:00+00:00,07471,4.863884465748081,"07460,07481,07558",3
2020-11-26 06:00:00+00:00,07314,8.83158671272627,"07222,07240,07335",3
2020-11-26 12:00:00+00:00,07314,14.166623947212614,"07222,07240,07335",3
2020-11-26 15:00:00+00:00,07471,9.979463075738577,"07460,07481,07558",3
2020-11-26 15:00:00+00:00,07314,14.888393444453316,"07222,07240,07335",3
2020-11-26 21:00:00+00:00,07314,10.518118717253515,"07222,07240,07335",3
2020-11-27 00:00:00+00:00,07314,9.668019943364268,"07222,07240,07335",3
2020-11-27 06:00:00+00:00,07314,8.824115533438075,"07222,07240,07335",3
2020-11-27 09:00:00+00:00,07314,10.178702853597612,"07222,07240,07335",3
2020-11-27 12:00:00+00:00,07471,10.975976660421198,"07460,07481,07558",3
2020-11-27 15:00:00+00:00,07471,10.85349487090389,"07460,07481,07558",3
2020-11-27 18:00:00+00:00,07471,7.019028885964623,"07460,07481,07558",3
2020-11-27 21:00:00+00:00,07471,4.750440513056587,"07460,07481,07558",3
2020-11-28 00:00:00+00:00,07460,4.568473395914905,"07481,07255",2
2020-11-28 00:00:00+00:00,07471,3.3499837743223546,"07481,07558",2
2020-11-28 00:00:00+00:00,07314,10.415294993633527,"07222,07240,07335",3
2020-11-28 00:00:00+00:00,07643,13.675659855685907,"07650,07747,07577",3
2020-11-28 06:00:00+00:00,07314,8.554501162744115,"07222,07240,07335",3
2020-11-28 12:00:00+00:00,07314,14.722260094563856,"07222,07240,07335",3
2020-11-29 00:00:00+00:00,07314,9.487059744262751,"07222,07240,07335",3
2020-11-29 06:00:00+00:00,07314,7.923732961699219,"07222,07240,07335",3
2020-11-29 15:00:00+00:00,07314,11.206975475556343,"07222,07240,07335",3
2020-11-29 18:00:00+00:00,07314,9.711797916527278,"07222,07240,07335",3
2020-11-30 12:00:00+00:00,07471,1.527783100207094,"07460,07481,07558",3
2020-11-30 12:00:00+00:00,07314,7.716201216281803,"07222,07240,07335",3
2020-11-30 15:00:00+00:00,07471,2.888316142115239,"07460,07481,07558",3
2020-11-30 18:00:00+00:00,07471,-1.3603430204160287,"07460,07481,07558",3
2020-11-30 18:00:00+00:00,07314,7.0135381037129445,"07222,07240,07335",3
2020-11-30 21:00:00+00:00,07314,7.1792820415059255,"07222,07240,07335",3
2020-12-01 00:00:00+00:00,07314,8.164801501238617,"07222,07240,07335",3
2020-12-01 06:00:00+00:00,07314,11.107662796838214,"07222,07240,07335",3
2020-12-01 09:00:00+00:00,07471,0.7343953329296125,"07460,07481,07558",3
2020-12-01 12:00:00+00:00,07314,11.802354124649042,"07222,07240,07335",3
2020-12-01 15:00:00+00:00,07471,2.2952387012208546,"07460,07481,07558",3
2020-12-01 18:00:00+00:00,07471,0.8928810631481761,"07460,07481,07558",3
2020-12-01 18:00:00+00:00,07314,8.913035667412755,"07222,07240,07335",3
2020-12-02 03:00:00+00:00,07314,6.964132067088828,"07222,07240,07335",3
2020-12-02 09:00:00+00:00,07314,8.441032889992536,"07222,07240,07335",3
2020-12-02 15:00:00+00:00,07314,10.325328150377855,"07222,07240,07335",3
2020-12-03 03:00:00+00:00,07314,9.60674598097466,"07222,07240,07335",3
2020-12-03 09:00:00+00:00,07314,9.710240959773252,"07222,07240,07335",3
2020-12-03 18:00:00+00:00,07314,11.535017780219906,"07222,07240,07335",3
2020-12-03 21:00:00+00:00,07314,10.602902049488993,"07222,07240,07335",3
2020-12-04 03:00:00+00:00,07471,3.157694662549369,"07460,07481,07558",3
2020-12-04 03:00:00+00:00,07314,8.125736272319923,"07222,07240,07335",3
2020-12-04 06:00:00+00:00,07471,1.9002987380013896,"07460,07481,07558",3
2020-12-04 09:00:00+00:00,07471,1.488522998283608,"07460,07481,07558",3
2020-12-04 09:00:00+00:00,07314,7.997840204455908,"07222,07240,07335",3
2020-12-04 12:00:00+00:00,07471,2.366815790930645,"07460,07481,07558",3
2020-12-04 12:00:00+00:00,07790,11.685839573334116,"07761,07690,07650",3
2020-12-04 15:00:00+00:00,07471,1.7124093764180786,"07460,07481,07558",3
2020-12-04 15:00:00+00:00,07790,10.64730035919747,"07761,07690,07650",3
2020-12-04 18:00:00+00:00,07471,0.03825578003707264,"07460,07481,07558",3
2020-12-04 18:00:00+00:00,07790,12.654483315518716,"07761,07690,07650",3
2020-12-04 18:00:00+00:00,07314,6.702977830281902,"07222,07240,07335",3
2020-12-04 21:00:00+00:00,07471,-1.3242576667377883,"07460,07481,07558",3
2020-12-04 21:00:00+00:00,07790,10.380019815853279,"07761,07690,07650",3
2020-12-04 21:00:00+00:00,07314,6.0387130074440645,"07222,07240,07335",3
2020-12-05 00:00:00+00:00,07471,-2.0041782710512086,"07460,07481,07558",3
2020-12-05 00:00:00+00:00,07790,9.475763454942125,"07761,07690,07650",3
2020-12-05 03:00:00+00:00,07460,,,0
2020-12-05 03:00:00+00:00,07471,,,0
2020-12-05 03:00:00+00:00,07481,,,0
2020-12-05 03:00:00+00:00,07577,,,0
2020-12-05 03:00:00+00:00,07280,,,0
2020-12-05 03:00:00+00:00,07110,,,0
2020-12-05 03:00:00+00:00,07117,,,0
2020-12-05 03:00:00+00:00,07130,,,0
2020-12-05 03:00:00+00:00,07240,,,0
2020-12-05 03:00:00+00:00,07255,,,0
2020-12-05 03:00:00+00:00,07761,,,0
2020-12-05 03:00:00+00:00,07790,,,0
2020-12-05 03:00:00+00:00,07072,,,0
2020-12-05 03:00:00+00:00,07168,,,0
2020-12-05 03:00:00+00:00,07181,,,0
2020-12-05 03:00:00+00:00,07190,,,0
2020-12-05 03:00:00+00:00,07299,,,0
2020-12-05 03:00:00+00:00,07005,,,0
2020-12-05 03:00:00+00:00,07015,,,0
2020-12-05 03:00:00+00:00,07020,,,0
2020-12-05 03:00:00+00:00,07027,,,0
2020-12-05 03:00:00+00:00,07037,,,0
2020-12-05 03:00:00+00:00,07139,,,0
2020-12-05 03:00:00+00:00,07314,,,0
2020-12-05 03:00:00+00:00,07335,,,0
2020-12-05 03:00:00+00:00,07434,,,0
2020-12-05 03:00:00+00:00,07510,,,0
2020-12-05 03:00:00+00:00,07607,,,0
2020-12-05 03:00:00+00:00,07535,,,0
2020-12-05 03:00:00+00:00,07558,,,0
2020-12-05 03:00:00+00:00,07621,,,0
2020-12-05 03:00:00+00:00,07627,,,0
2020-12-05 03:00:00+00:00,07630,,,0
2020-12-05 03:00:00+00:00,07643,,,0
2020-12-05 03:00:00+00:00,07747,,,0
2020-12-05 03:00:00+00:00,07222,,,0
2020-12-05 03:00:00+00:00,07591,,,0
2020-12-05 03:00:00+00:00,07650,,,0
2020-12-05 03:00:00+00:00,07690,,,0
2020-12-05 03:00:00+00:00,07149,,,0
2020-12-05 06:00:00+00:00,07790,8.268684993159447,"07761,07690,07650",3
2020-12-05 06:00:00+00:00,07314,6.483180806652605,"07222,07240,07335",3
2020-12-05 09:00:00+00:00,07790,8.666233488034115,"07761,07690,07650",3
2020-12-05 09:00:00+00:00,07314,8.148838647716191,"07222,07240,07335",3
2020-12-05 12:00:00+00:00,07790,11.03311060952533,"07761,07690,07650",3
2020-12-05 15:00:00+00:00,07790,9.954890529768123,"07761,07690,07650",3
2020-12-05 15:00:00+00:00,07314,10.794218936995847,"07222,07240,07335",3
2020-12-05 18:00:00+00:00,07790,9.13936160241143,"07761,07690,07650",3
2020-12-05 18:00:00+00:00,07314,9.411135600013957,"07222,07240,07335",3
2020-12-05 21:00:00+00:00,07790,8.299882020910772,"07761,07690,07650",3
2020-12-06 00:00:00+00:00,07790,7.5841006600946255,"07761,07690,07650",3
2020-12-06 03:00:00+00:00,07790,7.091505410152893,"07761,07690,07650",3
2020-12-06 03:00:00+00:00,07314,9.070148821609946,"07222,07240,07335",3
2020-12-06 06:00:00+00:00,07471,-2.1460438788854157,"07460,07481,07558",3
2020-12-06 06:00:00+00:00,07790,5.977670102286635,"07761,07690,07650",3
2020-12-06 06:00:00+00:00,07314,9.081478583914212,"07222,07240,07335",3
2020-12-06 09:00:00+00:00,07790,7.595157628371491,"07761,07690,07650",3
2020-12-06 09:00:00+00:00,07314,8.765053902281203,"07222,07240,07335",3
2020-12-06 12:00:00+00:00,07790,11.643766034908904,"07761,07690,07650",3
2020-12-06 12:00:00+00:00,07314,9.708463538978297,"07222,07240,07335",3
2020-12-06 15:00:00+00:00,07790,11.996111672958763,"07761,07690,07650",3
2020-12-06 15:00:00+00:00,07314,9.776191810069069,"07222,07240,07335",3
2020-12-06 18:00:00+00:00,07790,8.231446621502775,"07761,07690,07650",3
2020-12-06 18:00:00+00:00,07314,8.705785765077463,"07222,07240,07335",3
2020-12-06 21:00:00+00:00,07790,6.873409508888965,"07761,07690,07650",3
2020-12-07 00:00:00+00:00,07790,6.705658324534154,"07761,07690,07650",3
2020-12-07 00:00:00+00:00,07314,7.056879243732412,"07222,07240,07335",3
2020-12-07 03:00:00+00:00,07790,5.1146338982875905,"07761,07690,07650",3
2020-12-07 03:00:00+00:00,07314,6.393581477149375,"07222,07240,07335",3
2020-12-07 06:00:00+00:00,07790,5.0234354878382,"07761,07690,07650",3
2020-12-07 06:00:00+00:00,07314,6.064788264281021,"07222,07240,07335",3
2020-12-07 09:00:00+00:00,07314,7.351279799597344,"07222,07240,07335",3
2020-12-07 12:00:00+00:00,07280,4.993695749295953,"07181,07299,07190",3
2020-12-07 15:00:00+00:00,07280,4.906042210352697,"07181,07299,07190",3
2020-12-07 15:00:00+00:00,07314,8.827088414878762,"07222,07240,07335",3
2020-12-08 00:00:00+00:00,07314,7.6820867780015005,"07222,07240,07335",3
2020-12-08 03:00:00+00:00,07314,6.8038534833981865,"07222,07240,07335",3
2020-12-08 06:00:00+00:00,07471,0.2393197795985489,"07460,07481,07558",3
2020-12-08 09:00:00+00:00,07314,6.743081828131664,"07222,07240,07335",3
2020-12-08 12:00:00+00:00,07314,9.992573101469974,"07222,07240,07335",3
2020-12-08 18:00:00+00:00,07471,-0.5371767788984267,"07460,07481,07558",3
2020-12-08 18:00:00+00:00,07314,7.7699007463598,"07222,07240,07335",3
2020-12-08 21:00:00+00:00,07314,6.704127792586336,"07222,07240,07335",3
2020-12-09 00:00:00+00:00,07314,5.086954430233323,"07222,07240,07335",3
2020-12-09 03:00:00+00:00,07314,4.62451795231652,"07222,07240,07335",3
2020-12-09 06:00:00+00:00,07314,4.688794634840793,"07222,07240,07335",3
2020-12-09 09:00:00+00:00,07314,5.706893474443808,"07222,07240,07335",3
2020-12-09 12:00:00+00:00,07314,8.886982308919826,"07222,07240,07335",3
2020-12-09 15:00:00+00:00,07577,6.093440393120221,"07481,07650,07280",3
2020-12-09 15:00:00+00:00,07314,9.40803756720581,"07222,07240,07335",3
2020-12-09 18:00:00+00:00,07314,8.882084956972669,"07222,07240,07335",3
2020-12-09 21:00:00+00:00,07314,8.989563670154828,"07222,07240,07335",3
2020-12-10 00:00:00+00:00,07314,9.722138724232721,"07222,07240,07335",3
2020-12-10 03:00:00+00:00,07314,10.950011479179834,"07222,07240,07335",3
2020-12-10 06:00:00+00:00,07471,-2.350080304343203,"07460,07481,07558",3
2020-12-10 06:00:00+00:00,07314,9.964631128808701,"07222,07240,07335",3
2020-12-10 09:00:00+00:00,07314,10.521578246169975,"07222,07240,07335",3
2020-12-10 09:00:00+00:00,07690,9.121608127323292,"07790,07650,07643",3
2020-12-10 12:00:00+00:00,07117,10.20735692580639,"07020,07110,07027",3
2020-12-10 12:00:00+00:00,07181,3.2932128037923856,"07168,07280,07190",3
2020-12-10 12:00:00+00:00,07314,12.210124016233031,"07222,07240,07335",3
2020-12-10 12:00:00+00:00,07607,9.545894120454873,"07510,07621,07630",3
2020-12-10 12:00:00+00:00,07690,10.67023503220069,"07790,07650,07643",3
2020-12-10 15:00:00+00:00,07471,1.2916581563067875,"07460,07481,07558",3
2020-12-10 18:00:00+00:00,07314,10.749620957289517,"07222,07240,07335",3
2020-12-10 21:00:00+00:00,07314,10.618672354958624,"07222,07240,07335",3
2020-12-11 00:00:00+00:00,07314,11.618287952389418,"07222,07240,07335",3
2020-12-11 06:00:00+00:00,07314,12.653737654213344,"07222,07240,07335",3
2020-12-11 12:00:00+00:00,07471,5.656524967462092,"07460,07481,07558",3
2020-12-11 15:00:00+00:00,07314,13.193343551356877,"07222,07240,07335",3
2020-12-11 18:00:00+00:00,07314,11.887084018193267,"07222,07240,07335",3
2020-12-11 21:00:00+00:00,07314,11.769618053064047,"07222,07240,07335",3
2020-12-12 03:00:00+00:00,07314,11.487832015178446,"07222,07240,07335",3
2020-12-12 06:00:00+00:00,07314,10.844745097230426,"07222,07240,07335",3
2020-12-12 09:00:00+00:00,07471,4.541595026245089,"07460,07481,07558",3
2020-12-12 09:00:00+00:00,07314,10.75190862555749,"07222,07240,07335",3
2020-12-12 12:00:00+00:00,07314,12.23228293537174,"07222,07240,07335",3
2020-12-12 15:00:00+00:00,07314,12.18840964953526,"07222,07240,07335",3
2020-12-12 18:00:00+00:00,07314,9.507351947577126,"07222,07240,07335",3
2020-12-12 21:00:00+00:00,07314,8.477891805322635,"07222,07240,07335",3
2020-12-13 00:00:00+00:00,07314,8.142916484832067,"07222,07240,07335",3
2020-12-13 09:00:00+00:00,07471,1.1321708767862435,"07460,07481,07558",3
2020-12-13 09:00:00+00:00,07314,10.73750272878911,"07222,07240,07335",3
2020-12-13 12:00:00+00:00,07471,5.131563195983992,"07460,07481,07558",3
2020-12-14 12:00:00+00:00,07471,7.9461905412702905,"07460,07481,07558",3
2020-12-14 15:00:00+00:00,07471,8.404939272414467,"07460,07481,07558",3
2020-12-14 21:00:00+00:00,07471,7.915044852890107,"07460,07481,07558",3
2020-12-15 09:00:00+00:00,07314,11.25220693139734,"07222,07240,07335",3
2020-12-15 21:00:00+00:00,07690,10.805200492677809,"07790,07650,07643",3
2020-12-16 00:00:00+00:00,07471,3.8775931827623658,"07460,07481,07558",3
2020-12-16 03:00:00+00:00,07471,1.7119659357955945,"07460,07481,07558",3
2020-12-16 09:00:00+00:00,07471,4.543680054361252,"07460,07481,07558",3
2020-12-16 15:00:00+00:00,07471,9.389299341500848,"07460,07481,07558",3
2020-12-16 18:00:00+00:00,07471,8.069426003965987,"07460,07481,07558",3
2020-12-16 21:00:00+00:00,07471,6.833201858760171,"07460,07481,07558",3
2020-12-17 00:00:00+00:00,07471,6.637883509299906,"07460,07481,07558",3
2020-12-17 03:00:00+00:00,07471,5.40833467879261,"07460,07481,07558",3
2020-12-17 09:00:00+00:00,07471,5.089513417433158,"07460,07481,07558",3
2020-12-17 09:00:00+00:00,07255,8.650291119858117,"07240,07335,07149",3
2020-12-17 12:00:00+00:00,07471,7.64947072385031,"07460,07481,07558",3
2020-12-17 15:00:00+00:00,07471,7.22738814880122,"07460,07481,07558",3
2020-12-18 03:00:00+00:00,07020,11.737725824256247,"07117,07027,07005",3
2020-12-18 06:00:00+00:00,07471,1.0923694688408427,"07460,07481,07558",3
2020-12-18 06:00:00+00:00,07020,11.890468364397893,"07117,07027,07005",3
2020-12-18 09:00:00+00:00,07020,12.61278165077735,"07117,07027,07005",3
2020-12-18 12:00:00+00:00,07020,13.538154435551863,"07117,07027,07005",3
2020-12-18 15:00:00+00:00,07020,13.360977246989272,"07117,07027,07005",3
2020-12-18 18:00:00+00:00,07020,13.05125016615737,"07117,07027,07005",3
2020-12-18 21:00:00+00:00,07020,11.95110191911546,"07117,07027,07005",3
2020-12-19 00:00:00+00:00,07020,11.560021111408942,"07117,07027,07005",3
2020-12-19 03:00:00+00:00,07471,6.960078370360954,"07460,07481,07558",3
2020-12-19 03:00:00+00:00,07020,11.59569505304967,"07117,07027,07005",3
2020-12-19 06:00:00+00:00,07020,10.50411966930454,"07117,07027,07005",3
2020-12-19 09:00:00+00:00,07020,10.806762478236578,"07117,07027,07005",3
2020-12-19 09:00:00+00:00,07314,12.746448974518803,"07222,07240,07335",3
2020-12-19 12:00:00+00:00,07020,12.497028361874039,"07117,07027,07005",3
2020-12-19 15:00:00+00:00,07020,11.890429994041202,"07117,07027,07005",3
2020-12-19 18:00:00+00:00,07471,8.31146946872903,"07460,07481,07558",3
2020-12-19 18:00:00+00:00,07020,10.545169960405515,"07117,07027,07005",3
2020-12-19 21:00:00+00:00,07020,10.057172272084946,"07117,07027,07005",3
2020-12-20 00:00:00+00:00,07471,7.410438831143393,"07460,07481,07558",3
2020-12-20 00:00:00+00:00,07020,9.128564603117235,"07117,07027,07005",3
2020-12-20 03:00:00+00:00,07020,8.371673353652001,"07117,07027,07005",3
2020-12-20 06:00:00+00:00,07020,8.767778827962307,"07117,07027,07005",3
2020-12-20 09:00:00+00:00,07471,5.1111778283650935,"07460,07481,07558",3
2020-12-20 09:00:00+00:00,07020,9.19129613348752,"07117,07027,07005",3
2020-12-20 12:00:00+00:00,07471,8.079980715420879,"07460,07481,07558",3
2020-12-20 12:00:00+00:00,07020,10.317370179976251,"07117,07027,07005",3
2020-12-20 12:00:00+00:00,07314,13.563525517750017,"07222,07240,07335",3
2020-12-20 15:00:00+00:00,07020,10.886194070886773,"07117,07027,07005",3
2020-12-20 18:00:00+00:00,07020,9.960686374669525,"07117,07027,07005",3
2020-12-20 21:00:00+00:00,07471,1.8419485978944725,"07460,07481,07558",3
2020-12-20 21:00:00+00:00,07020,9.484405012010559,"07117,07027,07005",3
2020-12-21 00:00:00+00:00,07020,10.376594443639034,"07117,07027,07005",3
2020-12-21 03:00:00+00:00,07020,11.553724624821934,"07117,07027,07005",3
2020-12-21 06:00:00+00:00,07020,12.46620068578001,"07117,07027,07005",3
2020-12-21 15:00:00+00:00,07471,7.317236476661472,"07460,07481,07558",3
2020-12-21 21:00:00+00:00,07471,6.432711809938361,"07460,07481,07558",3
2020-12-26 09:00:00+00:00,07690,9.574652176521688,"07790,07650,07643",3
2020-12-27 03:00:00+00:00,07020,10.265998173153385,"07117,07027,07005",3
2020-12-28 21:00:00+00:00,07117,7.216169645697764,"07020,07110,07027",3
2020-12-28 21:00:00+00:00,07607,7.384634550599893,"07510,07621,07630",3
2020-12-29 00:00:00+00:00,07117,6.98725759751574,"07020,07110,07027",3
2020-12-29 00:00:00+00:00,07607,6.180325443577598,"07510,07621,07630",3
2020-12-29 03:00:00+00:00,07117,7.4233956562506584,"07020,07110,07027",3
2020-12-29 03:00:00+00:00,07607,5.780742122365322,"07510,07621,07630",3
2020-12-29 06:00:00+00:00,07117,7.041323414921306,"07020,07110,07027",3
2020-12-29 06:00:00+00:00,07607,5.194376519476054,"07510,07621,07630",3
2020-12-29 09:00:00+00:00,07607,4.732541274779485,"07510,07621,07630",3
2021-01-02 12:00:00+00:00,07314,7.393885912111878,"07222,07240,07335",3
2021-01-06 21:00:00+00:00,07314,6.543666302846081,"07222,07240,07335",3
2021-01-08 12:00:00+00:00,07314,6.396377691237169,"07222,07240,07335",3
2021-01-11 00:00:00+00:00,07314,3.4691536093897803,"07222,07240,07335",3
2021-01-11 03:00:00+00:00,07314,3.5472087301919206,"07222,07240,07335",3
2021-01-11 15:00:00+00:00,07314,7.186332268350437,"07222,07240,07335",3
2021-01-12 09:00:00+00:00,07314,10.185645511427769,"07222,07240,07335",3
2021-01-13 00:00:00+00:00,07314,11.79315533889809,"07222,07240,07335",3
2021-01-13 03:00:00+00:00,07314,11.902854323662911,"07222,07240,07335",3
2021-01-13 15:00:00+00:00,07314,12.177979546800477,"07222,07240,07335",3
2021-01-16 03:00:00+00:00,07577,0.644066276758456,"07481,07650,07280",3
2021-01-16 06:00:00+00:00,07577,-0.014085206748923065,"07481,07650,07280",3
2021-01-16 21:00:00+00:00,07314,10.412971469027426,"07222,07240,07335",3
2021-01-17 00:00:00+00:00,07149,5.740894693217539,"07240,07037,07139",3
2021-01-18 15:00:00+00:00,07314,10.760015203686173,"07222,07240,07335",3
2021-01-18 18:00:00+00:00,07314,9.8873146598705,"07222,07240,07335",3
2021-01-18 21:00:00+00:00,07314,8.70900463326214,"07222,07240,07335",3
2021-01-19 15:00:00+00:00,07314,11.661047132259604,"07222,07240,07335",3
2021-01-19 18:00:00+00:00,07314,10.771891069801605,"07222,07240,07335",3
2021-01-20 12:00:00+00:00,07314,12.651723888677523,"07222,07240,07335",3
2021-01-20 18:00:00+00:00,07314,12.818721041798362,"07222,07240,07335",3
2021-01-20 21:00:00+00:00,07314,13.07897561903578,"07222,07240,07335",3
2021-01-21 00:00:00+00:00,07020,8.59633223134531,"07117,07027,07005",3
2021-01-21 00:00:00+00:00,07314,12.537923958511618,"07222,07240,07335",3
2021-01-21 03:00:00+00:00,07020,8.44192269874964,"07117,07027,07005",3
2021-01-21 06:00:00+00:00,07020,7.541336245252604,"07117,07027,07005",3
2021-01-21 09:00:00+00:00,07314,10.846419265001959,"07222,07240,07335",3
2021-01-21 12:00:00+00:00,07314,12.111379339670101,"07222,07240,07335",3
2021-01-21 18:00:00+00:00,07314,12.441685712604404,"07222,07240,07335",3
2021-01-21 21:00:00+00:00,07314,11.827019474443478,"07222,07240,07335",3
2021-01-22 09:00:00+00:00,07314,7.987638506112027,"07222,07240,07335",3
2021-01-22 12:00:00+00:00,07314,10.42738530614576,"07222,07240,07335",3
2021-01-23 00:00:00+00:00,07314,7.891225294505134,"07222,07240,07335",3
2021-01-23 03:00:00+00:00,07314,8.592406787355216,"07222,07240,07335",3
2021-01-23 09:00:00+00:00,07314,9.270190103732823,"07222,07240,07335",3
2021-01-23 12:00:00+00:00,07314,9.715070915035085,"07222,07240,07335",3
2021-01-23 18:00:00+00:00,07314,7.56549857409774,"07222,07240,07335",3
2021-01-23 21:00:00+00:00,07314,6.184939250124688,"07222,07240,07335",3
2021-01-24 00:00:00+00:00,07314,5.502544740872958,"07222,07240,07335",3
2021-01-24 03:00:00+00:00,07314,4.685047245198079,"07222,07240,07335",3
2021-01-24 12:00:00+00:00,07314,9.282258517901028,"07222,07240,07335",3
2021-01-25 00:00:00+00:00,07747,8.646528472294412,"07643,07650,07577",3
2021-01-25 03:00:00+00:00,07747,8.646095475801157,"07643,07650,07577",3
2021-01-25 15:00:00+00:00,07460,4.088069009105799,"07471,07481,07255",3
2021-01-25 15:00:00+00:00,07643,9.39650090834226,"07650,07747,07577",3
2021-01-26 03:00:00+00:00,07314,3.3546824240452633,"07222,07240,07335",3
2021-01-26 12:00:00+00:00,07460,2.852829389036817,"07471,07481,07255",3
2021-01-26 12:00:00+00:00,07314,7.47255884940139,"07222,07240,07335",3
2021-01-26 12:00:00+00:00,07643,9.281173096453424,"07650,07747,07577",3
2021-01-26 15:00:00+00:00,07314,8.146971931891883,"07222,07240,07335",3
2021-01-27 00:00:00+00:00,07314,8.10933850835975,"07222,07240,07335",3
2021-01-27 06:00:00+00:00,07314,9.982607747866943,"07222,07240,07335",3
2021-01-27 09:00:00+00:00,07314,10.721629170296024,"07222,07240,07335",3
2021-01-27 12:00:00+00:00,07314,12.474568833900879,"07222,07240,07335",3
2021-01-27 15:00:00+00:00,07460,8.996014747726345,"07471,07481,07255",3
2021-01-27 15:00:00+00:00,07314,12.675533375590533,"07222,07240,07335",3
2021-01-27 15:00:00+00:00,07643,13.44836961237755,"07650,07747,07577",3
2021-01-27 18:00:00+00:00,07314,12.612120496297647,"07222,07240,07335",3
2021-01-27 21:00:00+00:00,07314,12.882259072458705,"07222,07240,07335",3
2021-01-28 00:00:00+00:00,07314,13.13028422782235,"07222,07240,07335",3
2021-01-28 03:00:00+00:00,07314,13.176252633874062,"07222,07240,07335",3
2021-01-28 06:00:00+00:00,07314,13.310934667853568,"07222,07240,07335",3
2021-01-28 09:00:00+00:00,07314,13.620698534738557,"07222,07240,07335",3
2021-01-28 12:00:00+00:00,07314,14.061478400639732,"07222,07240,07335",3
2021-01-28 15:00:00+00:00,07314,14.080471890284992,"07222,07240,07335",3
2021-01-28 18:00:00+00:00,07314,13.60714850085158,"07222,07240,07335",3
2021-01-28 21:00:00+00:00,07314,13.473366126441581,"07222,07240,07335",3
2021-01-29 00:00:00+00:00,07181,10.120182657537079,"07168,07280,07190",3
2021-01-29 00:00:00+00:00,07314,13.647127347333873,"07222,07240,07335",3
2021-01-29 03:00:00+00:00,07314,13.269510057990654,"07222,07240,07335",3
2021-01-29 06:00:00+00:00,07314,12.565480835067344,"07222,07240,07335",3
2021-01-29 09:00:00+00:00,07314,12.76399670078341,"07222,07240,07335",3
2021-01-29 12:00:00+00:00,07314,13.944365991268862,"07222,07240,07335",3
2021-01-29 15:00:00+00:00,07314,13.71395595885514,"07222,07240,07335",3
2021-01-29 18:00:00+00:00,07314,12.556371344345742,"07222,07240,07335",3
2021-01-30 00:00:00+00:00,07314,11.987673512236503,"07222,07240,07335",3
2021-01-30 06:00:00+00:00,07314,13.095099480263794,"07222,07240,07335",3
2021-01-30 09:00:00+00:00,07314,12.79342029316345,"07222,07240,07335",3
2021-01-30 15:00:00+00:00,07314,12.470880900593533,"07222,07240,07335",3
2021-01-30 18:00:00+00:00,07460,8.459399940593482,"07471,07481,07255",3
2021-01-30 18:00:00+00:00,07314,12.065831886062067,"07222,07240,07335",3
2021-01-30 18:00:00+00:00,07643,9.262644103362478,"07650,07747,07577",3
2021-02-01 06:00:00+00:00,07314,12.490317241026494,"07222,07240,07335",3
2021-02-02 06:00:00+00:00,07314,13.642458399777606,"07222,07240,07335",3
2021-02-02 06:00:00+00:00,07149,11.133141162361941,"07240,07037,07139",3
2021-02-03 09:00:00+00:00,07314,13.342578531816285,"07222,07240,07335",3
2021-02-03 18:00:00+00:00,07314,11.485804291648563,"07222,07240,07335",3
2021-02-04 06:00:00+00:00,07314,10.587507198121745,"07222,07240,07335",3
2021-02-04 09:00:00+00:00,07314,11.043511265681431,"07222,07240,07335",3
2021-02-05 00:00:00+00:00,07314,11.293085437449129,"07222,07240,07335",3
2021-02-05 06:00:00+00:00,07314,10.671758384540158,"07222,07240,07335",3
2021-02-05 12:00:00+00:00,07314,12.564456024130369,"07222,07240,07335",3
2021-02-08 00:00:00+00:00,07314,6.629967111138425,"07222,07240,07335",3
2021-02-08 03:00:00+00:00,07314,5.907240199646082,"07222,07240,07335",3
2021-02-09 03:00:00+00:00,07314,5.5453932157724966,"07222,07240,07335",3
2021-02-10 21:00:00+00:00,07607,7.853932129891863,"07510,07621,07630",3
2021-02-11 00:00:00+00:00,07607,5.640415692096475,"07510,07621,07630",3
2021-02-11 03:00:00+00:00,07607,4.846554390122941,"07510,07621,07630",3
2021-02-11 06:00:00+00:00,07607,4.371279191358255,"07510,07621,07630",3
2021-02-11 18:00:00+00:00,07471,0.23860196562242297,"07460,07481,07558",3
2021-02-11 21:00:00+00:00,07471,-0.7332129423348013,"07460,07481,07558",3
2021-02-12 00:00:00+00:00,07471,-1.504355496263513,"07460,07481,07558",3
2021-02-12 03:00:00+00:00,07471,-1.6766881246615615,"07460,07481,07558",3
2021-02-12 06:00:00+00:00,07471,-1.7947228804706492,"07460,07481,07558",3
2021-02-12 06:00:00+00:00,07314,4.335237135145501,"07222,07240,07335",3
2021-02-12 09:00:00+00:00,07471,-0.9888945753135214,"07460,07481,07558",3
2021-02-12 15:00:00+00:00,07471,-1.6009314504470396,"07460,07481,07558",3
2021-02-12 15:00:00+00:00,07027,0.9699990446421156,"07037,07139,07005",3
2021-02-12 18:00:00+00:00,07027,-0.692297618372627,"07037,07139,07005",3
2021-02-12 21:00:00+00:00,07027,-1.5733669245445847,"07037,07139,07005",3
2021-02-13 00:00:00+00:00,07020,1.6940435028488547,"07117,07005",2
2021-02-13 00:00:00+00:00,07027,-2.97112130912359,"07037,07139,07005",3
2021-02-13 03:00:00+00:00,07020,1.3453620662200931,"07117,07005",2
2021-02-13 03:00:00+00:00,07027,-3.890352764849,"07037,07139,07005",3
2021-02-13 06:00:00+00:00,07020,1.1629809236010882,"07117,07005",2
2021-02-13 06:00:00+00:00,07027,-4.083811249641323,"07037,07139,07005",3
2021-02-13 09:00:00+00:00,07020,1.9264977939346737,"07117,07005",2
2021-02-13 09:00:00+00:00,07027,-2.653554136551884,"07037,07139,07005",3
2021-02-13 12:00:00+00:00,07020,4.170636461746821,"07117,07005",2
2021-02-13 12:00:00+00:00,07027,-0.06468507131439716,"07037,07139,07005",3
2021-02-13 15:00:00+00:00,07020,5.201515224343397,"07117,07005",2
2021-02-13 15:00:00+00:00,07027,1.2991803356953397,"07037,07139,07005",3
2021-02-13 18:00:00+00:00,07020,4.98651473384615,"07117,07005",2
2021-02-13 18:00:00+00:00,07027,0.04346515799142825,"07037,07139,07005",3
2021-02-13 21:00:00+00:00,07020,4.770141291369541,"07117,07005",2
2021-02-13 21:00:00+00:00,07027,-0.4009494261329716,"07037,07139,07005",3
2021-02-14 00:00:00+00:00,07020,4.072320767452272,"07117,07005",2
2021-02-14 00:00:00+00:00,07027,-0.9049818845713216,"07037,07139,07005",3
2021-02-14 03:00:00+00:00,07020,3.674023833016461,"07117,07005",2
2021-02-14 03:00:00+00:00,07027,-2.3618967123126566,"07037,07139,07005",3
2021-02-14 06:00:00+00:00,07020,4.491275057095141,"07117,07005",2
2021-02-14 06:00:00+00:00,07027,-3.0079683776261064,"07037,07139,07005",3
2021-02-14 09:00:00+00:00,07020,5.971439203913938,"07117,07005",2
2021-02-14 09:00:00+00:00,07027,-0.7252005656308611,"07037,07139,07005",3
2021-02-14 12:00:00+00:00,07020,7.583453694225096,"07117,07005",2
2021-02-14 12:00:00+00:00,07027,2.091654244707695,"07037,07139,07005",3
2021-02-14 15:00:00+00:00,07020,9.246456634322662,"07117,07005",2
2021-02-14 15:00:00+00:00,07027,3.6189048997730557,"07037,07139,07005",3
2021-02-14 18:00:00+00:00,07020,9.63050332278837,"07117,07005",2
2021-02-14 18:00:00+00:00,07027,2.10916584822386,"07037,07139,07005",3
2021-02-14 21:00:00+00:00,07020,9.497280027316657,"07117,07005",2
2021-02-14 21:00:00+00:00,07027,2.54253342859833,"07037,07139,07005",3
2021-02-15 00:00:00+00:00,07020,10.445923944227934,"07117,07005",2
2021-02-15 00:00:00+00:00,07027,2.968141146895909,"07037,07139,07005",3
2021-02-15 03:00:00+00:00,07471,-0.05576208752035283,"07460,07481,07558",3
2021-02-15 03:00:00+00:00,07020,10.678378235313762,"07117,07005",2
2021-02-15 03:00:00+00:00,07027,3.3467311396721566,"07037,07139,07005",3
2021-02-15 06:00:00+00:00,07471,-0.2606335991335116,"07460,07481,07558",3
2021-02-15 06:00:00+00:00,07020,10.809770928146348,"07117,07005",2
2021-02-15 06:00:00+00:00,07027,4.4955014855412205,"07037,07139,07005",3
2021-02-15 09:00:00+00:00,07471,1.6693157817480482,"07460,07481,07558",3
2021-02-15 09:00:00+00:00,07020,10.509332037345292,"07117,07005",2
2021-02-15 09:00:00+00:00,07027,5.637807231644049,"07037,07139,07005",3
2021-02-17 03:00:00+00:00,07434,6.228272122687147,"07535,07335,07255",3
2021-02-17 12:00:00+00:00,07471,9.979557654180551,"07460,07481,07558",3
2021-02-17 12:00:00+00:00,07591,9.713551844399511,"07577,07650,07558",3
2021-02-18 00:00:00+00:00,07747,9.193528983814316,"07643,07650,07577",3
2021-02-18 03:00:00+00:00,07747,9.985351362357616,"07643,07650,07577",3
2021-02-18 06:00:00+00:00,07747,10.730237219651134,"07643,07650,07577",3
2021-02-18 15:00:00+00:00,07471,10.166817022379693,"07460,07481,07558",3
2021-02-19 15:00:00+00:00,07460,14.371191236579001,"07471,07481,07255",3
2021-02-19 15:00:00+00:00,07643,14.512386726958452,"07650,07747,07577",3
2021-02-21 18:00:00+00:00,07471,8.444163515135644,"07460,07481,07558",3
2021-02-21 21:00:00+00:00,07471,8.123857601156764,"07460,07481,07558",3
2021-02-22 15:00:00+00:00,07471,11.339086026129301,"07460,07481,07558",3
2021-02-22 18:00:00+00:00,07471,9.386698988057528,"07460,07481,07558",3
2021-02-22 21:00:00+00:00,07471,8.671567262381007,"07460,07481,07558",3
2021-02-23 15:00:00+00:00,07471,13.002139967840822,"07460,07481,07558",3
2021-02-24 06:00:00+00:00,07460,7.068282598943343,"07471,07481,07255",3
2021-02-24 06:00:00+00:00,07643,7.789283156840714,"07650,07747,07577",3
2021-02-26 00:00:00+00:00,07181,5.635267510927277,"07168,07280,07190",3
2021-02-26 03:00:00+00:00,07460,4.798289392105907,"07471,07481,07255",3
2021-02-26 03:00:00+00:00,07643,7.861567214826482,"07650,07747,07577",3
2021-02-26 15:00:00+00:00,07314,14.176517588139411,"07222,07240,07335",3
2021-02-26 18:00:00+00:00,07314,12.33664171740173,"07222,07240,07335",3
2021-02-27 03:00:00+00:00,07460,5.382741895772135,"07471,07481,07255",3
2021-02-27 03:00:00+00:00,07643,10.640273786127617,"07650,07747,07577",3
2021-02-27 18:00:00+00:00,07240,8.785163334779075,"07335,07255,07139",3
2021-02-28 09:00:00+00:00,07460,4.66992817733152,"07471,07481,07255",3
2021-02-28 09:00:00+00:00,07643,10.915684356667438,"07650,07747,07577",3
2021-02-28 12:00:00+00:00,07314,11.391033707466004,"07222,07240,07335",3
2021-03-01 12:00:00+00:00,07460,15.651452607294177,"07471,07481,07255",3
2021-03-01 12:00:00+00:00,07643,15.43095064471204,"07650,07747,07577",3
2021-03-02 03:00:00+00:00,07460,7.011839483231672,"07471,07481,07255",3
2021-03-02 03:00:00+00:00,07643,6.037069256334077,"07650,07747,07577",3
2021-03-04 09:00:00+00:00,07314,10.428070519318467,"07222,07240,07335",3
2021-03-05 00:00:00+00:00,07460,7.0262370200833395,"07471,07481,07255",3
2021-03-05 00:00:00+00:00,07314,9.702098525306452,"07222,07240,07335",3
2021-03-05 00:00:00+00:00,07643,8.077318703143824,"07650,07747,07577",3
2021-03-05 03:00:00+00:00,07314,9.333980138781321,"07222,07240,07335",3
2021-03-05 09:00:00+00:00,07314,9.630761973934526,"07222,07240,07335",3
2021-03-05 12:00:00+00:00,07314,9.75356814179861,"07222,07240,07335",3
2021-03-05 15:00:00+00:00,07314,10.090978180268642,"07222,07240,07335",3
2021-03-05 18:00:00+00:00,07314,8.874206783234897,"07222,07240,07335",3
2021-03-07 18:00:00+00:00,07314,11.06202604820084,"07222,07240,07335",3
2021-03-08 09:00:00+00:00,07314,7.611238575758548,"07222,07240,07335",3
2021-03-09 12:00:00+00:00,07314,10.990049781997497,"07222,07240,07335",3
2021-03-10 09:00:00+00:00,07314,8.576511330518134,"07222,07240,07335",3
2021-03-13 03:00:00+00:00,07460,6.855535820966194,"07471,07481,07255",3
2021-03-13 03:00:00+00:00,07643,6.977378750615648,"07650,07747,07577",3
2021-03-14 15:00:00+00:00,07314,12.96864917578041,"07222,07240,07335",3
2021-03-15 12:00:00+00:00,07280,8.048949620963121,"07181,07299,07190",3
2021-03-15 15:00:00+00:00,07280,9.222403744074825,"07181,07299,07190",3
2021-03-18 18:00:00+00:00,07460,4.275739900767567,"07471,07481,07255",3
2021-03-18 18:00:00+00:00,07643,8.715058758005297,"07650,07747,07577",3
2021-03-21 00:00:00+00:00,07314,7.266675057420549,"07222,07240,07335",3
2021-03-21 18:00:00+00:00,07314,11.392546867531971,"07222,07240,07335",3
2021-03-22 21:00:00+00:00,07314,9.147804888312415,"07222,07240,07335",3
2021-03-23 00:00:00+00:00,07314,7.354546780461011,"07222,07240,07335",3
2021-03-23 06:00:00+00:00,07314,5.643887589600506,"07222,07240,07335",3
2021-03-23 15:00:00+00:00,07139,13.324204454203148,"07037,07240,07149",3
2021-03-23 21:00:00+00:00,07139,5.600812561481241,"07037,07240,07149",3
2021-03-23 21:00:00+00:00,07314,9.695634574602135,"07222,07240,07335",3
2021-03-24 00:00:00+00:00,07139,3.6960451735530064,"07037,07240,07149",3
2021-03-24 00:00:00+00:00,07314,7.444469827028621,"07222,07240,07335",3
2021-03-24 03:00:00+00:00,07139,2.3121427078801684,"07037,07240,07149",3
2021-03-24 03:00:00+00:00,07314,6.5131146465056515,"07222,07240,07335",3
2021-03-24 06:00:00+00:00,07139,1.1244376397675708,"07037,07240,07149",3
2021-03-24 09:00:00+00:00,07139,9.380649059319456,"07037,07240,07149",3
2021-03-24 12:00:00+00:00,07139,14.830618383519433,"07037,07240,07149",3
2021-03-24 15:00:00+00:00,07139,15.29627103475587,"07037,07240,07149",3
2021-03-24 18:00:00+00:00,07139,11.674033861544157,"07037,07240,07149",3
2021-03-24 21:00:00+00:00,07139,7.136906130020008,"07037,07240,07149",3
2021-03-25 00:00:00+00:00,07139,6.64868061720681,"07037,07240,07149",3
2021-03-25 03:00:00+00:00,07139,6.544671408357722,"07037,07240,07149",3
2021-03-25 06:00:00+00:00,07139,6.984127307831564,"07037,07240,07149",3
2021-03-25 09:00:00+00:00,07139,8.46082432033382,"07037,07240,07149",3
2021-03-25 12:00:00+00:00,07643,17.14925554928049,"07650,07747,07577",3
2021-03-26 12:00:00+00:00,07314,15.052862268574385,"07222,07240,07335",3
2021-03-28 12:00:00+00:00,07314,16.330051765116313,"07222,07240,07335",3
2021-03-29 03:00:00+00:00,07314,8.18634691988088,"07222,07240,07335",3
2021-03-31 03:00:00+00:00,07471,6.863120815452067,"07460,07481,07558",3
2021-03-31 06:00:00+00:00,07471,5.953610449720193,"07460,07481,07558",3
2021-03-31 18:00:00+00:00,07471,15.78854173901855,"07460,07481,07558",3
2021-03-31 21:00:00+00:00,07471,11.830239915886821,"07460,07481,07558",3
2021-04-01 00:00:00+00:00,07471,10.059171031414145,"07460,07481,07558",3
2021-04-01 09:00:00+00:00,07471,12.712258807608576,"07460,07481,07558",3
2021-04-01 09:00:00+00:00,07005,17.739702508582813,"07037,07015,07027",3
2021-04-01 12:00:00+00:00,07005,19.910830233797775,"07037,07015,07027",3
2021-04-01 15:00:00+00:00,07005,17.530647802298276,"07037,07015,07027",3
2021-04-01 18:00:00+00:00,07471,15.672239511952535,"07460,07481,07558",3
2021-04-01 18:00:00+00:00,07005,12.905111664674731,"07037,07015,07027",3
2021-04-01 21:00:00+00:00,07471,9.834439522316773,"07460,07481,07558",3
2021-04-01 21:00:00+00:00,07005,8.73136157443982,"07037,07015,07027",3
2021-04-02 00:00:00+00:00,07005,7.1234699451965495,"07037,07015,07027",3
2021-04-02 03:00:00+00:00,07005,5.709989088108342,"07037,07015,07027",3
2021-04-02 06:00:00+00:00,07005,4.933588658805115,"07037,07015,07027",3
2021-04-02 09:00:00+00:00,07005,7.856182167839523,"07037,07015,07027",3
2021-04-02 12:00:00+00:00,07005,10.303993676984266,"07037,07015,07027",3
2021-04-02 15:00:00+00:00,07005,9.922853082985165,"07037,07015,07027",3
2021-04-02 18:00:00+00:00,07005,7.2410283316624415,"07037,07015,07027",3
2021-04-02 21:00:00+00:00,07005,6.298575648520376,"07037,07015,07027",3
2021-04-03 00:00:00+00:00,07005,6.203657413452006,"07037,07015,07027",3
2021-04-03 03:00:00+00:00,07005,6.482826516015951,"07037,07015,07027",3
2021-04-03 06:00:00+00:00,07005,6.251298592472116,"07037,07015,07027",3
2021-04-03 09:00:00+00:00,07005,6.782381810037625,"07037,07015,07027",3
2021-04-03 12:00:00+00:00,07005,9.044798386786528,"07037,07015,07027",3
2021-04-03 15:00:00+00:00,07005,9.545659097060234,"07037,07015,07027",3
2021-04-03 18:00:00+00:00,07005,7.502845144636876,"07037,07015,07027",3
2021-04-03 21:00:00+00:00,07005,5.265065472538637,"07037,07015,07027",3
2021-04-04 00:00:00+00:00,07005,3.9469914158998183,"07037,07015,07027",3
2021-04-04 03:00:00+00:00,07005,3.4720361175862164,"07037,07015,07027",3
2021-04-04 06:00:00+00:00,07005,3.402401964819467,"07037,07015,07027",3
2021-04-04 09:00:00+00:00,07460,8.599841226896386,"07471,07481,07255",3
2021-04-04 09:00:00+00:00,07005,6.642995426380611,"07037,07015,07027",3
2021-04-04 09:00:00+00:00,07643,13.601409243489908,"07650,07747,07577",3
2021-04-04 12:00:00+00:00,07005,8.086831555038138,"07037,07015,07027",3
2021-04-04 15:00:00+00:00,07005,10.354146022630857,"07037,07015,07027",3
2021-04-04 18:00:00+00:00,07005,8.409581947977149,"07037,07015,07027",3
2021-04-04 21:00:00+00:00,07005,4.43432004466629,"07037,07015,07027",3
2021-04-05 00:00:00+00:00,07005,3.189344547773065,"07037,07015,07027",3
2021-04-05 03:00:00+00:00,07005,4.777563545348224,"07037,07015,07027",3
2021-04-05 06:00:00+00:00,07005,6.331052115751971,"07037,07015,07027",3
2021-04-05 09:00:00+00:00,07005,7.002712680306858,"07037,07015,07027",3
2021-04-05 12:00:00+00:00,07005,6.0693422190627615,"07037,07015,07027",3
2021-04-05 15:00:00+00:00,07005,6.4363699360425235,"07037,07015,07027",3
2021-04-05 18:00:00+00:00,07005,4.041586062142694,"07037,07015,07027",3
2021-04-05 21:00:00+00:00,07005,1.2274023355374706,"07037,07015,07027",3
2021-04-06 00:00:00+00:00,07005,0.4322741930500997,"07037,07015,07027",3
2021-04-06 03:00:00+00:00,07005,-0.5527568017126946,"07037,07015,07027",3
2021-04-06 06:00:00+00:00,07005,-0.5501387188010346,"07037,07015,07027",3
2021-04-06 09:00:00+00:00,07005,3.83266607771843,"07037,07015,07027",3
2021-04-06 12:00:00+00:00,07005,5.392850145802824,"07037,07015,07027",3
2021-04-06 15:00:00+00:00,07005,5.674570949139647,"07037,07015,07027",3
2021-04-06 18:00:00+00:00,07005,3.869425470420986,"07037,07015,07027",3
2021-04-06 21:00:00+00:00,07005,1.4275895348815688,"07037,07015,07027",3
2021-04-07 00:00:00+00:00,07005,0.1866250706185748,"07037,07015,07027",3
2021-04-07 03:00:00+00:00,07005,-1.3056643912654997,"07037,07015,07027",3
2021-04-07 06:00:00+00:00,07005,-0.8537539014677239,"07037,07015,07027",3
2021-04-07 09:00:00+00:00,07005,4.7914192156809,"07037,07015,07027",3
2021-04-07 12:00:00+00:00,07005,7.429754906759609,"07037,07015,07027",3
2021-04-07 15:00:00+00:00,07005,6.96111345703084,"07037,07015,07027",3
2021-04-07 18:00:00+00:00,07005,5.588179988449512,"07037,07015,07027",3
2021-04-07 21:00:00+00:00,07005,4.3860980701340715,"07037,07015,07027",3
2021-04-08 00:00:00+00:00,07460,-0.6920544552609047,"07471,07481,07255",3
2021-04-08 00:00:00+00:00,07117,6.178378416915853,"07020,07110,07027",3
2021-04-08 00:00:00+00:00,07005,3.7079475186005157,"07037,07015,07027",3
2021-04-08 00:00:00+00:00,07643,2.7417537355959407,"07650,07747,07577",3
2021-04-08 03:00:00+00:00,07005,3.187024205694485,"07037,07015,07027",3
2021-04-08 06:00:00+00:00,07005,2.495896520173482,"07037,07015,07027",3
2021-04-08 09:00:00+00:00,07005,7.416263359398821,"07037,07015,07027",3
2021-04-08 12:00:00+00:00,07005,9.900114337170802,"07037,07015,07027",3
2021-04-12 12:00:00+00:00,07005,8.190641187456567,"07037,07015,07027",3
2021-04-12 15:00:00+00:00,07005,5.9679193108616735,"07037,07015,07027",3
2021-04-12 18:00:00+00:00,07005,6.0838450670463144,"07037,07015,07027",3
2021-04-12 21:00:00+00:00,07005,3.2749814145271428,"07037,07015,07027",3
2021-04-13 00:00:00+00:00,07005,1.7006761475549892,"07037,07015,07027",3
2021-04-13 03:00:00+00:00,07005,-0.020655919238754816,"07037,07015,07027",3
2021-04-13 06:00:00+00:00,07005,-0.03206680508370685,"07037,07015,07027",3
2021-04-13 09:00:00+00:00,07005,6.84106143006245,"07037,07015,07027",3
2021-04-13 12:00:00+00:00,07005,9.920824117454003,"07037,07015,07027",3
2021-04-13 15:00:00+00:00,07643,16.608886395865103,"07650,07747,07577",3
2021-04-13 18:00:00+00:00,07558,9.870577426728529,"07630,07434,07535",3
2021-04-13 21:00:00+00:00,07558,5.678593750601654,"07630,07434,07535",3
2021-04-14 00:00:00+00:00,07558,3.5457177335518244,"07630,07434,07535",3
2021-04-14 03:00:00+00:00,07558,2.1563164316577526,"07630,07434,07535",3
2021-04-14 06:00:00+00:00,07558,0.9743819585715341,"07630,07434,07535",3
2021-04-14 09:00:00+00:00,07558,6.639332830953419,"07630,07434,07535",3
2021-04-14 12:00:00+00:00,07558,10.645061911293,"07630,07434,07535",3
2021-04-14 15:00:00+00:00,07558,12.426344150583178,"07630,07434,07535",3
2021-04-14 18:00:00+00:00,07558,10.664766665253216,"07630,07434,07535",3
2021-04-14 21:00:00+00:00,07558,6.497555938229043,"07630,07434,07535",3
2021-04-15 00:00:00+00:00,07558,2.7670427055608817,"07630,07434,07535",3
2021-04-15 03:00:00+00:00,07558,1.4221249524879267,"07630,07434,07535",3
2021-04-15 06:00:00+00:00,07558,0.8965268925979919,"07630,07434,07535",3
2021-04-15 09:00:00+00:00,07558,7.297443199240558,"07630,07434,07535",3
2021-04-18 18:00:00+00:00,07149,11.834345130397232,"07240,07037,07139",3
2021-04-19 15:00:00+00:00,07280,11.001654873157964,"07299,07190",2
2021-04-19 15:00:00+00:00,07130,16.11789045922566,"07222,07027",2
2021-04-19 15:00:00+00:00,07072,14.6365856856372,"07168,07149",2
2021-04-19 15:00:00+00:00,07181,11.664207279219001,"07168,07190",2
2021-04-19 15:00:00+00:00,07020,12.613706907161776,"07117,07027,07005",3
2021-04-19 15:00:00+00:00,07139,15.723193296027645,"07037,07240,07149",3
2021-04-19 15:00:00+00:00,07314,17.36615082377481,"07222,07240,07335",3
2021-04-19 15:00:00+00:00,07607,18.533700353276206,"07510,07630",2
2021-04-19 15:00:00+00:00,07535,17.240698558791173,"07630,07434,07510",3
2021-04-19 15:00:00+00:00,07558,15.167586976500102,"07630,07434",2
2021-04-19 15:00:00+00:00,07621,16.913135007004463,07630,1
2021-04-19 15:00:00+00:00,07627,16.71984130115455,07630,1
2021-04-19 15:00:00+00:00,07591,13.582287592107267,"07577,07650",2
2021-04-19 18:00:00+00:00,07280,9.847702631536796,"07299,07190",2
2021-04-19 18:00:00+00:00,07117,12.158297943674771,"07110,07027",2
2021-04-19 18:00:00+00:00,07130,13.276024682612297,"07222,07027",2
2021-04-19 18:00:00+00:00,07072,14.390752975449846,"07168,07149",2
2021-04-19 18:00:00+00:00,07181,11.686597275234197,"07168,07190",2
2021-04-19 18:00:00+00:00,07020,11.837332232447533,"07027,07005",2
2021-04-19 18:00:00+00:00,07139,13.387129860986116,"07037,07240,07149",3
2021-04-19 18:00:00+00:00,07314,15.802335692082297,"07222,07240,07335",3
2021-04-19 18:00:00+00:00,07607,17.27674314879448,"07510,07630",2
2021-04-19 18:00:00+00:00,07535,15.880563556077469,"07630,07434,07510",3
2021-04-19 18:00:00+00:00,07558,13.876711122910239,"07630,07434",2
2021-04-19 18:00:00+00:00,07621,15.918935803115321,07630,1
2021-04-19 18:00:00+00:00,07627,15.695869716566618,07630,1
2021-04-19 18:00:00+00:00,07591,10.706040670047496,"07577,07650",2
2021-04-19 21:00:00+00:00,07621,9.37149466057209,"07627,07607,07630",3
2021-04-20 00:00:00+00:00,07621,7.880599100490315,"07627,07607,07630",3
2021-04-20 03:00:00+00:00,07621,7.9990713855381985,"07627,07607,07630",3
2021-04-20 06:00:00+00:00,07621,8.032311518583981,"07627,07607,07630",3
2021-04-21 03:00:00+00:00,07314,10.150357510845758,"07222,07240,07335",3
2021-04-21 12:00:00+00:00,07314,18.338984052851906,"07222,07240,07335",3
2021-04-21 15:00:00+00:00,07607,19.797146495406647,"07510,07621,07630",3
2021-04-21 15:00:00+00:00,07591,9.759463016572814,"07577,07650,07558",3
2021-04-26 21:00:00+00:00,07460,12.564239802719102,"07471,07481,07255",3
2021-04-26 21:00:00+00:00,07643,13.35929716166916,"07650,07747,07577",3
2021-04-28 00:00:00+00:00,07471,9.488681258434086,"07460,07481,07558",3
2021-04-28 03:00:00+00:00,07471,8.66908106045955,"07460,07481,07558",3
2021-04-28 06:00:00+00:00,07471,8.500308067989593,"07460,07481,07558",3
2021-04-28 09:00:00+00:00,07471,9.815528762509784,"07460,07481,07558",3
2021-04-28 09:00:00+00:00,07280,16.911036479046132,"07181,07299,07190",3
2021-04-28 12:00:00+00:00,07280,20.040329871382593,"07181,07299,07190",3
2021-04-29 09:00:00+00:00,07005,8.770567709212829,"07037,07015,07027",3
2021-05-03 09:00:00+00:00,07181,12.043638107367396,"07168,07280,07190",3
2021-05-03 12:00:00+00:00,07130,15.231338077363358,"07222,07139,07027",3
2021-05-06 03:00:00+00:00,07434,7.6848026477667775,"07535,07335,07255",3
2021-05-06 21:00:00+00:00,07181,9.004455749184164,"07168,07280,07190",3
2021-05-07 00:00:00+00:00,07181,8.420851322307131,"07168,07280,07190",3
2021-05-07 03:00:00+00:00,07181,7.135155418770852,"07168,07280,07190",3
2021-05-07 06:00:00+00:00,07181,6.920920356381695,"07168,07280,07190",3
2021-05-09 12:00:00+00:00,07558,18.45924920541519,"07630,07434,07535",3
2021-05-09 15:00:00+00:00,07314,19.1828071080987,"07222,07240,07335",3
2021-05-09 15:00:00+00:00,07558,17.046026098385077,"07630,07434,07535",3
2021-05-09 18:00:00+00:00,07558,15.836920739519195,"07630,07434,07535",3
2021-05-09 21:00:00+00:00,07558,12.668980949051193,"07630,07434,07535",3
2021-05-10 00:00:00+00:00,07558,11.343465284974718,"07630,07434,07535",3
2021-05-10 03:00:00+00:00,07558,8.529528900459642,"07630,07434,07535",3
2021-05-10 06:00:00+00:00,07558,8.461774035837978,"07630,07434,07535",3
2021-05-10 09:00:00+00:00,07558,12.852201935059117,"07630,07434,07535",3
2021-05-10 12:00:00+00:00,07558,15.453082035079147,"07630,07434,07535",3
2021-05-10 15:00:00+00:00,07558,15.938417432749512,"07630,07434,07535",3
2021-05-10 18:00:00+00:00,07558,15.183286042347797,"07630,07434,07535",3
2021-05-10 21:00:00+00:00,07558,11.940051763187975,"07630,07434,07535",3
2021-05-11 00:00:00+00:00,07558,8.371946823754156,"07630,07434,07535",3
2021-05-11 03:00:00+00:00,07558,7.499217851319738,"07630,07434,07535",3
2021-05-11 06:00:00+00:00,07558,7.235380511347518,"07630,07434,07535",3
2021-05-11 09:00:00+00:00,07027,13.381152416049131,"07037,07139,07005",3
2021-05-11 09:00:00+00:00,07558,7.606091250414458,"07630,07434,07535",3
2021-05-11 15:00:00+00:00,07314,15.45923189511903,"07222,07240,07335",3
2021-05-12 18:00:00+00:00,07072,14.040561621286992,"07168,07149,07181",3
2021-05-13 12:00:00+00:00,07314,15.822967493160961,"07222,07240,07335",3
2021-05-13 15:00:00+00:00,07314,16.390698269015367,"07222,07240,07335",3
2021-05-14 06:00:00+00:00,07240,9.384968097003966,"07335,07255,07139",3
2021-05-15 09:00:00+00:00,07460,11.77235078166667,"07471,07481,07255",3
2021-05-15 09:00:00+00:00,07643,17.152822770054655,"07650,07747,07577",3
2021-05-19 00:00:00+00:00,07643,13.141021501361253,"07650,07747,07577",3
2021-05-19 03:00:00+00:00,07643,12.098043240827977,"07650,07747,07577",3
2021-05-19 15:00:00+00:00,07130,16.432975956550063,"07222,07139,07027",3
2021-05-22 00:00:00+00:00,07471,5.911185478058943,"07460,07481,07558",3
2021-05-22 03:00:00+00:00,07471,5.151628802774608,"07460,07481,07558",3
2021-05-22 06:00:00+00:00,07471,6.251785301872172,"07460,07481,07558",3
2021-05-22 09:00:00+00:00,07471,9.389619102329103,"07460,07481,07558",3
2021-05-22 12:00:00+00:00,07471,12.128842272774008,"07460,07481,07558",3
2021-05-22 15:00:00+00:00,07471,12.251715707824234,"07460,07481,07558",3
2021-05-22 18:00:00+00:00,07471,9.554493124962798,"07460,07481,07558",3
2021-05-22 21:00:00+00:00,07471,6.696853597983443,"07460,07481,07558",3
2021-05-23 00:00:00+00:00,07471,5.7527912056249395,"07460,07481,07558",3
2021-05-23 03:00:00+00:00,07471,3.3281806106824985,"07460,07481,07558",3
2021-05-23 06:00:00+00:00,07471,5.825121968513102,"07460,07481,07558",3
2021-05-23 09:00:00+00:00,07471,9.885993272053138,"07460,07481,07558",3
2021-05-23 12:00:00+00:00,07471,12.853507587523557,"07460,07481,07558",3
2021-05-23 15:00:00+00:00,07471,14.599084975932671,"07460,07481,07558",3
2021-05-23 18:00:00+00:00,07471,12.499175017052666,"07460,07481,07558",3
2021-05-23 21:00:00+00:00,07471,8.479994585075376,"07460,07481,07558",3
2021-05-24 00:00:00+00:00,07471,6.247824492138825,"07460,07481,07558",3
2021-05-24 03:00:00+00:00,07471,5.922637632101532,"07460,07481,07558",3
2021-05-24 06:00:00+00:00,07471,7.122763258164165,"07460,07481,07558",3
2021-05-24 09:00:00+00:00,07471,11.753971037002595,"07460,07481,07558",3
2021-05-24 12:00:00+00:00,07471,13.850226781512552,"07460,07481,07558",3
2021-05-24 15:00:00+00:00,07471,12.967248607306033,"07460,07481,07558",3
2021-05-24 18:00:00+00:00,07471,10.939816301380892,"07460,07481,07558",3
2021-05-24 21:00:00+00:00,07471,7.693572791972477,"07460,07481,07558",3
2021-05-25 00:00:00+00:00,07471,5.959943309853145,"07460,07481,07558",3
2021-05-25 03:00:00+00:00,07471,5.507755741885662,"07460,07481,07558",3
2021-05-26 06:00:00+00:00,07690,15.462039003425645,"07790,07650,07643",3
2021-05-26 09:00:00+00:00,07460,14.639872792328495,"07471,07481,07255",3
2021-05-26 09:00:00+00:00,07643,19.42326138303757,"07650,07747,07577",3
2021-05-28 00:00:00+00:00,07005,9.487277217868481,"07037,07015,07027",3
2021-05-29 15:00:00+00:00,07314,20.59494289934915,"07222,07240,07335",3
2021-05-29 18:00:00+00:00,07314,20.245974694183914,"07222,07240,07335",3
2021-06-01 18:00:00+00:00,07690,19.977717919443766,"07790,07650,07643",3
2021-06-02 12:00:00+00:00,07139,22.50004926645612,"07037,07240,07149",3
2021-06-02 15:00:00+00:00,07139,20.84575215062747,"07037,07240,07149",3
2021-06-02 15:00:00+00:00,07558,19.851891021153303,"07630,07434,07535",3
2021-06-02 18:00:00+00:00,07139,19.72313640057527,"07037,07240,07149",3
2021-06-02 21:00:00+00:00,07139,18.16955637436543,"07037,07240,07149",3
2021-06-03 00:00:00+00:00,07139,17.21374292291437,"07037,07240,07149",3
2021-06-03 03:00:00+00:00,07139,14.664877845328153,"07037,07240,07149",3
2021-06-03 06:00:00+00:00,07139,15.91564190466037,"07037,07240,07149",3
2021-06-04 09:00:00+00:00,07460,21.940988926062026,"07471,07481,07255",3
2021-06-04 09:00:00+00:00,07020,14.46842653734476,"07117,07027,07005",3
2021-06-04 09:00:00+00:00,07643,24.099211527169892,"07650,07747,07577",3
2021-06-06 00:00:00+00:00,07460,14.520714498033152,"07471,07481,07255",3
2021-06-06 00:00:00+00:00,07643,19.49916088887155,"07650,07747,07577",3
2021-06-06 03:00:00+00:00,07591,12.68851706458986,"07577,07650,07558",3
2021-06-07 18:00:00+00:00,07460,20.157275125894557,"07471,07481,07255",3
2021-06-07 18:00:00+00:00,07643,25.342037178712225,"07650,07747,07577",3
2021-06-08 12:00:00+00:00,07314,22.81604433971122,"07222,07240,07335",3
2021-06-10 09:00:00+00:00,07460,22.67544390388263,"07471,07481,07255",3
2021-06-10 09:00:00+00:00,07643,26.690637653648054,"07650,07747,07577",3
2021-06-10 21:00:00+00:00,07627,21.07401351034612,"07621,07630,07607",3
2021-06-11 06:00:00+00:00,07627,16.340512382348276,"07621,07630,07607",3
2021-06-11 09:00:00+00:00,07627,19.99252816980253,"07621,07630,07607",3
2021-06-11 12:00:00+00:00,07314,23.828288413115445,"07222,07240,07335",3
2021-06-12 09:00:00+00:00,07314,21.67103476248402,"07222,07240,07335",3
2021-06-12 12:00:00+00:00,07314,24.08269254014499,"07222,07240,07335",3
2021-06-15 00:00:00+00:00,07005,15.538834477171383,"07037,07015,07027",3
2021-06-16 15:00:00+00:00,07460,32.366446608859135,"07471,07481,07255",3
2021-06-18 15:00:00+00:00,07460,28.06225715525423,"07471,07481,07255",3
2021-06-18 15:00:00+00:00,07643,27.798222223872312,"07650,07747,07577",3
2021-06-18 18:00:00+00:00,07314,20.372653403058184,"07222,07240,07335",3
2021-06-19 09:00:00+00:00,07314,19.33184160015538,"07222,07240,07335",3
2021-06-19 12:00:00+00:00,07627,26.231262627780904,"07621,07630,07607",3
2021-06-19 15:00:00+00:00,07627,26.09958531623139,"07621,07630,07607",3
2021-06-19 18:00:00+00:00,07627,23.96924497918336,"07621,07630,07607",3
2021-06-19 21:00:00+00:00,07627,19.2252480474312,"07621,07630,07607",3
2021-06-20 00:00:00+00:00,07627,17.994699547064883,"07621,07630,07607",3
2021-06-20 03:00:00+00:00,07627,17.379241239625372,"07621,07630,07607",3
2021-06-20 06:00:00+00:00,07627,17.12155159849845,"07621,07630,07607",3
2021-06-20 12:00:00+00:00,07314,19.998783503357686,"07222,07240,07335",3
2021-06-20 15:00:00+00:00,07314,18.54666886562495,"07222,07240,07335",3
2021-06-21 00:00:00+00:00,07471,12.959183218429972,"07460,07481,07558",3
2021-06-21 03:00:00+00:00,07471,11.9836749499429,"07460,07481,07558",3
2021-06-21 06:00:00+00:00,07471,13.297802637376543,"07460,07481,07558",3
2021-06-21 09:00:00+00:00,07471,17.608495772272256,"07460,07481,07558",3
2021-06-21 09:00:00+00:00,07314,18.838646959851282,"07222,07240,07335",3
2021-06-21 12:00:00+00:00,07314,20.23784621771121,"07222,07240,07335",3
2021-06-21 18:00:00+00:00,07314,17.962427430783777,"07222,07240,07335",3
2021-06-21 21:00:00+00:00,07314,16.17151474588252,"07222,07240,07335",3
2021-06-22 03:00:00+00:00,07558,12.314989234614588,"07630,07434,07535",3
2021-06-22 06:00:00+00:00,07471,12.93410559393605,"07460,07481",2
2021-06-22 06:00:00+00:00,07314,15.763574204589744,"07222,07240,07335",3
2021-06-22 06:00:00+00:00,07558,13.537785854089615,"07630,07434,07535",3
2021-06-22 09:00:00+00:00,07471,14.316543696266255,"07460,07481",2
2021-06-22 09:00:00+00:00,07314,17.233792314401406,"07222,07240,07335",3
2021-06-22 09:00:00+00:00,07558,15.434570403699253,"07630,07434,07535",3
2021-06-22 12:00:00+00:00,07471,16.926479480306437,"07460,07481",2
2021-06-22 12:00:00+00:00,07314,18.17931102930777,"07222,07240,07335",3
2021-06-22 12:00:00+00:00,07558,19.301501360501895,"07630,07434,07535",3
2021-06-22 15:00:00+00:00,07314,17.994345197478665,"07222,07240,07335",3
2021-06-22 15:00:00+00:00,07558,19.52353821601917,"07630,07434,07535",3
2021-06-22 18:00:00+00:00,07558,14.706967404632865,"07630,07434,07535",3
2021-06-22 21:00:00+00:00,07558,13.90133312630078,"07630,07434,07535",3
2021-06-23 00:00:00+00:00,07558,13.209766057094235,"07630,07434,07535",3
2021-06-23 06:00:00+00:00,07471,12.44645637552509,"07460,07481,07558",3
2021-06-23 09:00:00+00:00,07471,15.970336071784958,"07460,07481,07558",3
2021-06-23 15:00:00+00:00,07471,17.53219103418575,"07460,07481,07558",3
2021-06-23 18:00:00+00:00,07471,13.929131873042378,"07460,07481,07558",3
2021-06-23 18:00:00+00:00,07314,16.765934279070322,"07222,07240,07335",3
2021-06-23 21:00:00+00:00,07471,12.557672047226296,"07460,07481,07558",3
2021-06-23 21:00:00+00:00,07314,15.83364789863067,"07222,07240,07335",3
2021-06-24 00:00:00+00:00,07190,16.840453070524124,"07299,07280,07181",3
2021-06-24 03:00:00+00:00,07190,14.807994752551688,"07299,07280,07181",3
2021-06-24 06:00:00+00:00,07471,11.579171779762984,"07460,07481,07558",3
2021-06-24 06:00:00+00:00,07190,15.361645719852282,"07299,07280,07181",3
2021-06-24 09:00:00+00:00,07471,12.739123925427148,"07460,07481,07558",3
2021-06-24 12:00:00+00:00,07471,13.382564409872009,"07460,07481,07558",3
2021-06-24 12:00:00+00:00,07314,19.045233547357903,"07222,07240,07335",3
2021-06-24 15:00:00+00:00,07577,22.93718286101046,"07481,07650,07280",3
2021-06-24 15:00:00+00:00,07314,20.296679444477192,"07222,07240,07335",3
2021-06-24 18:00:00+00:00,07471,13.811828096674398,"07460,07481,07558",3
2021-06-24 21:00:00+00:00,07471,11.888511763674167,"07460,07481,07558",3
2021-06-24 21:00:00+00:00,07314,15.897106276264823,"07222,07240,07335",3
2021-06-25 00:00:00+00:00,07471,9.599443444705278,"07460,07481,07558",3
2021-06-25 00:00:00+00:00,07314,13.79653297750203,"07222,07240,07335",3
2021-06-25 06:00:00+00:00,07471,10.26153676802597,"07460,07481,07558",3
2021-06-25 12:00:00+00:00,07471,17.06525271783614,"07460,07481,07558",3
2021-06-25 15:00:00+00:00,07314,19.832183702683295,"07222,07240,07335",3
2021-06-25 21:00:00+00:00,07471,12.695752836746061,"07460,07481,07558",3
2021-06-25 21:00:00+00:00,07314,16.084556640405644,"07222,07240,07335",3
2021-06-26 00:00:00+00:00,07471,11.17036846594153,"07460,07481,07558",3
2021-06-26 03:00:00+00:00,07471,9.32987576738727,"07460,07481,07558",3
2021-06-26 06:00:00+00:00,07471,11.23314606667679,"07460,07481,07558",3
2021-06-26 09:00:00+00:00,07471,17.432717659467958,"07460,07481,07558",3
2021-06-26 09:00:00+00:00,07314,17.834420169546398,"07222,07240,07335",3
2021-06-26 12:00:00+00:00,07471,21.468436800852597,"07460,07481,07558",3
2021-06-26 15:00:00+00:00,07471,22.926710688735508,"07460,07481,07558",3
2021-06-26 15:00:00+00:00,07314,19.13001325523436,"07222,07240,07335",3
2021-06-26 18:00:00+00:00,07471,21.706692326643815,"07460,07481,07558",3
2021-06-26 21:00:00+00:00,07471,16.69309286637245,"07460,07481,07558",3
2021-06-26 21:00:00+00:00,07314,17.806227894150197,"07222,07240,07335",3
2021-06-27 00:00:00+00:00,07471,14.795382180957626,"07460,07481,07558",3
2021-06-27 00:00:00+00:00,07314,16.378129249377324,"07222,07240,07335",3
2021-06-27 03:00:00+00:00,07471,13.887604343968826,"07460,07481,07558",3
2021-06-27 03:00:00+00:00,07314,16.11075704861007,"07222,07240,07335",3
2021-06-27 06:00:00+00:00,07471,14.663833453262294,"07460,07481,07558",3
2021-06-27 09:00:00+00:00,07471,18.210450994460764,"07460,07481,07558",3
2021-06-27 12:00:00+00:00,07471,22.23522377885761,"07460,07481,07558",3
2021-06-27 15:00:00+00:00,07471,22.390316336294667,"07460,07481,07558",3
2021-06-27 15:00:00+00:00,07314,17.8958587640006,"07222,07240,07335",3
2021-06-27 18:00:00+00:00,07471,18.585994490433578,"07460,07481,07558",3
2021-06-27 21:00:00+00:00,07471,15.135828707089226,"07460,07481,07558",3
2021-06-28 00:00:00+00:00,07471,13.834927969258457,"07460,07481,07558",3
2021-06-28 03:00:00+00:00,07471,12.86343282212947,"07460,07481,07558",3
2021-06-28 06:00:00+00:00,07471,12.862359388122835,"07460,07481,07558",3
2021-06-28 09:00:00+00:00,07314,16.97776383393252,"07222,07240,07335",3
2021-06-28 15:00:00+00:00,07314,17.93830818480047,"07222,07240,07335",3
2021-06-28 21:00:00+00:00,07314,14.501040907551163,"07222,07240,07335",3
2021-06-30 09:00:00+00:00,07471,15.209046867757552,"07460,07481,07558",3
2021-06-30 09:00:00+00:00,07314,18.0407109559768,"07222,07240,07335",3
2021-07-01 12:00:00+00:00,07314,21.46858860107561,"07222,07240,07335",3
2021-07-01 18:00:00+00:00,07314,21.45070127704672,"07222,07240,07335",3
2021-07-01 21:00:00+00:00,07790,21.681834918419987,"07761,07690,07650",3
2021-07-02 00:00:00+00:00,07790,19.358723515974784,"07761,07690,07650",3
2021-07-02 03:00:00+00:00,07790,18.03620411146586,"07761,07690,07650",3
2021-07-02 06:00:00+00:00,07790,21.38586515951022,"07761,07690,07650",3
2021-07-02 09:00:00+00:00,07577,24.23042115730477,"07481,07650,07280",3
2021-07-04 15:00:00+00:00,07460,21.67666525145615,"07471,07481,07255",3
2021-07-04 15:00:00+00:00,07643,24.865024305761004,"07650,07747,07577",3
2021-07-05 06:00:00+00:00,07790,21.94840198371197,"07761,07690,07650",3
2021-07-05 12:00:00+00:00,07190,23.245108497020365,"07299,07280,07181",3
2021-07-05 15:00:00+00:00,07577,28.805186083201637,"07481,07650,07280",3
2021-07-06 12:00:00+00:00,07630,19.596380846135865,"07535,07558,07607",3
2021-07-06 15:00:00+00:00,07020,15.769454447157955,"07117,07027,07005",3
2021-07-06 15:00:00+00:00,07630,21.390717299218338,"07535,07558,07607",3
2021-07-06 18:00:00+00:00,07020,14.695973735632483,"07117,07027,07005",3
2021-07-06 18:00:00+00:00,07630,20.15967390123615,"07535,07558,07607",3
2021-07-06 21:00:00+00:00,07020,13.658381177532624,"07117,07027,07005",3
2021-07-06 21:00:00+00:00,07630,18.310345657716184,"07535,07558,07607",3
2021-07-07 00:00:00+00:00,07020,13.2811146711404,"07117,07027,07005",3
2021-07-07 00:00:00+00:00,07630,17.4784892418499,"07535,07558,07607",3
2021-07-07 03:00:00+00:00,07020,13.506204532032383,"07117,07027,07005",3
2021-07-07 06:00:00+00:00,07020,14.406615144101156,"07117,07027,07005",3
2021-07-07 09:00:00+00:00,07020,16.122684973922667,"07117,07005",2
2021-07-07 09:00:00+00:00,07027,17.21695225103049,"07037,07139,07005",3
2021-07-07 09:00:00+00:00,07558,16.395903122462123,"07630,07434,07535",3
2021-07-07 12:00:00+00:00,07471,19.44827706446532,"07460,07481,07558",3
2021-07-07 12:00:00+00:00,07020,16.93490204074371,"07117,07005",2
2021-07-07 12:00:00+00:00,07027,19.26833861458019,"07037,07139,07005",3
2021-07-07 15:00:00+00:00,07020,16.587593556094323,"07117,07005",2
2021-07-07 15:00:00+00:00,07027,19.230266329866414,"07037,07139,07005",3
2021-07-07 15:00:00+00:00,07314,19.70276221841246,"07222,07240,07335",3
2021-07-07 18:00:00+00:00,07471,17.260055741969268,"07460,07481,07558",3
2021-07-07 18:00:00+00:00,07020,15.471734043853733,"07117,07005",2
2021-07-07 18:00:00+00:00,07027,18.98805612292227,"07037,07139,07005",3
2021-07-07 21:00:00+00:00,07020,14.195066045520802,"07117,07005",2
2021-07-07 21:00:00+00:00,07027,15.373849723192135,"07037,07139,07005",3
2021-07-07 21:00:00+00:00,07314,16.126970204867405,"07222,07240,07335",3
2021-07-08 00:00:00+00:00,07020,14.212519846109384,"07117,07005",2
2021-07-08 00:00:00+00:00,07027,13.468905240821977,"07037,07139,07005",3
2021-07-08 00:00:00+00:00,07558,12.421832290534256,"07630,07434,07535",3
2021-07-08 03:00:00+00:00,07020,14.079296550637672,"07117,07005",2
2021-07-08 03:00:00+00:00,07027,12.999457255096184,"07037,07139,07005",3
2021-07-08 06:00:00+00:00,07020,14.344827840261527,"07117,07005",2
2021-07-08 06:00:00+00:00,07027,13.87846351389779,"07037,07139,07005",3
2021-07-08 06:00:00+00:00,07314,15.002999423168452,"07222,07240,07335",3
2021-07-08 09:00:00+00:00,07020,16.122684973922667,"07117,07005",2
2021-07-08 09:00:00+00:00,07027,16.823609197251674,"07037,07139,07005",3
2021-07-08 12:00:00+00:00,07471,15.486735366233775,"07460,07481,07558",3
2021-07-08 12:00:00+00:00,07020,16.82325140179862,"07117,07005",2
2021-07-08 12:00:00+00:00,07027,17.405680132687067,"07037,07139,07005",3
2021-07-08 15:00:00+00:00,07471,17.560325150509797,"07460,07481,07558",3
2021-07-08 21:00:00+00:00,07460,17.04992783834894,"07471,07481,07255",3
2021-07-08 21:00:00+00:00,07314,15.793101049993227,"07222,07240,07335",3
2021-07-08 21:00:00+00:00,07643,22.30863197439807,"07650,07747,07577",3
2021-07-09 00:00:00+00:00,07314,14.198063006781673,"07222,07240,07335",3
2021-07-09 03:00:00+00:00,07471,9.56281955542739,"07460,07481,07558",3
2021-07-09 09:00:00+00:00,07460,19.51065370177563,"07481,07255",2
2021-07-09 09:00:00+00:00,07471,16.565704013748363,"07481,07558",2
2021-07-09 09:00:00+00:00,07117,15.912939052418603,"07020,07110,07027",3
2021-07-09 09:00:00+00:00,07314,16.987419428465266,"07222,07240,07335",3
2021-07-09 09:00:00+00:00,07643,24.301116632565076,"07650,07747,07577",3
2021-07-09 12:00:00+00:00,07471,18.831267785488915,"07460,07481,07558",3
2021-07-09 15:00:00+00:00,07471,20.13910175894939,"07460,07481,07558",3
2021-07-09 15:00:00+00:00,07314,19.443178896353643,"07222,07240,07335",3
2021-07-09 18:00:00+00:00,07471,19.431356754332587,"07460,07481,07558",3
2021-07-09 18:00:00+00:00,07314,19.109331639823473,"07222,07240,07335",3
2021-07-09 21:00:00+00:00,07471,15.02951355452627,"07460,07481,07558",3
2021-07-09 21:00:00+00:00,07314,15.935218406922802,"07222,07240,07335",3
2021-07-10 00:00:00+00:00,07314,13.999090332283812,"07222,07240,07335",3
2021-07-10 03:00:00+00:00,07471,10.580338456305514,"07460,07481,07558",3
2021-07-10 06:00:00+00:00,07471,12.3319812556441,"07460,07481,07558",3
2021-07-10 09:00:00+00:00,07314,16.858874003766694,"07222,07240,07335",3
2021-07-10 12:00:00+00:00,07471,21.71239883058522,"07460,07481,07558",3
2021-07-10 18:00:00+00:00,07314,18.245444785653206,"07222,07240,07335",3
2021-07-11 00:00:00+00:00,07314,14.743747758523964,"07222,07240,07335",3
2021-07-11 03:00:00+00:00,07558,12.417611403932705,"07630,07434,07535",3
2021-07-11 06:00:00+00:00,07314,15.08306036915645,"07222,07240,07335",3
2021-07-11 09:00:00+00:00,07314,17.816393736155945,"07222,07240,07335",3
2021-07-11 12:00:00+00:00,07314,19.127004517455553,"07222,07240,07335",3
2021-07-11 18:00:00+00:00,07314,19.980268720838282,"07222,07240,07335",3
2021-07-11 21:00:00+00:00,07471,17.65578852452691,"07460,07481,07558",3
2021-07-12 00:00:00+00:00,07314,16.418676098014757,"07222,07240,07335",3
2021-07-12 09:00:00+00:00,07471,15.708122893517023,"07460,07481,07558",3
2021-07-12 15:00:00+00:00,07314,19.299158967261626,"07222,07240,07335",3
2021-07-12 18:00:00+00:00,07471,12.407571466712035,"07460,07481,07558",3
2021-07-13 06:00:00+00:00,07314,15.06019433850101,"07222,07240,07335",3
2021-07-13 21:00:00+00:00,07471,10.532220146167841,"07460,07481,07558",3
2021-07-14 00:00:00+00:00,07471,10.173988605860659,"07460,07481,07558",3
2021-07-14 06:00:00+00:00,07471,11.17050219054329,"07460,07481,07558",3
2021-07-14 12:00:00+00:00,07314,20.125787852002155,"07222,07240,07335",3
2021-07-14 15:00:00+00:00,07471,14.557107082086537,"07460,07481,07558",3
2021-07-14 18:00:00+00:00,07471,13.284937715419149,"07460,07481,07558",3
2021-07-14 21:00:00+00:00,07471,12.841148462620902,"07460,07481,07558",3
2021-07-15 03:00:00+00:00,07471,12.799323866456408,"07460,07481,07558",3
2021-07-15 03:00:00+00:00,07005,14.686434350531874,"07037,07015,07027",3
2021-07-15 06:00:00+00:00,07005,15.98412221571295,"07037,07015,07027",3
2021-07-15 09:00:00+00:00,07471,14.755952328930016,"07460,07481,07558",3
2021-07-15 09:00:00+00:00,07314,18.39317624804982,"07222,07240,07335",3
2021-07-15 12:00:00+00:00,07471,16.18453556316475,"07460,07481,07558",3
2021-07-15 15:00:00+00:00,07314,22.645609556017973,"07222,07240,07335",3
2021-07-15 18:00:00+00:00,07471,15.233353898950005,"07460,07481,07558",3
2021-07-15 21:00:00+00:00,07471,15.116731911055739,"07460,07481,07558",3
2021-07-15 21:00:00+00:00,07314,18.44348194424345,"07222,07240,07335",3
2021-07-16 00:00:00+00:00,07471,14.39606014458444,"07460,07481,07558",3
2021-07-16 00:00:00+00:00,07314,16.37000871325455,"07222,07240,07335",3
2021-07-16 03:00:00+00:00,07471,13.282337361975811,"07460,07481,07558",3
2021-07-16 09:00:00+00:00,07460,16.9858861219623,"07471,07481,07255",3
2021-07-16 09:00:00+00:00,07643,23.701997198599166,"07650,07747,07577",3
2021-07-16 12:00:00+00:00,07471,15.690699906986909,"07460,07481,07558",3
2021-07-16 15:00:00+00:00,07471,16.73496977416174,"07460,07481,07558",3
2021-07-16 18:00:00+00:00,07471,16.072804566136416,"07460,07481,07558",3
2021-07-17 00:00:00+00:00,07471,12.831161388117875,"07460,07481,07558",3
2021-07-17 00:00:00+00:00,07314,16.486354554773328,"07222,07240,07335",3
2021-07-17 03:00:00+00:00,07471,12.572631525572255,"07460,07481,07558",3
2021-07-17 06:00:00+00:00,07314,15.7070505444358,"07222,07240,07335",3
2021-07-17 09:00:00+00:00,07471,14.95684345772993,"07460,07481,07558",3
2021-07-17 12:00:00+00:00,07471,17.39559801794284,"07460,07481,07558",3
2021-07-17 15:00:00+00:00,07314,22.71384807458176,"07222,07240,07335",3
2021-07-17 18:00:00+00:00,07471,19.06701753627875,"07460,07481,07558",3
2021-07-17 21:00:00+00:00,07471,15.70230535871117,"07460,07481,07558",3
2021-07-18 00:00:00+00:00,07314,17.85255348031926,"07222,07240,07335",3
2021-07-18 03:00:00+00:00,07471,14.609897608318766,"07460,07481,07558",3
2021-07-18 06:00:00+00:00,07471,15.966169652745178,"07460,07481,07558",3
2021-07-18 09:00:00+00:00,07314,21.596927519727323,"07222,07240,07335",3
2021-07-18 12:00:00+00:00,07471,23.390112062894296,"07460,07481,07558",3
2021-07-18 15:00:00+00:00,07314,25.76129655660226,"07222,07240,07335",3
2021-07-18 18:00:00+00:00,07471,23.029146444542075,"07460,07481,07558",3
2021-07-18 21:00:00+00:00,07471,18.998327822295693,"07460,07481,07558",3
2021-07-18 21:00:00+00:00,07314,22.196673297655913,"07222,07240,07335",3
2021-07-19 00:00:00+00:00,07314,20.438886096436125,"07222,07240,07335",3
2021-07-19 03:00:00+00:00,07471,15.172928775534436,"07460,07481,07558",3
2021-07-19 06:00:00+00:00,07471,16.939964965569107,"07460,07481,07558",3
2021-07-19 09:00:00+00:00,07471,19.772524215097707,"07460,07481,07558",3
2021-07-19 09:00:00+00:00,07314,22.911625288433918,"07222,07240,07335",3
2021-07-19 15:00:00+00:00,07471,25.804282097903705,"07460,07481,07558",3
2021-07-19 18:00:00+00:00,07471,23.630347993552203,"07460,07481,07558",3
2021-07-19 21:00:00+00:00,07314,22.84813105446164,"07222,07240,07335",3
2021-07-20 00:00:00+00:00,07460,19.5078066018032,"07471,07481,07255",3
2021-07-20 00:00:00+00:00,07314,20.21052568589635,"07222,07240,07335",3
2021-07-20 00:00:00+00:00,07643,23.113930695900493,"07650,07747,07577",3
2021-07-20 03:00:00+00:00,07471,13.410277779310904,"07460,07481,07558",3
2021-07-20 06:00:00+00:00,07471,15.55152611038059,"07460,07481,07558",3
2021-07-20 09:00:00+00:00,07471,20.937924943772128,"07460,07481,07558",3
2021-07-20 18:00:00+00:00,07471,24.25751081017828,"07460,07481,07558",3
2021-07-20 18:00:00+00:00,07314,25.36361546833554,"07222,07240,07335",3
2021-07-20 21:00:00+00:00,07471,19.9091922367027,"07460,07481,07558",3
2021-07-20 21:00:00+00:00,07314,22.108245828801152,"07222,07240,07335",3
2021-07-21 00:00:00+00:00,07471,15.577164496510852,"07460,07481,07558",3
2021-07-21 06:00:00+00:00,07471,15.27197135855952,"07460,07481,07558",3
2021-07-21 09:00:00+00:00,07314,23.238605224169177,"07222,07240,07335",3
2021-07-21 12:00:00+00:00,07471,24.49318867626346,"07460,07481,07558",3
2021-07-21 15:00:00+00:00,07471,25.053185577685706,"07460,07481,07558",3
2021-07-21 21:00:00+00:00,07471,18.95527649444287,"07460,07481,07558",3
2021-07-22 00:00:00+00:00,07027,18.22581760540268,"07037,07139,07005",3
2021-07-22 00:00:00+00:00,07314,19.921747175848395,"07222,07240,07335",3
2021-07-22 03:00:00+00:00,07027,16.010865142209536,"07037,07139,07005",3
2021-07-22 06:00:00+00:00,07471,15.031206937109536,"07460,07481,07558",3
2021-07-22 06:00:00+00:00,07314,18.962406225976082,"07222,07240,07335",3
2021-07-22 09:00:00+00:00,07471,21.444358072703846,"07460,07481,07558",3
2021-07-22 15:00:00+00:00,07471,26.536066684509446,"07460,07481,07558",3
2021-07-22 18:00:00+00:00,07471,24.654574947673723,"07460,07481,07558",3
2021-07-22 21:00:00+00:00,07314,21.582225821882716,"07222,07240,07335",3
2021-07-23 00:00:00+00:00,07314,19.90884649879601,"07222,07240,07335",3
2021-07-23 03:00:00+00:00,07471,15.770378244775001,"07460,07481,07558",3
2021-07-23 03:00:00+00:00,07314,18.786003781057445,"07222,07240,07335",3
2021-07-23 06:00:00+00:00,07314,18.82309110077845,"07222,07240,07335",3
2021-07-23 09:00:00+00:00,07314,22.33364731589436,"07222,07240,07335",3
2021-07-23 12:00:00+00:00,07471,27.39419929192388,"07460,07481,07558",3
2021-07-23 15:00:00+00:00,07471,29.16914757315295,"07460,07481,07558",3
2021-07-23 15:00:00+00:00,07314,23.380817893772267,"07222,07240,07335",3
2021-07-23 18:00:00+00:00,07314,21.648545887584184,"07222,07240,07335",3
2021-07-23 21:00:00+00:00,07471,21.524258472220847,"07460,07481,07558",3
2021-07-24 00:00:00+00:00,07460,22.70132254513476,"07481,07255",2
2021-07-24 00:00:00+00:00,07471,19.900551301156586,"07481,07558",2
2021-07-24 00:00:00+00:00,07314,17.51802702826057,"07222,07240,07335",3
2021-07-24 00:00:00+00:00,07643,24.59538801396822,"07650,07747,07577",3
2021-07-24 03:00:00+00:00,07471,16.705729485286138,"07460,07481,07558",3
2021-07-24 06:00:00+00:00,07314,16.735396580723986,"07222,07240,07335",3
2021-07-24 09:00:00+00:00,07314,19.341062284250356,"07222,07240,07335",3
2021-07-24 12:00:00+00:00,07314,20.449876260976133,"07222,07240,07335",3
2021-07-24 15:00:00+00:00,07314,20.74715076124923,"07222,07240,07335",3
2021-07-24 15:00:00+00:00,07627,22.167280609131463,"07621,07630,07607",3
2021-07-24 18:00:00+00:00,07471,19.385580876707035,"07460,07481,07558",3
2021-07-24 18:00:00+00:00,07314,19.09024885514887,"07222,07240,07335",3
2021-07-24 21:00:00+00:00,07460,19.707213276720637,"07471,07481,07255",3
2021-07-24 21:00:00+00:00,07643,23.77036790700449,"07650,07747,07577",3
2021-07-25 00:00:00+00:00,07627,16.879458523685134,"07621,07630,07607",3
2021-07-25 06:00:00+00:00,07627,15.088505986225154,"07621,07630,07607",3
2021-07-25 09:00:00+00:00,07314,18.840535574019626,"07222,07240,07335",3
2021-07-25 09:00:00+00:00,07627,19.585542224728755,"07621,07630,07607",3
2021-07-25 12:00:00+00:00,07314,21.09811083360625,"07222,07240,07335",3
2021-07-25 15:00:00+00:00,07314,20.71552879563056,"07222,07240,07335",3
2021-07-26 00:00:00+00:00,07314,16.78344614899683,"07222,07240,07335",3
2021-07-26 12:00:00+00:00,07314,20.87394066349689,"07222,07240,07335",3
2021-07-26 15:00:00+00:00,07471,21.92976319170275,"07460,07481,07558",3
2021-07-26 15:00:00+00:00,07314,22.035169414625592,"07222,07240,07335",3
2021-07-26 18:00:00+00:00,07471,19.891084341041452,"07460,07481,07558",3
2021-07-26 18:00:00+00:00,07314,20.20373177943091,"07222,07240,07335",3
2021-07-26 21:00:00+00:00,07314,18.05962479259587,"07222,07240,07335",3
2021-07-27 00:00:00+00:00,07314,17.249334215480133,"07222,07240,07335",3
2021-07-27 03:00:00+00:00,07314,16.961101809243324,"07222,07240,07335",3
2021-07-27 06:00:00+00:00,07314,16.830667770376387,"07222,07240,07335",3
2021-07-27 12:00:00+00:00,07314,18.22986702823635,"07222,07240,07335",3
2021-07-27 15:00:00+00:00,07314,19.300501477618823,"07222,07240,07335",3
2021-07-27 18:00:00+00:00,07314,19.278549064526977,"07222,07240,07335",3
2021-07-28 00:00:00+00:00,07790,22.28042710468432,"07761,07690,07650",3
2021-07-28 12:00:00+00:00,07314,20.578022631575077,"07222,07240,07335",3
2021-07-28 15:00:00+00:00,07314,20.706818359008587,"07222,07240,07335",3
2021-07-28 18:00:00+00:00,07314,19.631935914513534,"07222,07240,07335",3
2021-07-29 18:00:00+00:00,07471,22.56636501895989,"07460,07481,07558",3
2021-07-30 09:00:00+00:00,07314,17.69737875462264,"07222,07240,07335",3
2021-07-30 12:00:00+00:00,07314,20.044863102782788,"07222,07240,07335",3
2021-07-30 15:00:00+00:00,07314,20.916117883217815,"07222,07240,07335",3
2021-07-30 18:00:00+00:00,07314,19.430653673403643,"07222,07240,07335",3
2021-07-31 06:00:00+00:00,07471,12.819781118779932,"07460,07481,07558",3
2021-07-31 12:00:00+00:00,07314,18.49965204863902,"07222,07240,07335",3
2021-07-31 15:00:00+00:00,07471,14.368843043927972,"07460,07481,07558",3
2021-08-01 00:00:00+00:00,07471,10.022093656706247,"07460,07481,07558",3
2021-08-01 00:00:00+00:00,07314,14.978665730788356,"07222,07240,07335",3
2021-08-01 03:00:00+00:00,07643,17.626383849778406,"07650,07747,07577",3
2021-08-01 06:00:00+00:00,07471,10.714239661320578,"07460,07481,07558",3
2021-08-01 06:00:00+00:00,07314,14.794246002770379,"07222,07240,07335",3
2021-08-01 09:00:00+00:00,07471,12.649347482271558,"07460,07481,07558",3
2021-08-01 12:00:00+00:00,07471,16.262230375428754,"07460,07481,07558",3
2021-08-01 12:00:00+00:00,07314,19.056120458874474,"07222,07240,07335",3
2021-08-01 15:00:00+00:00,07314,19.8973022900949,"07222,07240,07335",3
2021-08-01 18:00:00+00:00,07471,16.04524761503655,"07460,07481,07558",3
2021-08-01 21:00:00+00:00,07471,11.55605233409901,"07460,07481,07558",3
2021-08-02 00:00:00+00:00,07471,10.557052547494948,"07460,07481,07558",3
2021-08-02 03:00:00+00:00,07471,8.619396684725388,"07460,07481,07558",3
2021-08-02 09:00:00+00:00,07471,15.093818074698204,"07460,07481,07558",3
2021-08-02 09:00:00+00:00,07314,18.151708654410793,"07222,07240,07335",3
2021-08-02 12:00:00+00:00,07471,18.411351651533028,"07460,07481,07558",3
2021-08-02 12:00:00+00:00,07314,19.643583376238052,"07222,07240,07335",3
2021-08-02 15:00:00+00:00,07471,19.359293440647914,"07460,07481,07558",3
2021-08-02 18:00:00+00:00,07314,18.946546625477097,"07222,07240,07335",3
2021-08-02 21:00:00+00:00,07471,14.89761232745782,"07460,07481,07558",3
2021-08-02 21:00:00+00:00,07280,15.97390137506984,"07181,07299,07190",3
2021-08-03 00:00:00+00:00,07471,11.505180372836369,"07460,07481,07558",3
2021-08-03 00:00:00+00:00,07280,14.357709815722902,"07181,07299,07190",3
2021-08-03 03:00:00+00:00,07471,11.36073398463875,"07460,07481,07558",3
2021-08-03 03:00:00+00:00,07280,14.091852435038994,"07181,07299,07190",3
2021-08-03 09:00:00+00:00,07181,16.513698146619376,"07168,07280,07190",3
2021-08-03 12:00:00+00:00,07181,18.602917741331762,"07168,07280,07190",3
2021-08-03 12:00:00+00:00,07314,16.503812986008604,"07222,07240,07335",3
2021-08-03 15:00:00+00:00,07471,16.938718660800934,"07460,07481,07558",3
2021-08-03 15:00:00+00:00,07181,15.51093726501258,"07168,07280,07190",3
2021-08-03 15:00:00+00:00,07314,17.33341475218982,"07222,07240,07335",3
2021-08-03 18:00:00+00:00,07181,15.562894886057617,"07168,07280,07190",3
2021-08-03 18:00:00+00:00,07314,16.655335634735987,"07222,07240,07335",3
2021-08-03 21:00:00+00:00,07181,13.24162641838112,"07168,07280,07190",3
2021-08-04 00:00:00+00:00,07181,13.103954831076646,"07168,07280,07190",3
2021-08-04 03:00:00+00:00,07181,12.176978034971764,"07168,07280,07190",3
2021-08-04 06:00:00+00:00,07460,14.73958709208277,"07471,07481,07255",3
2021-08-04 06:00:00+00:00,07181,13.104693392113102,"07168,07280,07190",3
2021-08-04 06:00:00+00:00,07314,16.105778341983513,"07222,07240,07335",3
2021-08-04 06:00:00+00:00,07643,20.06334274298341,"07650,07747,07577",3
2021-08-04 09:00:00+00:00,07314,17.635890345836227,"07222,07240,07335",3
2021-08-04 12:00:00+00:00,07460,18.72042700980336,"07471,07481,07255",3
2021-08-04 12:00:00+00:00,07314,18.719246882212417,"07222,07240,07335",3
2021-08-04 15:00:00+00:00,07314,18.58995054930905,"07222,07240,07335",3
2021-08-04 18:00:00+00:00,07314,18.36069047919976,"07222,07240,07335",3
2021-08-04 21:00:00+00:00,07314,16.779269866560487,"07222,07240,07335",3
2021-08-05 09:00:00+00:00,07314,18.24010458291835,"07222,07240,07335",3
2021-08-05 12:00:00+00:00,07314,18.20444112823396,"07222,07240,07335",3
2021-08-05 21:00:00+00:00,07314,17.011318210407623,"07222,07240,07335",3
2021-08-06 09:00:00+00:00,07314,17.48518770365214,"07222,07240,07335",3
2021-08-06 15:00:00+00:00,07314,19.461612324193656,"07222,07240,07335",3
2021-08-06 18:00:00+00:00,07314,18.205215636435987,"07222,07240,07335",3
2021-08-06 21:00:00+00:00,07314,16.120148382413795,"07222,07240,07335",3
2021-08-07 15:00:00+00:00,07460,20.39797377419646,"07471,07481,07255",3
2021-08-07 15:00:00+00:00,07314,19.33359110496217,"07222,07240,07335",3
2021-08-07 15:00:00+00:00,07643,25.7555305092992,"07650,07747,07577",3
2021-08-07 18:00:00+00:00,07314,18.353868656746133,"07222,07240,07335",3
2021-08-07 21:00:00+00:00,07314,15.726339835157267,"07222,07240,07335",3
2021-08-08 09:00:00+00:00,07314,17.936840523075823,"07222,07240,07335",3
2021-08-08 12:00:00+00:00,07314,19.167050760623148,"07222,07240,07335",3
2021-08-08 21:00:00+00:00,07314,16.19489102401096,"07222,07240,07335",3
2021-08-09 06:00:00+00:00,07314,15.124699425416166,"07222,07240,07335",3
2021-08-09 09:00:00+00:00,07314,17.807306143778362,"07222,07240,07335",3
2021-08-09 12:00:00+00:00,07314,19.95294818902339,"07222,07240,07335",3
2021-08-09 15:00:00+00:00,07314,20.705269342604524,"07222,07240,07335",3
2021-08-09 18:00:00+00:00,07314,19.970474016943975,"07222,07240,07335",3
2021-08-09 21:00:00+00:00,07314,16.72574098619124,"07222,07240,07335",3
2021-08-10 00:00:00+00:00,07020,15.142610379981113,"07117,07027,07005",3
2021-08-10 00:00:00+00:00,07314,15.012780169068659,"07222,07240,07335",3
2021-08-10 03:00:00+00:00,07020,15.49360196369887,"07117,07027,07005",3
2021-08-10 03:00:00+00:00,07314,13.995424297320483,"07222,07240,07335",3
2021-08-10 06:00:00+00:00,07020,15.009802786312576,"07117,07027,07005",3
2021-08-10 06:00:00+00:00,07314,14.653381861168661,"07222,07240,07335",3
2021-08-11 00:00:00+00:00,07314,16.034818946367192,"07222,07240,07335",3
2021-08-11 03:00:00+00:00,07314,14.362271886164653,"07222,07240,07335",3
2021-08-11 06:00:00+00:00,07314,14.242460498085284,"07222,07240,07335",3
2021-08-11 15:00:00+00:00,07314,23.902056058107853,"07222,07240,07335",3
2021-08-11 18:00:00+00:00,07314,22.053755909821255,"07222,07240,07335",3
2021-08-11 21:00:00+00:00,07481,24.265514340208544,"07280,07460,07577",3
2021-08-12 00:00:00+00:00,07314,16.71187325288404,"07222,07240,07335",3
2021-08-12 06:00:00+00:00,07314,16.77794925454731,"07222,07240,07335",3
2021-08-12 18:00:00+00:00,07314,23.851964808311017,"07222,07240,07335",3
2021-08-12 21:00:00+00:00,07314,20.051802136253926,"07222,07240,07335",3
2021-08-13 03:00:00+00:00,07314,16.85300165521477,"07222,07240,07335",3
2021-08-13 06:00:00+00:00,07314,16.933823151410706,"07222,07240,07335",3
2021-08-13 09:00:00+00:00,07314,20.033878955886905,"07222,07240,07335",3
2021-08-14 03:00:00+00:00,07314,16.295722880439172,"07222,07240,07335",3
2021-08-14 06:00:00+00:00,07314,16.752169798786557,"07222,07240,07335",3
2021-08-14 09:00:00+00:00,07314,21.90884426150967,"07222,07240,07335",3
2021-08-14 18:00:00+00:00,07314,25.401388001229236,"07222,07240,07335",3
2021-08-15 03:00:00+00:00,07314,17.257490607941016,"07222,07240,07335",3
2021-08-15 06:00:00+00:00,07314,16.88563447377632,"07222,07240,07335",3
2021-08-15 18:00:00+00:00,07643,28.40064940145108,"07650,07747,07577",3
2021-08-15 21:00:00+00:00,07643,24.50022377777436,"07650,07747,07577",3
2021-08-16 00:00:00+00:00,07314,16.703877868128746,"07222,07240,07335",3
2021-08-16 12:00:00+00:00,07314,20.637858770933974,"07222,07240,07335",3
2021-08-17 06:00:00+00:00,07314,15.050538743968266,"07222,07240,07335",3
2021-08-17 09:00:00+00:00,07314,17.117579564600018,"07222,07240,07335",3
2021-08-17 12:00:00+00:00,07471,17.46156318215318,"07460,07481,07558",3
2021-08-17 12:00:00+00:00,07314,17.806634888599756,"07222,07240,07335",3
2021-08-17 15:00:00+00:00,07471,18.013400116257447,"07460,07481,07558",3
2021-08-17 15:00:00+00:00,07314,18.876619981147698,"07222,07240,07335",3
2021-08-18 00:00:00+00:00,07314,16.371454476635186,"07222,07240,07335",3
2021-08-18 09:00:00+00:00,07314,16.874872713627227,"07222,07240,07335",3
2021-08-18 12:00:00+00:00,07314,17.68039109016325,"07222,07240,07335",3
2021-08-18 15:00:00+00:00,07471,17.039059860218963,"07460,07481,07558",3
2021-08-18 15:00:00+00:00,07314,18.355542824517684,"07222,07240,07335",3
2021-08-18 18:00:00+00:00,07314,17.645627295048378,"07222,07240,07335",3
2021-08-18 21:00:00+00:00,07314,16.424562404560753,"07222,07240,07335",3
2021-08-19 00:00:00+00:00,07314,16.228016507692434,"07222,07240,07335",3
2021-08-19 06:00:00+00:00,07314,15.573917526860368,"07222,07240,07335",3
2021-08-19 09:00:00+00:00,07314,16.434513800169714,"07222,07240,07335",3
2021-08-19 12:00:00+00:00,07314,18.68141659463656,"07222,07240,07335",3
2021-08-19 15:00:00+00:00,07627,20.42882003437937,"07621,07630,07607",3
2021-08-19 18:00:00+00:00,07627,19.366512924097183,"07621,07630,07607",3
2021-08-19 21:00:00+00:00,07314,16.3518335284994,"07222,07240,07335",3
2021-08-20 00:00:00+00:00,07314,15.392182819556808,"07222,07240,07335",3
2021-08-20 00:00:00+00:00,07627,15.467843423395488,"07621,07630,07607",3
2021-08-20 03:00:00+00:00,07627,14.779391929275286,"07621,07630,07607",3
2021-08-20 06:00:00+00:00,07314,14.97674920063182,"07222,07240,07335",3
2021-08-20 06:00:00+00:00,07627,14.263816542121305,"07621,07630,07607",3
2021-08-20 09:00:00+00:00,07314,19.635270292062515,"07222,07240,07335",3
2021-08-20 09:00:00+00:00,07627,20.15495821360391,"07621,07630,07607",3
2021-08-20 12:00:00+00:00,07314,21.537659382523593,"07222,07240,07335",3
2021-08-20 15:00:00+00:00,07314,23.149367390774273,"07222,07240,07335",3
2021-08-20 18:00:00+00:00,07471,21.860146933779756,"07460,07481,07558",3
2021-08-20 18:00:00+00:00,07314,21.324604528321707,"07222,07240,07335",3
2021-08-20 21:00:00+00:00,07314,17.31079108391937,"07222,07240,07335",3
2021-08-21 00:00:00+00:00,07314,15.417032777054061,"07222,07240,07335",3
2021-08-21 03:00:00+00:00,07577,18.165876394278772,"07481,07650,07280",3
2021-08-21 06:00:00+00:00,07577,18.841970872907634,"07481,07650,07280",3
2021-08-21 09:00:00+00:00,07577,25.219099349262525,"07481,07650,07280",3
2021-08-21 09:00:00+00:00,07314,19.028384992260058,"07222,07240,07335",3
2021-08-21 12:00:00+00:00,07577,28.47628146864547,"07481,07650,07280",3
2021-08-21 12:00:00+00:00,07314,19.351152789220883,"07222,07240,07335",3
2021-08-21 15:00:00+00:00,07577,29.18799702793531,"07481,07650,07280",3
2021-08-21 15:00:00+00:00,07314,19.805369793982415,"07222,07240,07335",3
2021-08-21 18:00:00+00:00,07577,26.71284386677192,"07481,07650,07280",3
2021-08-21 18:00:00+00:00,07627,23.861869205727853,"07621,07630,07607",3
2021-08-21 21:00:00+00:00,07577,23.03719378724406,"07481,07650,07280",3
2021-08-21 21:00:00+00:00,07627,20.922423289524133,"07621,07630,07607",3
2021-08-22 00:00:00+00:00,07577,21.465262218131414,"07481,07650,07280",3
2021-08-22 00:00:00+00:00,07314,16.394763358078325,"07222,07240,07335",3
2021-08-22 00:00:00+00:00,07627,18.860367586397714,"07621,07630,07607",3
2021-08-22 03:00:00+00:00,07577,21.329243199379505,"07481,07650,07280",3
2021-08-22 03:00:00+00:00,07627,17.557647358175142,"07621,07630,07607",3
2021-08-22 06:00:00+00:00,07577,21.209774056686587,"07481,07650,07280",3
2021-08-22 09:00:00+00:00,07577,23.98490024811019,"07481,07650,07280",3
2021-08-22 09:00:00+00:00,07627,19.01978018566411,"07621,07630,07607",3
2021-08-22 12:00:00+00:00,07577,27.092211176628776,"07481,07650,07280",3
2021-08-22 12:00:00+00:00,07627,21.752753620312532,"07621,07630,07607",3
2021-08-22 15:00:00+00:00,07577,27.007925869964744,"07481,07650,07280",3
2021-08-22 15:00:00+00:00,07314,21.188919581749253,"07222,07240,07335",3
2021-08-22 15:00:00+00:00,07627,21.90272501877314,"07621,07630,07607",3
2021-08-22 18:00:00+00:00,07577,24.756565426556417,"07481,07650,07280",3
2021-08-22 18:00:00+00:00,07627,20.8898683313763,"07621,07630,07607",3
2021-08-22 21:00:00+00:00,07577,22.9343966228854,"07481,07650,07280",3
2021-08-22 21:00:00+00:00,07314,16.97523380327955,"07222,07240,07335",3
2021-08-23 00:00:00+00:00,07577,19.9821009395613,"07481,07650,07280",3
2021-08-23 00:00:00+00:00,07314,15.59467447930649,"07222,07240,07335",3
2021-08-23 03:00:00+00:00,07577,18.358959070517823,"07481,07650,07280",3
2021-08-23 06:00:00+00:00,07577,18.638567500657715,"07481,07650,07280",3
2021-08-23 06:00:00+00:00,07314,14.228793253180795,"07222,07240,07335",3
2021-08-23 09:00:00+00:00,07314,17.744578477658184,"07222,07240,07335",3
2021-08-23 12:00:00+00:00,07314,20.910150221992414,"07222,07240,07335",3
2021-08-23 15:00:00+00:00,07314,21.68901138154223,"07222,07240,07335",3
2021-08-23 18:00:00+00:00,07314,20.38516466801409,"07222,07240,07335",3
2021-08-23 21:00:00+00:00,07314,18.064986893674757,"07222,07240,07335",3
2021-08-24 00:00:00+00:00,07314,16.970247156303063,"07222,07240,07335",3
2021-08-24 09:00:00+00:00,07314,17.51940539495589,"07222,07240,07335",3
2021-08-24 12:00:00+00:00,07314,20.327365894188247,"07222,07240,07335",3
2021-08-24 15:00:00+00:00,07005,21.46203263198366,"07037,07015,07027",3
2021-08-24 15:00:00+00:00,07314,22.274653081422777,"07222,07240,07335",3
2021-08-24 18:00:00+00:00,07005,19.144947467840222,"07037,07015,07027",3
2021-08-24 18:00:00+00:00,07314,21.25863972003181,"07222,07240,07335",3
2021-08-24 21:00:00+00:00,07005,16.308678537357167,"07037,07015,07027",3
2021-08-25 00:00:00+00:00,07005,14.63338086729457,"07037,07015,07027",3
2021-08-25 00:00:00+00:00,07314,16.396034155759306,"07222,07240,07335",3
2021-08-25 12:00:00+00:00,07314,22.220828399977343,"07222,07240,07335",3
2021-08-26 00:00:00+00:00,07314,16.215751229480524,"07222,07240,07335",3
2021-08-26 09:00:00+00:00,07037,15.948384137485709,"07005,07139,07149",3
2021-08-26 09:00:00+00:00,07314,18.4424116349652,"07222,07240,07335",3
2021-08-26 12:00:00+00:00,07037,17.07563989694253,"07005,07139,07149",3
2021-08-26 12:00:00+00:00,07314,21.572002225194815,"07222,07240,07335",3
2021-08-26 15:00:00+00:00,07037,17.390406353096104,"07005,07139,07149",3
2021-08-26 18:00:00+00:00,07037,15.787096595628642,"07005,07139,07149",3
2021-08-26 21:00:00+00:00,07037,14.170350479992857,"07005,07139,07149",3
2021-08-27 00:00:00+00:00,07460,15.22624933509842,"07471,07481,07255",3
2021-08-27 12:00:00+00:00,07314,19.92086147427297,"07222,07240,07335",3
2021-08-28 12:00:00+00:00,07314,20.310229478364143,"07222,07240,07335",3
2021-08-28 18:00:00+00:00,07471,15.851260620514113,"07460,07481,07558",3
2021-08-29 00:00:00+00:00,07314,15.479303634392467,"07222,07240,07335",3
2021-08-30 21:00:00+00:00,07460,15.895682258886003,"07471,07481,07255",3
2021-08-30 21:00:00+00:00,07643,20.598226109601615,"07650,07747,07577",3
2021-08-31 00:00:00+00:00,07314,16.35686567381718,"07222,07240,07335",3
2021-08-31 09:00:00+00:00,07314,17.874806010478252,"07222,07240,07335",3
2021-08-31 15:00:00+00:00,07005,20.03982535410096,"07037,07015,07027",3
2021-08-31 18:00:00+00:00,07005,18.04559749918167,"07037,07015,07027",3
2021-08-31 21:00:00+00:00,07005,15.428078504671323,"07037,07015,07027",3
2021-09-01 00:00:00+00:00,07005,14.710259100976097,"07037,07015,07027",3
2021-09-01 03:00:00+00:00,07005,14.382437518769336,"07037,07015,07027",3
2021-09-01 06:00:00+00:00,07005,14.294480309936695,"07037,07015,07027",3
2021-09-01 09:00:00+00:00,07005,16.671554135560807,"07037,07015,07027",3
2021-09-01 12:00:00+00:00,07005,18.079905743110846,"07037,07015,07027",3
2021-09-01 15:00:00+00:00,07005,18.799490541364875,"07037,07015,07027",3
2021-09-01 15:00:00+00:00,07314,22.562464535215923,"07222,07240,07335",3
2021-09-01 15:00:00+00:00,07558,23.68692759668878,"07630,07434,07535",3
2021-09-01 18:00:00+00:00,07005,17.361173633209678,"07037,07015,07027",3
2021-09-01 21:00:00+00:00,07005,15.24667071449605,"07037,07015,07027",3
2021-09-01 21:00:00+00:00,07314,18.967428729290702,"07222,07240,07335",3
2021-09-02 00:00:00+00:00,07005,14.371656284451305,"07037,07015,07027",3
2021-09-02 03:00:00+00:00,07005,13.810052818760918,"07037,07015,07027",3
2021-09-02 06:00:00+00:00,07471,12.11083207621215,"07460,07481,07558",3
2021-09-02 21:00:00+00:00,07005,16.09413878043101,"07037,07015,07027",3
2021-09-03 09:00:00+00:00,07790,25.85830470315759,"07761,07690,07650",3
2021-09-03 21:00:00+00:00,07314,18.677307708885557,"07222,07240,07335",3
2021-09-04 00:00:00+00:00,07591,13.53117120516336,"07577,07650,07558",3
2021-09-04 21:00:00+00:00,07460,18.785467599201773,"07471,07481,07255",3
2021-09-04 21:00:00+00:00,07314,17.941191771211827,"07222,07240,07335",3
2021-09-04 21:00:00+00:00,07643,20.83832870411033,"07650,07747,07577",3
2021-09-05 21:00:00+00:00,07314,19.643811780628965,"07222,07240,07335",3
2021-09-06 00:00:00+00:00,07314,18.056755164178604,"07222,07240,07335",3
2021-09-06 06:00:00+00:00,07280,15.086328991504336,07190,1
2021-09-06 06:00:00+00:00,07181,12.715370984741176,"07168,07190",2
2021-09-06 06:00:00+00:00,07299,14.771313025407702,07190,1
2021-09-06 06:00:00+00:00,07020,14.825817271042443,"07117,07005",2
2021-09-06 06:00:00+00:00,07027,15.351574864104377,"07037,07139,07005",3
2021-09-06 06:00:00+00:00,07591,15.670495729705344,"07577,07650,07558",3
2021-09-06 12:00:00+00:00,07471,25.028033415530334,"07460,07481,07558",3
2021-09-06 15:00:00+00:00,07471,26.05785912968631,"07460,07481,07558",3
2021-09-06 18:00:00+00:00,07471,21.92880390921797,"07460,07481,07558",3
2021-09-06 18:00:00+00:00,07314,25.439803873313338,"07222,07240,07335",3
2021-09-07 00:00:00+00:00,07460,19.354997805195676,"07481,07255",2
2021-09-07 00:00:00+00:00,07471,15.535236982102173,"07481,07558",2
2021-09-07 00:00:00+00:00,07643,22.588862973804797,"07747,07577",2
2021-09-07 00:00:00+00:00,07650,23.41917345564823,"07577,07690",2
2021-09-07 03:00:00+00:00,07650,22.162073074745127,"07643,07577,07690",3
2021-09-07 06:00:00+00:00,07471,14.430230570485746,"07460,07481,07558",3
2021-09-07 06:00:00+00:00,07650,21.515414389986734,"07643,07577,07690",3
2021-09-07 12:00:00+00:00,07471,25.23255242777039,"07460,07481,07558",3
2021-09-07 18:00:00+00:00,07471,21.60320270991046,"07460,07481,07558",3
2021-09-07 18:00:00+00:00,07314,25.941901498292196,"07222,07240,07335",3
2021-09-08 00:00:00+00:00,07471,17.220984796929727,"07460,07481,07558",3
2021-09-08 03:00:00+00:00,07471,15.781230023320875,"07460,07481,07558",3
2021-09-08 06:00:00+00:00,07471,16.031433455401928,"07460,07481,07558",3
2021-09-08 09:00:00+00:00,07471,21.36743338604071,"07460,07481,07558",3
2021-09-08 12:00:00+00:00,07471,25.20728611409313,"07460,07481,07558",3
2021-09-08 15:00:00+00:00,07460,28.243998360433224,"07471,07481,07255",3
2021-09-08 15:00:00+00:00,07314,22.283520209759402,"07222,07240,07335",3
2021-09-08 18:00:00+00:00,07314,20.491654426597428,"07222,07240,07335",3
2021-09-08 21:00:00+00:00,07314,18.245968991120307,"07222,07240,07335",3
2021-09-09 09:00:00+00:00,07314,19.43019686462185,"07222,07240,07335",3
2021-09-09 12:00:00+00:00,07314,21.05189212481961,"07222,07240,07335",3
2021-09-09 15:00:00+00:00,07314,20.14587354926968,"07222,07240,07335",3
2021-09-09 18:00:00+00:00,07168,20.979615807822906,"07072,07181,07149",3
2021-09-09 21:00:00+00:00,07168,19.22452301550635,"07072,07181,07149",3
2021-09-09 21:00:00+00:00,07314,18.423588795028692,"07222,07240,07335",3
2021-09-10 00:00:00+00:00,07168,18.680558796786702,"07072,07181,07149",3
2021-09-10 00:00:00+00:00,07314,18.116170351093857,"07222,07240,07335",3
2021-09-10 03:00:00+00:00,07168,18.21469472605127,"07072,07181,07149",3
2021-09-10 09:00:00+00:00,07314,19.126547708673755,"07222,07240,07335",3
2021-09-10 12:00:00+00:00,07314,21.120416802456436,"07222,07240,07335",3
2021-09-10 15:00:00+00:00,07790,26.90539307338536,"07761,07690,07650",3
2021-09-10 18:00:00+00:00,07790,24.506377971522337,"07761,07690,07650",3
2021-09-11 00:00:00+00:00,07314,15.407341326183197,"07222,07240,07335",3
2021-09-11 06:00:00+00:00,07314,14.303934948877608,"07222,07240,07335",3
2021-09-11 12:00:00+00:00,07314,20.436930085582468,"07222,07240,07335",3
2021-09-11 15:00:00+00:00,07314,21.448981610933913,"07222,07240,07335",3
2021-09-12 06:00:00+00:00,07314,14.277174478867964,"07222,07240,07335",3
2021-09-12 09:00:00+00:00,07314,18.817522493652675,"07222,07240,07335",3
2021-09-12 18:00:00+00:00,07314,20.59787992445171,"07222,07240,07335",3
2021-09-13 06:00:00+00:00,07314,15.049603228060652,"07222,07240,07335",3
2021-09-13 09:00:00+00:00,07005,17.090208216198537,"07037,07015,07027",3
2021-09-13 12:00:00+00:00,07471,24.912408705733522,"07460,07481",2
2021-09-13 12:00:00+00:00,07280,24.781548290021547,"07299,07190",2
2021-09-13 12:00:00+00:00,07117,20.098465704461752,"07110,07027",2
2021-09-13 12:00:00+00:00,07130,25.392707663885883,"07222,07027",2
2021-09-13 12:00:00+00:00,07072,24.366801007253034,"07168,07149",2
2021-09-13 12:00:00+00:00,07181,23.56635630176701,"07168,07190",2
2021-09-13 12:00:00+00:00,07020,18.860143191820733,"07027,07005",2
2021-09-13 12:00:00+00:00,07139,23.6458746735604,"07037,07240,07149",3
2021-09-13 12:00:00+00:00,07314,23.78769606613671,"07222,07240,07335",3
2021-09-13 12:00:00+00:00,07607,27.75894267550666,"07510,07630",2
2021-09-13 12:00:00+00:00,07535,27.66480062538238,"07630,07434,07510",3
2021-09-13 12:00:00+00:00,07558,25.678790762010006,"07630,07434",2
2021-09-13 12:00:00+00:00,07621,25.860927842006532,07630,1
2021-09-13 12:00:00+00:00,07627,25.935585562445684,07630,1
2021-09-13 12:00:00+00:00,07591,24.59656449042792,"07577,07650",2
2021-09-14 03:00:00+00:00,07314,18.782794554875935,"07222,07240,07335",3
2021-09-14 06:00:00+00:00,07314,18.51468370224476,"07222,07240,07335",3
2021-09-14 15:00:00+00:00,07314,21.607460875485557,"07222,07240,07335",3
2021-09-14 18:00:00+00:00,07314,20.633350831083316,"07222,07240,07335",3
2021-09-15 00:00:00+00:00,07280,19.469938060170758,"07181,07299,07190",3
2021-09-15 00:00:00+00:00,07314,17.491826620056145,"07222,07240,07335",3
2021-09-15 03:00:00+00:00,07314,17.27634498822472,"07222,07240,07335",3
2021-09-15 18:00:00+00:00,07314,19.890220522903192,"07222,07240,07335",3
2021-09-16 00:00:00+00:00,07314,16.592836373006698,"07222,07240,07335",3
2021-09-16 03:00:00+00:00,07314,16.344229257493808,"07222,07240,07335",3
2021-09-16 06:00:00+00:00,07005,10.558493662619487,"07037,07015,07027",3
2021-09-16 09:00:00+00:00,07314,18.369321262795523,"07222,07240,07335",3
2021-09-16 12:00:00+00:00,07314,20.755007036642976,"07222,07240,07335",3
2021-09-16 15:00:00+00:00,07314,21.05871394727323,"07222,07240,07335",3
2021-09-16 18:00:00+00:00,07314,19.416454282682118,"07222,07240,07335",3
2021-09-17 00:00:00+00:00,07314,14.875757028129938,"07222,07240,07335",3
2021-09-17 06:00:00+00:00,07314,13.864354859613073,"07222,07240,07335",3
2021-09-17 09:00:00+00:00,07117,17.516984257198303,"07020,07110,07027",3
2021-09-17 09:00:00+00:00,07314,16.74115773590251,"07222,07240,07335",3
2021-09-17 12:00:00+00:00,07314,20.62092454516584,"07222,07240,07335",3
2021-09-17 15:00:00+00:00,07314,20.56949510100273,"07222,07240,07335",3
2021-09-18 06:00:00+00:00,07314,16.07113969823609,"07222,07240,07335",3
2021-09-18 09:00:00+00:00,07314,17.3194298078651,"07222,07240,07335",3
2021-09-18 12:00:00+00:00,07314,18.880125008405408,"07222,07240,07335",3
2021-09-18 15:00:00+00:00,07314,18.07279767072722,"07222,07240,07335",3
2021-09-18 18:00:00+00:00,07314,17.105918144881407,"07222,07240,07335",3
2021-09-18 21:00:00+00:00,07314,15.788203698046077,"07222,07240,07335",3
2021-09-19 09:00:00+00:00,07314,16.19459522293476,"07222,07240,07335",3
2021-09-19 12:00:00+00:00,07314,18.58551794649363,"07222,07240,07335",3
2021-09-19 15:00:00+00:00,07314,19.48142411872901,"07222,07240,07335",3
2021-09-19 18:00:00+00:00,07314,17.366083427089492,"07222,07240,07335",3
2021-09-20 00:00:00+00:00,07314,15.38042416445891,"07222,07240,07335",3
2021-09-20 09:00:00+00:00,07314,15.899509453897144,"07222,07240,07335",3
2021-09-20 12:00:00+00:00,07314,18.09356858116744,"07222,07240,07335",3
2021-09-21 03:00:00+00:00,07314,15.464889797274125,"07222,07240,07335",3
2021-09-21 06:00:00+00:00,07314,14.758322603347905,"07222,07240,07335",3
2021-09-21 09:00:00+00:00,07314,16.827798141959136,"07222,07240,07335",3
2021-09-21 15:00:00+00:00,07460,19.000673533035723,"07471,07481,07255",3
2021-09-21 15:00:00+00:00,07643,21.39747691799557,"07650,07747,07577",3
2021-09-21 21:00:00+00:00,07314,14.955150343298357,"07222,07240,07335",3
2021-09-22 00:00:00+00:00,07460,13.761728608025605,"07471,07481,07255",3
2021-09-22 00:00:00+00:00,07643,16.571506394413912,"07650,07747,07577",3
2021-09-22 06:00:00+00:00,07314,12.56516313564709,"07222,07240,07335",3
2021-09-22 15:00:00+00:00,07314,20.78045483498939,"07222,07240,07335",3
2021-09-22 21:00:00+00:00,07314,14.363578540183743,"07222,07240,07335",3
2021-09-23 06:00:00+00:00,07314,11.177361036776736,"07222,07240,07335",3
2021-09-23 15:00:00+00:00,07460,24.51038427879803,"07471,07481,07255",3
2021-09-23 15:00:00+00:00,07314,21.967463041878844,"07222,07240,07335",3
2021-09-23 18:00:00+00:00,07314,18.714748584364905,"07222,07240,07335",3
2021-09-24 00:00:00+00:00,07314,13.860057050168274,"07222,07240,07335",3
2021-09-24 06:00:00+00:00,07314,11.837288569472662,"07222,07240,07335",3
2021-09-24 12:00:00+00:00,07314,21.431308733301833,"07222,07240,07335",3
2021-09-24 15:00:00+00:00,07314,22.830279586770878,"07222,07240,07335",3
2021-09-24 15:00:00+00:00,07621,23.477560531897446,"07627,07607,07630",3
2021-09-25 00:00:00+00:00,07460,15.106992020066398,"07471,07481,07255",3
2021-09-25 00:00:00+00:00,07181,9.924108042432376,"07168,07280,07190",3
2021-09-25 00:00:00+00:00,07643,18.285354642655445,"07650,07747,07577",3
2021-09-25 15:00:00+00:00,07460,22.58455233264388,"07471,07481,07255",3
2021-09-25 15:00:00+00:00,07643,25.617293897134413,"07650,07747,07577",3
2021-09-26 06:00:00+00:00,07314,16.712405398701094,"07222,07240,07335",3
2021-09-26 12:00:00+00:00,07314,20.659573137631774,"07222,07240,07335",3
2021-09-26 15:00:00+00:00,07314,19.802894903673874,"07222,07240,07335",3
2021-09-26 18:00:00+00:00,07314,17.977697130783554,"07222,07240,07335",3
2021-09-26 21:00:00+00:00,07314,16.983511031116954,"07222,07240,07335",3
2021-09-27 00:00:00+00:00,07314,16.599926080548343,"07222,07240,07335",3
2021-09-27 15:00:00+00:00,07314,18.9044052620943,"07222,07240,07335",3
2021-09-27 18:00:00+00:00,07314,16.132731360045952,"07222,07240,07335",3
2021-09-28 15:00:00+00:00,07314,18.916155976842255,"07222,07240,07335",3
2021-09-28 18:00:00+00:00,07314,16.710185127118415,"07222,07240,07335",3
2021-09-28 21:00:00+00:00,07314,15.73041718056109,"07222,07240,07335",3
2021-09-29 12:00:00+00:00,07314,17.77097143391537,"07222,07240,07335",3
2021-09-29 15:00:00+00:00,07314,18.060899906267764,"07222,07240,07335",3
2021-09-29 18:00:00+00:00,07314,15.417600779209252,"07222,07240,07335",3
2021-09-29 21:00:00+00:00,07643,19.610700188509053,"07650,07747,07577",3
2021-09-30 00:00:00+00:00,07314,10.741478522822716,"07222,07240,07335",3
2021-09-30 06:00:00+00:00,07314,8.87829377064189,"07222,07240,07335",3
2021-09-30 12:00:00+00:00,07471,13.962526792855769,"07460,07481",2
2021-09-30 12:00:00+00:00,07280,16.738364077383004,"07299,07190",2
2021-09-30 12:00:00+00:00,07117,16.143990223666023,"07110,07027",2
2021-09-30 12:00:00+00:00,07130,17.314968867754875,"07222,07027",2
2021-09-30 12:00:00+00:00,07072,15.232046981215744,"07168,07149",2
2021-09-30 12:00:00+00:00,07181,15.369879622480028,"07168,07190",2
2021-09-30 12:00:00+00:00,07020,15.255387871288017,"07027,07005",2
2021-09-30 12:00:00+00:00,07139,16.590595939591573,"07037,07240,07149",3
2021-09-30 12:00:00+00:00,07314,17.942637534592464,"07222,07240,07335",3
2021-09-30 12:00:00+00:00,07607,19.064669840521116,"07510,07630",2
2021-09-30 12:00:00+00:00,07535,18.00658717196844,"07630,07434,07510",3
2021-09-30 12:00:00+00:00,07558,15.875983780706813,"07630,07434",2
2021-09-30 12:00:00+00:00,07621,17.093898498620653,07630,1
2021-09-30 12:00:00+00:00,07627,16.906017952897795,07630,1
2021-09-30 12:00:00+00:00,07591,16.70203474184849,"07577,07650",2
2021-09-30 15:00:00+00:00,07471,14.96018776330088,"07460,07481",2
2021-09-30 15:00:00+00:00,07280,17.509015631357688,"07299,07190",2
2021-09-30 15:00:00+00:00,07117,16.54454750016595,"07110,07027",2
2021-09-30 15:00:00+00:00,07130,18.4029068353551,"07222,07027",2
2021-09-30 15:00:00+00:00,07072,16.806433354157992,"07168,07149",2
2021-09-30 15:00:00+00:00,07181,16.599343223747038,"07168,07190",2
2021-09-30 15:00:00+00:00,07020,16.242131837870605,"07027,07005",2
2021-09-30 15:00:00+00:00,07139,17.158664236332065,"07037,07240,07149",3
2021-09-30 15:00:00+00:00,07314,18.515458210446795,"07222,07240,07335",3
2021-09-30 15:00:00+00:00,07607,19.614564986783513,"07510,07630",2
2021-09-30 15:00:00+00:00,07535,18.751437239457736,"07630,07434,07510",3
2021-09-30 15:00:00+00:00,07558,16.467073602952393,"07630,07434",2
2021-09-30 15:00:00+00:00,07621,17.003516752812533,07630,1
2021-09-30 15:00:00+00:00,07627,16.812929627026143,07630,1
2021-09-30 15:00:00+00:00,07591,17.975979563907057,"07577,07650",2
2021-09-30 18:00:00+00:00,07314,15.283796506455197,"07222,07240,07335",3
2021-10-01 03:00:00+00:00,07314,11.623363894395267,"07222,07240,07335",3
2021-10-01 18:00:00+00:00,07314,15.798862205171742,"07222,07240,07335",3
2021-10-02 21:00:00+00:00,07314,16.56031474781852,"07222,07240,07335",3
2021-10-03 12:00:00+00:00,07314,16.41164776951427,"07222,07240,07335",3
2021-10-03 15:00:00+00:00,07314,16.883525395567034,"07222,07240,07335",3
2021-10-03 18:00:00+00:00,07314,14.736209182550473,"07222,07240,07335",3
2021-10-03 21:00:00+00:00,07314,12.82444634063876,"07222,07240,07335",3
2021-10-04 12:00:00+00:00,07460,14.191080397519384,"07471,07481,07255",3
2021-10-04 15:00:00+00:00,07314,18.212386698657046,"07222,07240,07335",3
2021-10-05 21:00:00+00:00,07643,14.534425150133291,"07650,07747,07577",3
2021-10-06 00:00:00+00:00,07790,16.913245158259855,"07761,07690,07650",3
2021-10-06 00:00:00+00:00,07627,11.781126675243241,"07621,07630,07607",3
2021-10-06 03:00:00+00:00,07790,15.517005786603727,"07761,07690,07650",3
2021-10-06 03:00:00+00:00,07627,10.671881951695232,"07621,07630,07607",3
2021-10-06 06:00:00+00:00,07627,10.524939149120765,"07621,07630,07607",3
2021-10-06 09:00:00+00:00,07627,14.3451722313716,"07621,07630,07607",3
2021-10-06 12:00:00+00:00,07627,16.766382279047825,"07621,07630,07607",3
2021-10-12 00:00:00+00:00,07190,8.485580954582685,"07299,07280,07181",3
2021-10-12 03:00:00+00:00,07190,7.40317275906709,"07299,07280,07181",3
2021-10-12 06:00:00+00:00,07190,6.84895345092716,"07299,07280,07181",3
2021-10-12 09:00:00+00:00,07627,11.795265277456851,"07621,07630,07607",3
2021-10-12 12:00:00+00:00,07627,16.390491535436674,"07621,07630,07607",3
2021-10-12 15:00:00+00:00,07627,17.625576578949556,"07621,07630,07607",3
2021-10-12 18:00:00+00:00,07627,12.036204025571825,"07621,07630,07607",3
2021-10-13 03:00:00+00:00,07627,6.270229129554579,"07621,07630,07607",3
2021-10-13 09:00:00+00:00,07627,10.100160652022831,"07621,07630,07607",3
2021-10-14 00:00:00+00:00,07643,10.671749770251088,"07650,07747,07577",3
2021-10-14 06:00:00+00:00,07005,6.35943648206057,"07037,07015,07027",3
2021-10-14 09:00:00+00:00,07005,10.468704677089267,"07037,07015,07027",3
2021-10-14 12:00:00+00:00,07314,16.159285324008724,"07222,07240,07335",3
2021-10-19 03:00:00+00:00,07747,12.75121298103418,"07643,07650,07577",3
2021-10-19 06:00:00+00:00,07747,13.510093159064681,"07643,07650,07577",3
2021-10-21 12:00:00+00:00,07747,20.416571982803163,"07643,07650,07577",3
2021-10-22 00:00:00+00:00,07747,14.404205929395792,"07643,07650,07577",3
2021-10-22 03:00:00+00:00,07314,10.198470851444897,"07222,07240,07335",3
2021-10-22 03:00:00+00:00,07747,13.66290430195094,"07643,07650,07577",3
2021-10-22 06:00:00+00:00,07747,12.131169501581597,"07643,07650,07577",3
2021-10-23 12:00:00+00:00,07460,11.793749417892597,"07471,07481,07255",3
2021-10-23 12:00:00+00:00,07643,19.141043048583363,"07650,07747,07577",3
2021-10-24 03:00:00+00:00,07643,8.448244539935342,"07650,07747,07577",3
2021-10-26 06:00:00+00:00,07181,9.312082606005765,"07168,07280,07190",3
2021-10-26 09:00:00+00:00,07130,11.69390659498384,"07222,07139,07027",3
2021-10-26 15:00:00+00:00,07130,16.893637447422268,"07222,07139,07027",3
2021-10-26 15:00:00+00:00,07314,16.96492885191224,"07222,07240,07335",3
2021-10-26 15:00:00+00:00,07558,14.991944599759174,"07630,07434,07535",3
2021-10-26 18:00:00+00:00,07130,13.033771874451977,"07222,07139,07027",3
2021-10-26 18:00:00+00:00,07558,10.859056533854195,"07630,07434,07535",3
2021-10-26 21:00:00+00:00,07130,11.47418296610808,"07222,07139,07027",3
2021-10-26 21:00:00+00:00,07558,8.689157254044574,"07630,07434,07535",3
2021-10-26 21:00:00+00:00,07621,9.423503718954295,"07607,07630",2
2021-10-26 21:00:00+00:00,07627,9.311426190747806,"07630,07607",2
2021-10-26 21:00:00+00:00,07591,8.808594061409915,"07577,07650",2
2021-10-27 00:00:00+00:00,07130,9.779743291249593,"07222,07139,07027",3
2021-10-27 00:00:00+00:00,07314,10.851723611398691,"07222,07240,07335",3
2021-10-27 00:00:00+00:00,07535,7.796318864576781,"07630,07434,07510",3
2021-10-27 00:00:00+00:00,07621,7.261601781848246,"07607,07630",2
2021-10-27 00:00:00+00:00,07627,6.90172130033803,"07630,07607",2
2021-10-27 00:00:00+00:00,07591,6.695435181453224,"07577,07650,07558",3
2021-10-27 03:00:00+00:00,07621,6.500931701888784,"07627,07607,07630",3
2021-10-27 06:00:00+00:00,07621,5.44200606157427,"07627,07607,07630",3
2021-10-27 09:00:00+00:00,07314,12.652166739465244,"07222,07240,07335",3
2021-10-27 12:00:00+00:00,07314,17.29291170024043,"07222,07240,07335",3
2021-10-27 21:00:00+00:00,07314,11.443833577974486,"07222,07240,07335",3
2021-10-28 18:00:00+00:00,07314,14.63407067210317,"07222,07240,07335",3
2021-10-28 21:00:00+00:00,07314,13.895174401041526,"07222,07240,07335",3
2021-10-29 00:00:00+00:00,07314,14.382719079540497,"07222,07240,07335",3
2021-10-29 03:00:00+00:00,07314,14.242629446140816,"07222,07240,07335",3
2021-10-29 03:00:00+00:00,07643,14.076503943138784,"07650,07747,07577",3
2021-10-29 18:00:00+00:00,07314,13.60328991783549,"07222,07240,07335",3
2021-10-29 21:00:00+00:00,07314,13.956345110407707,"07222,07240,07335",3
2021-10-30 09:00:00+00:00,07314,14.430443008043136,"07222,07240,07335",3
2021-10-30 15:00:00+00:00,07314,16.335848776632968,"07222,07240,07335",3
2021-10-31 09:00:00+00:00,07314,15.390079758991645,"07222,07240,07335",3
2021-10-31 12:00:00+00:00,07314,16.651512908058024,"07222,07240,07335",3
2021-10-31 18:00:00+00:00,07627,15.06290399969298,"07621,07630,07607",3
2021-10-31 21:00:00+00:00,07314,12.096472837431836,"07222,07240,07335",3
2021-10-31 21:00:00+00:00,07627,12.296959301808908,"07621,07630,07607",3
2021-11-01 00:00:00+00:00,07627,11.875050334920994,"07621,07630,07607",3
2021-11-02 03:00:00+00:00,07314,10.280362656919074,"07222,07240,07335",3
2021-11-02 18:00:00+00:00,07627,11.947222062777225,"07621,07630,07607",3
2021-11-02 21:00:00+00:00,07627,8.747314906401158,"07621,07630,07607",3
2021-11-03 00:00:00+00:00,07314,10.188233296762899,"07222,07240,07335",3
2021-11-03 00:00:00+00:00,07627,8.157103414917513,"07621,07630,07607",3
2021-11-03 03:00:00+00:00,07627,7.744868792959442,"07621,07630,07607",3
2021-11-03 06:00:00+00:00,07790,12.870200211726132,"07761,07690,07650",3
2021-11-03 06:00:00+00:00,07627,6.9493614493212466,"07621,07630,07607",3
2021-11-03 12:00:00+00:00,07790,16.95690872379313,"07761,07690,07650",3
2021-11-03 12:00:00+00:00,07314,13.258940845894301,"07222,07240,07335",3
2021-11-04 00:00:00+00:00,07314,7.730888956132328,"07222,07240,07335",3
2021-11-04 09:00:00+00:00,07790,14.59914226177326,"07761,07690,07650",3
2021-11-04 09:00:00+00:00,07535,5.194661392301455,"07630,07434,07510",3
2021-11-04 12:00:00+00:00,07535,7.941103548989744,"07630,07434,07510",3
2021-11-04 15:00:00+00:00,07535,9.432500940423443,"07630,07434,07510",3
2021-11-04 18:00:00+00:00,07535,6.1452437171031615,"07630,07434,07510",3
2021-11-04 21:00:00+00:00,07535,4.622081714328577,"07630,07434,07510",3
2021-11-05 00:00:00+00:00,07535,3.5780172561420924,"07630,07434,07510",3
2021-11-05 03:00:00+00:00,07535,3.1623976887454166,"07630,07434,07510",3
2021-11-05 06:00:00+00:00,07790,8.277015941699416,"07761,07690,07650",3
2021-11-05 06:00:00+00:00,07314,9.369482585760133,"07222,07240,07335",3
2021-11-05 06:00:00+00:00,07535,2.7143400752430082,"07630,07434,07510",3
2021-11-05 09:00:00+00:00,07535,5.432741157941088,"07630,07434,07510",3
2021-11-05 15:00:00+00:00,07314,13.195792227330445,"07222,07240,07335",3
2021-11-05 18:00:00+00:00,07020,10.020532144074268,"07117,07027,07005",3
2021-11-06 03:00:00+00:00,07314,5.516108732754006,"07222,07240,07335",3
2021-11-06 09:00:00+00:00,07627,5.189431827461167,"07621,07630,07607",3
2021-11-06 18:00:00+00:00,07314,10.491971747740333,"07222,07240,07335",3
2021-11-07 00:00:00+00:00,07643,6.7908580027648044,"07650,07747,07577",3
2021-11-07 06:00:00+00:00,07314,11.145510666767162,"07222,07240,07335",3
2021-11-07 12:00:00+00:00,07314,14.59374621021247,"07222,07240,07335",3
2021-11-07 18:00:00+00:00,07314,11.764859810478448,"07222,07240,07335",3
2021-11-08 09:00:00+00:00,07314,10.527724497454063,"07222,07240,07335",3
2021-11-09 00:00:00+00:00,07314,8.563086447998618,"07222,07240,07335",3
2021-11-10 03:00:00+00:00,07072,-1.4907418255705802,"07168,07149",2
2021-11-10 03:00:00+00:00,07181,-1.4992476778577255,"07168,07280,07190",3
2021-11-10 09:00:00+00:00,07627,5.100436920730196,"07621,07630,07607",3
2021-11-10 15:00:00+00:00,07460,10.582951112107514,"07471,07481,07255",3
2021-11-10 15:00:00+00:00,07020,12.932912307302153,"07117,07027,07005",3
2021-11-10 15:00:00+00:00,07314,13.06158890047676,"07222,07240,07335",3
2021-11-10 15:00:00+00:00,07627,9.77514280618731,"07621,07630,07607",3
2021-11-10 15:00:00+00:00,07643,16.27002387615432,"07650,07747,07577",3
2021-11-10 18:00:00+00:00,07314,10.402062659166814,"07222,07240,07335",3
2021-11-10 18:00:00+00:00,07627,8.004802610372046,"07621,07630,07607",3
2021-11-11 00:00:00+00:00,07314,8.211351867439582,"07222,07240,07335",3
2021-11-11 00:00:00+00:00,07627,4.895250393662333,"07621,07630,07607",3
2021-11-11 03:00:00+00:00,07627,5.790616562298463,"07621,07630,07607",3
2021-11-11 18:00:00+00:00,07314,11.651377579732767,"07222,07240,07335",3
2021-11-12 00:00:00+00:00,07314,8.031668483663166,"07222,07240,07335",3
2021-11-12 12:00:00+00:00,07314,15.722082198041525,"07222,07240,07335",3
2021-11-12 15:00:00+00:00,07181,6.083277728079892,"07168,07280,07190",3
2021-11-13 03:00:00+00:00,07181,4.914360777264016,"07168,07280,07190",3
2021-11-14 06:00:00+00:00,07460,8.205385758205137,"07471,07481,07255",3
2021-11-14 06:00:00+00:00,07181,7.775665337101994,"07168,07280,07190",3
2021-11-14 06:00:00+00:00,07643,12.021239834573505,"07650,07747,07577",3
2021-11-14 18:00:00+00:00,07181,8.698557403697492,"07168,07280,07190",3
2021-11-15 03:00:00+00:00,07181,7.5691036438146195,"07168,07280,07190",3
2021-11-15 12:00:00+00:00,07314,11.213252895852033,"07222,07240,07335",3
2021-11-15 15:00:00+00:00,07577,10.63656651510896,"07481,07650,07280",3
2021-11-15 15:00:00+00:00,07434,8.416094158215708,"07535,07335,07255",3
2021-11-16 03:00:00+00:00,07577,9.199852086989965,"07481,07650,07280",3
2021-11-16 06:00:00+00:00,07577,8.557308161130242,"07481,07650,07280",3
2021-11-16 12:00:00+00:00,07314,11.169822460803243,"07222,07240,07335",3
2021-11-16 15:00:00+00:00,07577,11.047278191548582,"07481,07650,07280",3
2021-11-16 15:00:00+00:00,07314,11.221005918222335,"07222,07240,07335",3
2021-11-20 00:00:00+00:00,07181,6.350347278079998,"07168,07280,07190",3
2021-11-20 12:00:00+00:00,07314,8.930922991441623,"07222,07240,07335",3
2021-11-21 12:00:00+00:00,07314,10.284050590226439,"07222,07240,07335",3
2021-11-21 18:00:00+00:00,07314,10.18787974100453,"07222,07240,07335",3
2021-11-21 21:00:00+00:00,07460,5.545217867674472,"07471,07481,07255",3
2021-11-21 21:00:00+00:00,07761,11.900126317372452,"07790,07690,07650",3
2021-11-21 21:00:00+00:00,07020,9.450829046022548,"07117,07027,07005",3
2021-11-21 21:00:00+00:00,07314,9.88188516210629,"07222,07240,07335",3
2021-11-21 21:00:00+00:00,07643,10.993021267165327,"07650,07747,07577",3
2021-11-24 06:00:00+00:00,07460,1.3166577550286358,"07471,07481,07255",3
2021-11-24 06:00:00+00:00,07117,9.402670664140494,"07020,07110,07027",3
2021-11-24 06:00:00+00:00,07314,6.591841022486367,"07222,07240,07335",3
2021-11-24 06:00:00+00:00,07643,12.33005942012764,"07650,07747,07577",3
2021-11-24 12:00:00+00:00,07314,8.47707179877932,"07222,07240,07335",3
2021-11-25 09:00:00+00:00,07747,10.797350270445987,"07643,07650,07577",3
2021-11-25 12:00:00+00:00,07747,11.323610832689868,"07643,07650,07577",3
2021-11-25 21:00:00+00:00,07314,8.736597366155982,"07222,07240,07335",3
2021-11-26 00:00:00+00:00,07335,4.106144780770233,"07240,07255,07222",3
2021-11-26 03:00:00+00:00,07335,3.6621776192761533,"07240,07255,07222",3
2021-11-26 06:00:00+00:00,07335,2.8430884435272965,"07240,07255,07222",3
2021-11-26 09:00:00+00:00,07335,3.4646136503035616,"07240,07255,07222",3
2021-11-26 15:00:00+00:00,07460,4.646181473201304,"07471,07481,07255",3
2021-11-26 15:00:00+00:00,07643,9.081455444024995,"07650,07747,07577",3
2021-11-27 09:00:00+00:00,07314,8.026157631219577,"07222,07240,07335",3
2021-11-28 21:00:00+00:00,07314,5.842403455316592,"07222,07240,07335",3
2021-11-29 00:00:00+00:00,07314,5.493206845760466,"07222,07240,07335",3
2021-11-29 12:00:00+00:00,07314,9.10401295715533,"07222,07240,07335",3
2021-11-30 00:00:00+00:00,07314,4.495368669124649,"07222,07240,07335",3
2021-11-30 12:00:00+00:00,07314,10.860273040315064,"07222,07240,07335",3
2021-12-01 06:00:00+00:00,07460,3.6639511289009943,"07471,07481,07255",3
2021-12-01 06:00:00+00:00,07643,2.306039114927918,"07650,07747,07577",3
2021-12-01 09:00:00+00:00,07460,7.490683904351469,"07471,07481,07255",3
2021-12-01 09:00:00+00:00,07643,8.065496511288341,"07650,07747,07577",3
2021-12-01 12:00:00+00:00,07314,13.152943752430918,"07222,07240,07335",3
2021-12-01 21:00:00+00:00,07314,9.40877621906972,"07222,07240,07335",3
2021-12-02 03:00:00+00:00,07314,7.858910175363811,"07222,07240,07335",3
2021-12-02 09:00:00+00:00,07314,8.13828339361394,"07222,07240,07335",3
2021-12-02 12:00:00+00:00,07314,9.423011466129381,"07222,07240,07335",3
2021-12-02 18:00:00+00:00,07314,7.51743504783082,"07222,07240,07335",3
2021-12-02 18:00:00+00:00,07643,7.3557899051795115,"07650,07747,07577",3
2021-12-03 03:00:00+00:00,07314,4.535369413950946,"07222,07240,07335",3
2021-12-03 06:00:00+00:00,07314,6.041590576211265,"07222,07240,07335",3
2021-12-03 09:00:00+00:00,07314,7.839481775280786,"07222,07240,07335",3
2021-12-03 12:00:00+00:00,07314,10.488335551470975,"07222,07240,07335",3
2021-12-03 15:00:00+00:00,07020,11.393897812780503,"07117,07027,07005",3
2021-12-03 18:00:00+00:00,07020,11.573919832323156,"07117,07027,07005",3
2021-12-03 21:00:00+00:00,07020,11.951227268700864,"07117,07027,07005",3
2021-12-03 21:00:00+00:00,07314,13.673327755538299,"07222,07240,07335",3
2021-12-04 00:00:00+00:00,07020,11.811730575603347,"07117,07027,07005",3
2021-12-04 03:00:00+00:00,07020,10.524613508190523,"07117,07027,07005",3
2021-12-04 06:00:00+00:00,07181,7.6966437077884535,"07168,07280,07190",3
2021-12-04 06:00:00+00:00,07020,10.041031102217984,"07117,07027,07005",3
2021-12-04 09:00:00+00:00,07020,7.953792658615167,"07117,07027,07005",3
2021-12-04 12:00:00+00:00,07020,8.800217885409843,"07117,07027,07005",3
2021-12-04 15:00:00+00:00,07020,9.12760097637616,"07117,07027,07005",3
2021-12-04 18:00:00+00:00,07181,5.295361430964299,"07168,07280,07190",3
2021-12-04 18:00:00+00:00,07020,9.390898857017929,"07117,07027,07005",3
2021-12-04 21:00:00+00:00,07181,3.879544958897752,"07168,07280,07190",3
2021-12-04 21:00:00+00:00,07020,8.772800934937234,"07117,07027,07005",3
2021-12-05 00:00:00+00:00,07460,,,0
2021-12-05 00:00:00+00:00,07471,,,0
2021-12-05 00:00:00+00:00,07481,,,0
2021-12-05 00:00:00+00:00,07577,,,0
2021-12-05 00:00:00+00:00,07280,,,0
2021-12-05 00:00:00+00:00,07110,,,0
2021-12-05 00:00:00+00:00,07117,,,0
2021-12-05 00:00:00+00:00,07130,,,0
2021-12-05 00:00:00+00:00,07240,,,0
2021-12-05 00:00:00+00:00,07255,,,0
2021-12-05 00:00:00+00:00,07761,,,0
2021-12-05 00:00:00+00:00,07790,,,0
2021-12-05 00:00:00+00:00,07072,,,0
2021-12-05 00:00:00+00:00,07168,,,0
2021-12-05 00:00:00+00:00,07181,,,0
2021-12-05 00:00:00+00:00,07190,,,0
2021-12-05 00:00:00+00:00,07299,,,0
2021-12-05 00:00:00+00:00,07005,,,0
2021-12-05 00:00:00+00:00,07015,,,0
2021-12-05 00:00:00+00:00,07020,,,0
2021-12-05 00:00:00+00:00,07027,,,0
2021-12-05 00:00:00+00:00,07037,,,0
2021-12-05 00:00:00+00:00,07139,,,0
2021-12-05 00:00:00+00:00,07314,,,0
2021-12-05 00:00:00+00:00,07335,,,0
2021-12-05 00:00:00+00:00,07434,,,0
2021-12-05 00:00:00+00:00,07510,,,0
2021-12-05 00:00:00+00:00,07607,,,0
2021-12-05 00:00:00+00:00,07535,,,0
2021-12-05 00:00:00+00:00,07558,,,0
2021-12-05 00:00:00+00:00,07621,,,0
2021-12-05 00:00:00+00:00,07627,,,0
2021-12-05 00:00:00+00:00,07630,,,0
2021-12-05 00:00:00+00:00,07643,,,0
2021-12-05 00:00:00+00:00,07747,,,0
2021-12-05 00:00:00+00:00,07222,,,0
2021-12-05 00:00:00+00:00,07591,,,0
2021-12-05 00:00:00+00:00,07650,,,0
2021-12-05 00:00:00+00:00,07690,,,0
2021-12-05 00:00:00+00:00,07149,,,0
2021-12-05 03:00:00+00:00,07020,8.827138003067864,"07117,07027,07005",3
2021-12-05 06:00:00+00:00,07020,9.291137145423814,"07117,07027,07005",3
2021-12-05 12:00:00+00:00,07314,11.164960965194211,"07222,07240,07335",3
2021-12-06 00:00:00+00:00,07460,,,0
2021-12-06 00:00:00+00:00,07471,,,0
2021-12-06 00:00:00+00:00,07481,,,0
2021-12-06 00:00:00+00:00,07577,,,0
2021-12-06 00:00:00+00:00,07280,,,0
2021-12-06 00:00:00+00:00,07110,,,0
2021-12-06 00:00:00+00:00,07117,,,0
2021-12-06 00:00:00+00:00,07130,,,0
2021-12-06 00:00:00+00:00,07240,,,0
2021-12-06 00:00:00+00:00,07255,,,0
2021-12-06 00:00:00+00:00,07761,,,0
2021-12-06 00:00:00+00:00,07790,,,0
2021-12-06 00:00:00+00:00,07072,,,0
2021-12-06 00:00:00+00:00,07168,,,0
2021-12-06 00:00:00+00:00,07181,,,0
2021-12-06 00:00:00+00:00,07190,,,0
2021-12-06 00:00:00+00:00,07299,,,0
2021-12-06 00:00:00+00:00,07005,,,0
2021-12-06 00:00:00+00:00,07015,,,0
2021-12-06 00:00:00+00:00,07020,,,0
2021-12-06 00:00:00+00:00,07027,,,0
2021-12-06 00:00:00+00:00,07037,,,0
2021-12-06 00:00:00+00:00,07139,,,0
2021-12-06 00:00:00+00:00,07314,,,0
2021-12-06 00:00:00+00:00,07335,,,0
2021-12-06 00:00:00+00:00,07434,,,0
2021-12-06 00:00:00+00:00,07510,,,0
2021-12-06 00:00:00+00:00,07607,,,0
2021-12-06 00:00:00+00:00,07535,,,0
2021-12-06 00:00:00+00:00,07558,,,0
2021-12-06 00:00:00+00:00,07621,,,0
2021-12-06 00:00:00+00:00,07627,,,0
2021-12-06 00:00:00+00:00,07630,,,0
2021-12-06 00:00:00+00:00,07643,,,0
2021-12-06 00:00:00+00:00,07747,,,0
2021-12-06 00:00:00+00:00,07222,,,0
2021-12-06 00:00:00+00:00,07591,,,0
2021-12-06 00:00:00+00:00,07650,,,0
2021-12-06 00:00:00+00:00,07690,,,0
2021-12-06 00:00:00+00:00,07149,,,0
2021-12-07 00:00:00+00:00,07460,5.396829136157823,"07471,07481,07255",3
2021-12-07 00:00:00+00:00,07643,8.65946197622934,"07650,07747,07577",3
2021-12-07 12:00:00+00:00,07643,11.485433355249306,"07650,07747,07577",3
2021-12-08 09:00:00+00:00,07314,7.631884334831302,"07222,07240,07335",3
2021-12-08 09:00:00+00:00,07643,8.530427715222741,"07650,07747,07577",3
2021-12-09 15:00:00+00:00,07314,10.754218192169528,"07222,07240,07335",3
2021-12-11 18:00:00+00:00,07314,11.154074053677647,"07222,07240,07335",3
2021-12-12 21:00:00+00:00,07181,5.019136930718165,"07168,07280,07190",3
2021-12-13 00:00:00+00:00,07181,4.948012956888331,"07168,07280,07190",3
2021-12-13 03:00:00+00:00,07181,4.872681903221574,"07168,07280,07190",3
2021-12-13 09:00:00+00:00,07117,10.774450276916637,"07020,07110,07027",3
2021-12-14 12:00:00+00:00,07314,8.868955875529398,"07222,07240,07335",3
2021-12-14 12:00:00+00:00,07558,10.083280937041888,"07630,07434,07535",3
2021-12-15 00:00:00+00:00,07314,7.821276751831666,"07222,07240,07335",3
2021-12-15 06:00:00+00:00,07314,7.793173771464806,"07222,07240,07335",3
2021-12-15 09:00:00+00:00,07314,7.7565432605256195,"07222,07240,07335",3
2021-12-15 12:00:00+00:00,07314,8.22496929801184,"07222,07240,07335",3
2021-12-15 15:00:00+00:00,07314,8.408386113436901,"07222,07240,07335",3
2021-12-15 18:00:00+00:00,07314,8.184444347718445,"07222,07240,07335",3
2021-12-16 00:00:00+00:00,07181,4.627397809573259,"07168,07280,07190",3
2021-12-16 03:00:00+00:00,07314,8.51297329985777,"07222,07240,07335",3
2021-12-16 06:00:00+00:00,07181,4.415503010156708,"07168,07280,07190",3
2021-12-16 06:00:00+00:00,07314,8.58047316655765,"07222,07240,07335",3
2021-12-16 18:00:00+00:00,07314,10.71176877136963,"07222,07240,07335",3
2021-12-17 00:00:00+00:00,07314,9.241425510190531,"07222,07240,07335",3
2021-12-17 03:00:00+00:00,07181,2.8189631202603103,"07168,07280,07190",3
2021-12-17 03:00:00+00:00,07314,8.753459879247904,"07222,07240,07335",3
2021-12-17 06:00:00+00:00,07314,8.536953436479507,"07222,07240,07335",3
2021-12-17 12:00:00+00:00,07314,10.589566461998846,"07222,07240,07335",3
2021-12-17 15:00:00+00:00,07314,10.483726060250088,"07222,07240,07335",3
2021-12-18 03:00:00+00:00,07314,7.604438651648945,"07222,07240,07335",3
2021-12-18 06:00:00+00:00,07314,6.912809500308176,"07222,07240,07335",3
2021-12-18 09:00:00+00:00,07314,7.293457425774236,"07222,07240,07335",3
2021-12-18 09:00:00+00:00,07643,5.991520935446537,"07650,07747,07577",3
2021-12-18 12:00:00+00:00,07314,10.110642925092506,"07222,07240,07335",3
2021-12-18 15:00:00+00:00,07314,10.487074395793165,"07222,07240,07335",3
2021-12-18 21:00:00+00:00,07314,8.577160687352702,"07222,07240,07335",3
2021-12-19 00:00:00+00:00,07314,7.463516755365094,"07222,07240,07335",3
2021-12-19 03:00:00+00:00,07314,7.1191816414179865,"07222,07240,07335",3
2021-12-19 09:00:00+00:00,07314,7.265421842092692,"07222,07240,07335",3
2021-12-19 12:00:00+00:00,07643,9.510544774964217,"07650,07747,07577",3
2021-12-19 15:00:00+00:00,07314,8.155213303391186,"07222,07240,07335",3
2021-12-19 21:00:00+00:00,07314,7.548335943938659,"07222,07240,07335",3
2021-12-20 00:00:00+00:00,07314,7.366593296285173,"07222,07240,07335",3
2021-12-20 03:00:00+00:00,07314,7.173520886327399,"07222,07240,07335",3
2021-12-20 06:00:00+00:00,07314,7.210925905468624,"07222,07240,07335",3
2021-12-20 12:00:00+00:00,07314,7.703685635334985,"07222,07240,07335",3
2021-12-20 15:00:00+00:00,07643,7.644570598533915,"07650,07747,07577",3
2021-12-21 06:00:00+00:00,07314,4.759503727722185,"07222,07240,07335",3
2021-12-21 12:00:00+00:00,07314,7.752088759366183,"07222,07240,07335",3
2021-12-21 18:00:00+00:00,07314,6.159852947886559,"07222,07240,07335",3
2021-12-21 21:00:00+00:00,07314,5.177681823696941,"07222,07240,07335",3
2021-12-22 03:00:00+00:00,07314,4.184180937203065,"07222,07240,07335",3
2021-12-22 06:00:00+00:00,07314,3.9564698834978396,"07222,07240,07335",3
2021-12-22 12:00:00+00:00,07314,5.566400470953545,"07222,07240,07335",3
2021-12-22 15:00:00+00:00,07314,6.34871321906988,"07222,07240,07335",3
2021-12-22 21:00:00+00:00,07314,5.238874431407158,"07222,07240,07335",3
2021-12-23 00:00:00+00:00,07314,5.520660469292757,"07222,07240,07335",3
2021-12-23 03:00:00+00:00,07314,7.3171102209725785,"07222,07240,07335",3
2021-12-23 09:00:00+00:00,07314,9.580410779399607,"07222,07240,07335",3
2021-12-23 18:00:00+00:00,07117,11.367607745983427,"07020,07110,07027",3
2021-12-23 18:00:00+00:00,07314,12.007898318865585,"07222,07240,07335",3
2021-12-23 21:00:00+00:00,07314,12.437562868859292,"07222,07240,07335",3
2021-12-24 00:00:00+00:00,07314,12.186417782343476,"07222,07240,07335",3
2021-12-24 06:00:00+00:00,07314,11.695775071036367,"07222,07240,07335",3
2021-12-24 09:00:00+00:00,07314,11.074130318707184,"07222,07240,07335",3
2021-12-24 21:00:00+00:00,07627,6.488313152324301,"07621,07630,07607",3
2021-12-25 00:00:00+00:00,07314,11.760280157951541,"07222,07240,07335",3
2021-12-25 03:00:00+00:00,07314,11.390997851127885,"07222,07240,07335",3
2021-12-25 09:00:00+00:00,07314,11.104542865686042,"07222,07240,07335",3
2021-12-25 12:00:00+00:00,07314,12.47944428750401,"07222,07240,07335",3
2021-12-25 15:00:00+00:00,07314,12.86761683094948,"07222,07240,07335",3
2021-12-25 18:00:00+00:00,07314,12.221624428246066,"07222,07240,07335",3
2021-12-25 21:00:00+00:00,07314,12.368410732731899,"07222,07240,07335",3
2021-12-26 03:00:00+00:00,07314,12.462760364470789,"07222,07240,07335",3
2021-12-26 09:00:00+00:00,07314,12.563260563484658,"07222,07240,07335",3
2021-12-26 12:00:00+00:00,07314,13.61116809157327,"07222,07240,07335",3
2021-12-26 18:00:00+00:00,07314,12.863140431446007,"07222,07240,07335",3
2021-12-27 00:00:00+00:00,07627,7.735954772342502,"07621,07630,07607",3
2021-12-27 03:00:00+00:00,07314,12.28179222501931,"07222,07240,07335",3
2021-12-27 06:00:00+00:00,07627,9.809671757272783,"07621,07630,07607",3
2021-12-27 09:00:00+00:00,07314,13.541219548899823,"07222,07240,07335",3
2021-12-27 09:00:00+00:00,07627,9.84876134679235,"07621,07630,07607",3
2021-12-27 12:00:00+00:00,07314,14.617843557851744,"07222,07240,07335",3
2021-12-27 12:00:00+00:00,07627,13.725765695485938,"07621,07630,07607",3
2021-12-27 15:00:00+00:00,07314,14.114004368416033,"07222,07240,07335",3
2021-12-27 18:00:00+00:00,07314,13.314475551449425,"07222,07240,07335",3
2021-12-27 21:00:00+00:00,07314,13.619820773513087,"07222,07240,07335",3
2021-12-28 00:00:00+00:00,07481,8.996044797596033,"07280,07460,07577",3
2021-12-28 00:00:00+00:00,07314,14.311974130320966,"07222,07240,07335",3
2021-12-28 03:00:00+00:00,07314,14.257899146140591,"07222,07240,07335",3
2021-12-28 06:00:00+00:00,07314,13.976430807675237,"07222,07240,07335",3
2021-12-28 21:00:00+00:00,07314,13.937180971053722,"07222,07240,07335",3
2021-12-29 03:00:00+00:00,07314,14.500059893302248,"07222,07240,07335",3
2021-12-29 06:00:00+00:00,07314,14.59553758900153,"07222,07240,07335",3
2021-12-29 09:00:00+00:00,07314,14.76785304651317,"07222,07240,07335",3
2021-12-29 12:00:00+00:00,07314,14.984359489281568,"07222,07240,07335",3
2021-12-30 15:00:00+00:00,07181,13.985888399928607,"07168,07280,07190",3
2021-12-31 09:00:00+00:00,07627,9.725583300786207,"07621,07630,07607",3
2022-01-01 00:00:00+00:00,07627,7.459959892953282,"07621,07630,07607",3
2022-01-01 03:00:00+00:00,07627,4.752281464835892,"07621,07630,07607",3
2022-01-01 09:00:00+00:00,07181,4.808141641676274,"07168,07280,07190",3
2022-01-01 09:00:00+00:00,07643,8.585899266948871,"07650,07747,07577",3
2022-01-01 18:00:00+00:00,07627,9.35024228263718,"07621,07630,07607",3
2022-01-01 21:00:00+00:00,07627,7.029675479559369,"07621,07630,07607",3
2022-01-02 00:00:00+00:00,07627,8.35299665550459,"07621,07630,07607",3
2022-01-02 03:00:00+00:00,07627,5.078623854397143,"07621,07630,07607",3
2022-01-02 06:00:00+00:00,07627,6.637586910997844,"07621,07630,07607",3
2022-01-02 09:00:00+00:00,07627,10.808563644653729,"07621,07630,07607",3
2022-01-02 12:00:00+00:00,07627,13.495677921701548,"07621,07630,07607",3
2022-01-02 15:00:00+00:00,07627,15.324554570631571,"07621,07630,07607",3
2022-01-02 18:00:00+00:00,07627,8.787655203769402,"07621,07630,07607",3
2022-01-03 09:00:00+00:00,07037,10.280604976568855,"07005,07139,07149",3
2022-01-03 12:00:00+00:00,07037,10.88575142538762,"07005,07139,07149",3
2022-01-05 06:00:00+00:00,07643,8.891175352545183,"07650,07747,07577",3
2022-01-05 12:00:00+00:00,07314,10.044884622849475,"07222,07240,07335",3
2022-01-05 15:00:00+00:00,07314,10.216197167768197,"07222,07240,07335",3
2022-01-06 12:00:00+00:00,07335,4.20082219559132,"07240,07255,07222",3
2022-01-07 12:00:00+00:00,07117,9.653389010326082,"07020,07110,07027",3
2022-01-07 15:00:00+00:00,07117,8.738249283478627,"07020,07110,07027",3
2022-01-07 18:00:00+00:00,07117,10.297196644475571,"07020,07110,07027",3
2022-01-07 21:00:00+00:00,07117,9.812730251028412,"07020,07110,07027",3
2022-01-08 00:00:00+00:00,07117,10.041649476155655,"07020,07110,07027",3
2022-01-08 03:00:00+00:00,07117,9.619529995608662,"07020,07110,07027",3
2022-01-08 06:00:00+00:00,07117,10.69189260470013,"07020,07110,07027",3
2022-01-08 09:00:00+00:00,07117,10.778908776264078,"07020,07110,07027",3
2022-01-08 09:00:00+00:00,07314,11.609178461667806,"07222,07240,07335",3
2022-01-08 12:00:00+00:00,07117,10.879115284477015,"07020,07110,07027",3
2022-01-08 15:00:00+00:00,07117,9.405930599162142,"07020,07110,07027",3
2022-01-08 18:00:00+00:00,07117,9.280437239603765,"07020,07110,07027",3
2022-01-08 18:00:00+00:00,07314,12.068280562035637,"07222,07240,07335",3
2022-01-08 21:00:00+00:00,07117,8.63255973941239,"07020,07110,07027",3
2022-01-12 15:00:00+00:00,07314,9.110238861465586,"07222,07240,07335",3
2022-01-13 12:00:00+00:00,07314,8.30086190191346,"07222,07240,07335",3
2022-01-14 03:00:00+00:00,07314,5.072069826339105,"07222,07240,07335",3
2022-01-14 12:00:00+00:00,07314,5.316679249474362,"07222,07240,07335",3
2022-01-14 15:00:00+00:00,07314,6.360307242103186,"07222,07240,07335",3
2022-01-16 00:00:00+00:00,07314,4.835249281912288,"07222,07240,07335",3
2022-01-16 06:00:00+00:00,07314,5.033765147628356,"07222,07240,07335",3
2022-01-16 12:00:00+00:00,07314,6.78346766906352,"07222,07240,07335",3
2022-01-17 00:00:00+00:00,07299,-0.7686790675315911,"07190,07280,07181",3
2022-01-17 00:00:00+00:00,07314,7.464998375083843,"07222,07240,07335",3
2022-01-17 03:00:00+00:00,07314,8.211897971250716,"07222,07240,07335",3
2022-01-17 06:00:00+00:00,07181,0.33049198463941,"07168,07280,07190",3
2022-01-17 06:00:00+00:00,07314,8.435293633158036,"07222,07240,07335",3
2022-01-17 09:00:00+00:00,07181,1.0862651346073897,"07168,07280,07190",3
2022-01-17 09:00:00+00:00,07314,8.327268816164729,"07222,07240,07335",3
2022-01-17 12:00:00+00:00,07314,8.813242579915592,"07222,07240,07335",3
2022-01-17 15:00:00+00:00,07314,9.096031530394118,"07222,07240,07335",3
2022-01-18 00:00:00+00:00,07181,2.6576689406078042,"07168,07280,07190",3
2022-01-18 03:00:00+00:00,07181,2.319489142444075,"07168,07280,07190",3
2022-01-18 09:00:00+00:00,07314,7.909023323504659,"07222,07240,07335",3
2022-01-18 18:00:00+00:00,07627,0.3981289253596181,"07621,07630,07607",3
2022-01-18 18:00:00+00:00,07643,4.791710023018717,"07650,07747,07577",3
2022-01-18 21:00:00+00:00,07627,0.24911395611203657,"07621,07630,07607",3
2022-01-19 03:00:00+00:00,07627,1.093925358324844,"07621,07630,07607",3
2022-01-19 06:00:00+00:00,07314,7.913759667746232,"07222,07240,07335",3
2022-01-19 06:00:00+00:00,07627,1.4157553000271241,"07621,07630,07607",3
2022-01-19 18:00:00+00:00,07314,8.850419194665934,"07222,07240,07335",3
2022-01-20 00:00:00+00:00,07314,8.355792748975265,"07222,07240,07335",3
2022-01-20 06:00:00+00:00,07314,8.306283459327705,"07222,07240,07335",3
2022-01-20 09:00:00+00:00,07314,7.954024673301559,"07222,07240,07335",3
2022-01-20 12:00:00+00:00,07314,10.67928300251958,"07222,07240,07335",3
2022-01-20 15:00:00+00:00,07314,10.649895266477666,"07222,07240,07335",3
2022-01-20 18:00:00+00:00,07314,9.751540418268705,"07222,07240,07335",3
2022-01-21 00:00:00+00:00,07314,6.821047653904443,"07222,07240,07335",3
2022-01-21 03:00:00+00:00,07314,5.509765617426226,"07222,07240,07335",3
2022-01-21 06:00:00+00:00,07314,5.687613825725504,"07222,07240,07335",3
2022-01-21 09:00:00+00:00,07481,1.615909347582877,"07280,07460,07577",3
2022-01-21 15:00:00+00:00,07314,9.643058792493616,"07222,07240,07335",3
2022-01-21 18:00:00+00:00,07314,8.372780413434647,"07222,07240,07335",3
2022-01-21 21:00:00+00:00,07314,6.148183587818011,"07222,07240,07335",3
2022-01-22 00:00:00+00:00,07314,5.188989687657203,"07222,07240,07335",3
2022-01-22 06:00:00+00:00,07314,3.6101429023589673,"07222,07240,07335",3
2022-01-22 09:00:00+00:00,07314,5.678629486371362,"07222,07240,07335",3
2022-01-22 12:00:00+00:00,07314,8.42139004351272,"07222,07240,07335",3
2022-01-22 15:00:00+00:00,07314,8.73150746615607,"07222,07240,07335",3
2022-01-22 18:00:00+00:00,07314,8.444824076323322,"07222,07240,07335",3
2022-01-22 21:00:00+00:00,07314,8.133614446057702,"07222,07240,07335",3
2022-01-23 03:00:00+00:00,07314,7.539615865313557,"07222,07240,07335",3
2022-01-23 09:00:00+00:00,07314,7.173328338274617,"07222,07240,07335",3
2022-01-23 12:00:00+00:00,07314,7.7596631916777925,"07222,07240,07335",3
2022-01-23 18:00:00+00:00,07314,7.172200274314218,"07222,07240,07335",3
2022-01-23 21:00:00+00:00,07314,7.189519596187923,"07222,07240,07335",3
2022-01-24 03:00:00+00:00,07314,6.057360881680905,"07222,07240,07335",3
2022-01-24 09:00:00+00:00,07314,5.473474704251298,"07222,07240,07335",3
2022-01-24 12:00:00+00:00,07314,6.177400674151175,"07222,07240,07335",3
2022-01-24 18:00:00+00:00,07314,6.289548334889585,"07222,07240,07335",3
2022-01-24 21:00:00+00:00,07314,5.3224762609910155,"07222,07240,07335",3
2022-01-24 21:00:00+00:00,07627,0.31462723355913447,"07621,07630,07607",3
2022-01-25 00:00:00+00:00,07314,4.727578020677353,"07222,07240,07335",3
2022-01-25 00:00:00+00:00,07627,0.15778988586715903,"07621,07630,07607",3
2022-01-25 03:00:00+00:00,07015,-1.948895188869762,"07005,07037,07149",3
2022-01-25 03:00:00+00:00,07314,4.22583395145688,"07222,07240,07335",3
2022-01-25 03:00:00+00:00,07643,1.6856840416948993,"07650,07747,07577",3
2022-01-25 06:00:00+00:00,07627,-2.724823871953223,"07621,07630,07607",3
2022-01-25 12:00:00+00:00,07314,5.778377075527247,"07222,07240,07335",3
2022-01-25 15:00:00+00:00,07314,6.970201279684446,"07222,07240,07335",3
2022-01-25 21:00:00+00:00,07314,6.067916135783136,"07222,07240,07335",3
2022-01-26 00:00:00+00:00,07314,5.969090104540793,"07222,07240,07335",3
2022-01-26 03:00:00+00:00,07314,5.677420067731568,"07222,07240,07335",3
2022-01-26 06:00:00+00:00,07314,5.2962618947924875,"07222,07240,07335",3
2022-01-26 09:00:00+00:00,07314,4.872358499977326,"07222,07240,07335",3
2022-01-26 09:00:00+00:00,07643,4.400529296522509,"07650,07747,07577",3
2022-01-26 12:00:00+00:00,07314,4.906451039913613,"07222,07240,07335",3
2022-01-26 15:00:00+00:00,07314,5.134936601820857,"07222,07240,07335",3
2022-01-26 18:00:00+00:00,07314,5.23096040133126,"07222,07240,07335",3
2022-01-26 21:00:00+00:00,07314,4.80348026658212,"07222,07240,07335",3
2022-01-27 00:00:00+00:00,07314,4.766621351252012,"07222,07240,07335",3
2022-01-27 09:00:00+00:00,07314,5.5466998697915875,"07222,07240,07335",3
2022-01-27 09:00:00+00:00,07643,5.409983268328602,"07650,07747,07577",3
2022-01-27 12:00:00+00:00,07314,7.466851132914076,"07222,07240,07335",3
2022-01-27 18:00:00+00:00,07314,7.337626512686936,"07222,07240,07335",3
2022-01-27 21:00:00+00:00,07314,7.454989224792746,"07222,07240,07335",3
2022-01-28 00:00:00+00:00,07005,5.346399930115061,"07037,07015,07027",3
2022-01-28 00:00:00+00:00,07314,7.668500887776419,"07222,07240,07335",3
2022-01-28 03:00:00+00:00,07314,7.941405839331297,"07222,07240,07335",3
2022-01-28 06:00:00+00:00,07314,8.218205230240388,"07222,07240,07335",3
2022-01-28 09:00:00+00:00,07314,8.909480825822794,"07222,07240,07335",3
2022-01-28 15:00:00+00:00,07314,11.171460772236648,"07222,07240,07335",3
2022-01-28 21:00:00+00:00,07314,9.975025375205359,"07222,07240,07335",3
2022-01-29 00:00:00+00:00,07314,9.486160084693246,"07222,07240,07335",3
2022-01-29 09:00:00+00:00,07314,9.579417508809838,"07222,07240,07335",3
2022-01-29 12:00:00+00:00,07314,10.579011207896595,"07222,07240,07335",3
2022-01-30 00:00:00+00:00,07314,10.489751476157643,"07222,07240,07335",3
2022-01-30 03:00:00+00:00,07314,10.319884694619573,"07222,07240,07335",3
2022-01-30 06:00:00+00:00,07314,10.156781980852955,"07222,07240,07335",3
2022-01-30 09:00:00+00:00,07314,10.497768759256987,"07222,07240,07335",3
2022-01-30 15:00:00+00:00,07314,11.86442449358471,"07222,07240,07335",3
2022-01-30 18:00:00+00:00,07314,11.099431067342094,"07222,07240,07335",3
2022-01-30 21:00:00+00:00,07314,10.772347878583387,"07222,07240,07335",3
2022-01-31 00:00:00+00:00,07314,10.18088726884217,"07222,07240,07335",3
2022-01-31 06:00:00+00:00,07314,10.730591611306139,"07222,07240,07335",3
2022-01-31 09:00:00+00:00,07314,10.877060216371728,"07222,07240,07335",3
2022-01-31 12:00:00+00:00,07314,12.334967549630196,"07222,07240,07335",3
2022-01-31 15:00:00+00:00,07314,11.441635204735842,"07222,07240,07335",3
2022-01-31 18:00:00+00:00,07314,10.13347309940982,"07222,07240,07335",3
2022-01-31 21:00:00+00:00,07314,8.736494113132549,"07222,07240,07335",3
2022-02-01 03:00:00+00:00,07314,7.438466309465092,"07222,07240,07335",3
2022-02-01 09:00:00+00:00,07314,10.196325916897479,"07222,07240,07335",3
2022-02-01 15:00:00+00:00,07314,12.310987413008458,"07222,07240,07335",3
2022-02-01 18:00:00+00:00,07314,12.13632653254665,"07222,07240,07335",3
2022-02-01 21:00:00+00:00,07314,11.919945241145726,"07222,07240,07335",3
2022-02-02 03:00:00+00:00,07314,11.287641981690847,"07222,07240,07335",3
2022-02-02 09:00:00+00:00,07314,10.938673776525622,"07222,07240,07335",3
2022-02-02 12:00:00+00:00,07314,11.719437508237883,"07222,07240,07335",3
2022-02-02 21:00:00+00:00,07314,10.437350659748803,"07222,07240,07335",3
2022-02-03 03:00:00+00:00,07314,9.567998451476209,"07222,07240,07335",3
2022-02-03 09:00:00+00:00,07314,8.938940274540965,"07222,07240,07335",3
2022-02-03 12:00:00+00:00,07314,10.306745971173132,"07222,07240,07335",3
2022-02-04 00:00:00+00:00,07314,10.48700699910786,"07222,07240,07335",3
2022-02-04 09:00:00+00:00,07314,10.923346321843681,"07222,07240,07335",3
2022-02-04 15:00:00+00:00,07130,9.40884668236679,"07222,07139,07027",3
2022-02-04 15:00:00+00:00,07314,12.83597296698676,"07222,07240,07335",3
2022-02-04 18:00:00+00:00,07314,10.01006738904336,"07222,07240,07335",3
2022-02-05 12:00:00+00:00,07314,11.677363541540371,"07222,07240,07335",3
2022-02-05 15:00:00+00:00,07314,12.702575688682291,"07222,07240,07335",3
2022-02-05 18:00:00+00:00,07314,9.256332012428786,"07222,07240,07335",3
2022-02-06 03:00:00+00:00,07314,9.523918659592841,"07222,07240,07335",3
2022-02-06 06:00:00+00:00,07314,10.727140022739633,"07222,07240,07335",3
2022-02-06 12:00:00+00:00,07314,12.851707416118275,"07222,07240,07335",3
2022-02-08 06:00:00+00:00,07643,2.986135020776863,"07650,07747,07577",3
2022-02-09 21:00:00+00:00,07643,7.74028304272575,"07650,07747,07577",3
2022-02-10 00:00:00+00:00,07314,8.989027208346844,"07222,07240,07335",3
2022-02-11 15:00:00+00:00,07643,13.275373386013458,"07650,07747,07577",3
2022-02-13 09:00:00+00:00,07314,8.017187249859518,"07222,07240,07335",3
2022-02-13 18:00:00+00:00,07643,11.706367434659356,"07650,07747,07577",3
2022-02-14 09:00:00+00:00,07761,11.117584164805919,"07790,07690,07650",3
2022-02-14 12:00:00+00:00,07577,9.24498483689139,"07481,07650,07280",3
2022-02-14 15:00:00+00:00,07577,10.019325340552907,"07481,07650,07280",3
2022-02-14 18:00:00+00:00,07577,8.449267218897358,"07481,07650,07280",3
2022-02-15 09:00:00+00:00,07643,9.394443193956208,"07650,07747,07577",3
2022-02-16 15:00:00+00:00,07627,12.382631334018065,"07621,07630,07607",3
2022-02-16 21:00:00+00:00,07314,13.64023812819495,"07222,07240,07335",3
2022-02-16 21:00:00+00:00,07627,11.078721532458339,"07621,07630,07607",3
2022-02-17 00:00:00+00:00,07314,13.821434672037292,"07222,07240,07335",3
2022-02-17 00:00:00+00:00,07627,10.73019796205137,"07621,07630,07607",3
2022-02-17 03:00:00+00:00,07314,13.856073315784721,"07222,07240,07335",3
2022-02-17 03:00:00+00:00,07627,10.717433886723791,"07621,07630,07607",3
2022-02-17 06:00:00+00:00,07627,10.802933909320398,"07621,07630,07607",3
2022-02-17 15:00:00+00:00,07005,11.532477894509192,"07037,07015,07027",3
2022-02-17 18:00:00+00:00,07314,13.578727821064488,"07222,07240,07335",3
2022-02-19 18:00:00+00:00,07314,11.300713308451982,"07222,07240,07335",3
2022-02-19 21:00:00+00:00,07314,11.211121919298696,"07222,07240,07335",3
2022-02-20 03:00:00+00:00,07643,8.760611980144356,"07650,07747,07577",3
2022-02-20 09:00:00+00:00,07314,12.706049175592845,"07222,07240,07335",3
2022-02-22 09:00:00+00:00,07117,11.444409624987944,"07020,07110,07027",3
2022-02-22 09:00:00+00:00,07314,11.505911887260115,"07222,07240,07335",3
2022-02-22 18:00:00+00:00,07314,12.658384703425565,"07222,07240,07335",3
2022-02-23 00:00:00+00:00,07314,11.886855613802375,"07222,07240,07335",3
2022-02-23 06:00:00+00:00,07314,10.595045774095237,"07222,07240,07335",3
2022-02-24 06:00:00+00:00,07181,4.319551125440953,"07168,07280,07190",3
2022-02-24 09:00:00+00:00,07181,7.229695883304297,"07168,07280,07190",3
2022-02-24 12:00:00+00:00,07181,11.02821738723913,"07168,07280,07190",3
2022-02-24 21:00:00+00:00,07181,3.6762886055370623,"07168,07280,07190",3
2022-02-24 21:00:00+00:00,07643,10.603999371567964,"07650,07747,07577",3
2022-02-26 12:00:00+00:00,07314,12.502193107141917,"07222,07240,07335",3
2022-02-26 15:00:00+00:00,07314,13.521326399685057,"07222,07240,07335",3
2022-02-26 18:00:00+00:00,07314,11.28699262485627,"07222,07240,07335",3
2022-02-26 21:00:00+00:00,07314,9.503868818663449,"07222,07240,07335",3
2022-02-27 00:00:00+00:00,07314,8.136962781600767,"07222,07240,07335",3
2022-02-27 15:00:00+00:00,07314,14.764790870043152,"07222,07240,07335",3
2022-02-27 21:00:00+00:00,07558,7.427508576127003,"07630,07434,07535",3
2022-02-28 03:00:00+00:00,07181,-2.480993574552912,"07168,07280,07190",3
2022-02-28 06:00:00+00:00,07314,6.924935669158537,"07222,07240,07335",3
2022-02-28 09:00:00+00:00,07181,2.6919373309410375,"07168,07280,07190",3
2022-02-28 15:00:00+00:00,07181,10.744582403283804,"07168,07280,07190",3
2022-02-28 15:00:00+00:00,07314,16.25189339129075,"07222,07240,07335",3
2022-02-28 18:00:00+00:00,07181,4.551427901388763,"07168,07280,07190",3
2022-03-01 00:00:00+00:00,07627,4.208197521715769,"07621,07630,07607",3
2022-03-01 03:00:00+00:00,07558,1.8265343710878732,"07630,07434,07535",3
2022-03-01 03:00:00+00:00,07627,1.6032715440939451,"07621,07630,07607",3
2022-03-01 06:00:00+00:00,07314,9.907104556061821,"07222,07240,07335",3
2022-03-01 06:00:00+00:00,07627,0.3203292547552077,"07621,07630,07607",3
2022-03-01 09:00:00+00:00,07627,8.969213737242725,"07621,07630,07607",3
2022-03-01 12:00:00+00:00,07117,11.56783560101585,"07020,07110,07027",3
2022-03-01 12:00:00+00:00,07627,15.265576167127096,"07621,07630,07607",3
2022-03-01 15:00:00+00:00,07627,15.585898161569018,"07621,07630,07607",3
2022-03-01 18:00:00+00:00,07110,11.969530604994182,"07130,07117,07027",3
2022-03-01 18:00:00+00:00,07020,11.84211958961214,"07117,07027,07005",3
2022-03-01 18:00:00+00:00,07314,14.084388227983228,"07222,07240,07335",3
2022-03-01 18:00:00+00:00,07627,11.477076341628726,"07621,07630,07607",3
2022-03-01 21:00:00+00:00,07110,10.599987985552348,"07130,07117,07027",3
2022-03-01 21:00:00+00:00,07314,12.905464700878428,"07222,07240,07335",3
2022-03-01 21:00:00+00:00,07627,7.288001625961874,"07621,07630,07607",3
2022-03-02 00:00:00+00:00,07110,9.898436623004715,"07130,07117,07027",3
2022-03-02 00:00:00+00:00,07627,5.872327422125053,"07621,07630,07607",3
2022-03-02 03:00:00+00:00,07110,9.340191571326377,"07130,07117,07027",3
2022-03-02 03:00:00+00:00,07314,11.40270306753456,"07222,07240,07335",3
2022-03-02 03:00:00+00:00,07627,5.801075326828799,"07621,07630,07607",3
2022-03-02 06:00:00+00:00,07110,8.85993783556556,"07130,07117,07027",3
2022-03-02 06:00:00+00:00,07627,7.606582771590251,"07621,07630,07607",3
2022-03-02 09:00:00+00:00,07314,11.423894930418463,"07222,07240,07335",3
2022-03-02 09:00:00+00:00,07627,10.22651700082531,"07621,07630,07607",3
2022-03-02 12:00:00+00:00,07627,11.032679213893987,"07621,07630,07607",3
2022-03-02 15:00:00+00:00,07314,13.706188978490736,"07222,07240,07335",3
2022-03-02 15:00:00+00:00,07627,9.949441630614743,"07621,07630,07607",3
2022-03-02 18:00:00+00:00,07117,11.080215179031013,"07020,07110,07027",3
2022-03-02 18:00:00+00:00,07627,8.308129416326729,"07621,07630,07607",3
2022-03-02 21:00:00+00:00,07117,10.366175346737585,"07020,07110,07027",3
2022-03-02 21:00:00+00:00,07627,7.446274635051468,"07621,07630,07607",3
2022-03-03 00:00:00+00:00,07117,10.222753216878907,"07020,07110,07027",3
2022-03-03 00:00:00+00:00,07627,5.650441535219872,"07621,07630,07607",3
2022-03-03 03:00:00+00:00,07117,9.283827404462713,"07020,07110,07027",3
2022-03-03 03:00:00+00:00,07627,4.288178684080026,"07621,07630,07607",3
2022-03-03 06:00:00+00:00,07117,9.163853701795095,"07020,07110,07027",3
2022-03-03 06:00:00+00:00,07314,11.250679813337324,"07222,07240,07335",3
2022-03-03 06:00:00+00:00,07627,3.1038686071781365,"07621,07630,07607",3
2022-03-03 09:00:00+00:00,07117,10.168941846313349,"07020,07110,07027",3
2022-03-03 09:00:00+00:00,07627,8.024567605319577,"07621,07630,07607",3
2022-03-03 12:00:00+00:00,07117,11.43958797979885,"07020,07110,07027",3
2022-03-03 12:00:00+00:00,07314,13.32159317497925,"07222,07240,07335",3
2022-03-04 00:00:00+00:00,07314,11.094569571733054,"07222,07240,07335",3
2022-03-04 21:00:00+00:00,07314,9.857358921673418,"07222,07240,07335",3
2022-03-05 00:00:00+00:00,07314,9.65639437998376,"07222,07240,07335",3
2022-03-05 06:00:00+00:00,07314,7.315755454274488,"07222,07240,07335",3
2022-03-05 06:00:00+00:00,07643,5.90387118564743,"07650,07747,07577",3
2022-03-05 12:00:00+00:00,07117,8.383193618647471,"07020,07110,07027",3
2022-03-05 18:00:00+00:00,07314,10.76223547526886,"07222,07240,07335",3
2022-03-05 21:00:00+00:00,07314,10.177221233878855,"07222,07240,07335",3
2022-03-06 00:00:00+00:00,07314,9.945615740819418,"07222,07240,07335",3
2022-03-06 12:00:00+00:00,07314,10.913690727310936,"07222,07240,07335",3
2022-03-06 15:00:00+00:00,07314,11.268330792625346,"07222,07240,07335",3
2022-03-06 15:00:00+00:00,07643,12.537849176731171,"07650,07747,07577",3
2022-03-06 18:00:00+00:00,07314,9.811958517776889,"07222,07240,07335",3
2022-03-07 03:00:00+00:00,07314,5.558907393321333,"07222,07240,07335",3
2022-03-08 15:00:00+00:00,07314,13.59068504185932,"07222,07240,07335",3
2022-03-08 18:00:00+00:00,07314,12.25588761789109,"07222,07240,07335",3
2022-03-08 21:00:00+00:00,07117,8.886199198131328,"07020,07110,07027",3
2022-03-08 21:00:00+00:00,07314,10.33730726951671,"07222,07240,07335",3
2022-03-09 00:00:00+00:00,07117,8.545772527224484,"07020,07110,07027",3
2022-03-09 03:00:00+00:00,07117,8.382106973640266,"07020,07110,07027",3
2022-03-09 09:00:00+00:00,07314,10.807761030532868,"07222,07240,07335",3
2022-03-09 09:00:00+00:00,07643,12.289693690332825,"07650,07747,07577",3
2022-03-09 12:00:00+00:00,07314,14.482297720640851,"07222,07240,07335",3
2022-03-09 15:00:00+00:00,07314,15.362205183015696,"07222,07240,07335",3
2022-03-09 18:00:00+00:00,07314,13.95569575357313,"07222,07240,07335",3
2022-03-09 21:00:00+00:00,07314,12.468011272176279,"07222,07240,07335",3
2022-03-10 21:00:00+00:00,07314,10.939130585307417,"07222,07240,07335",3
2022-03-11 09:00:00+00:00,07314,12.783218594819548,"07222,07240,07335",3
2022-03-12 03:00:00+00:00,07314,10.37087560398589,"07222,07240,07335",3
2022-03-12 06:00:00+00:00,07314,9.79275058173482,"07222,07240,07335",3
2022-03-12 09:00:00+00:00,07314,11.695671818012933,"07222,07240,07335",3
2022-03-14 21:00:00+00:00,07643,13.202435494986048,"07650,07747,07577",3
2022-03-15 12:00:00+00:00,07314,15.113405519450025,"07222,07240,07335",3
2022-03-17 00:00:00+00:00,07314,11.410551402578363,"07222,07240,07335",3
2022-03-17 09:00:00+00:00,07314,10.411732211693653,"07222,07240,07335",3
2022-03-17 12:00:00+00:00,07314,11.512940215760603,"07222,07240,07335",3
2022-03-18 03:00:00+00:00,07643,11.639891178740049,"07650,07747,07577",3
2022-03-19 18:00:00+00:00,07314,14.284349857079945,"07222,07240,07335",3
2022-03-20 21:00:00+00:00,07314,13.710961179070424,"07222,07240,07335",3
2022-03-21 00:00:00+00:00,07314,12.369834597768502,"07222,07240,07335",3
2022-03-21 00:00:00+00:00,07643,12.27764554463545,"07650,07747,07577",3
2022-03-21 06:00:00+00:00,07314,10.744598453974909,"07222,07240,07335",3
2022-03-21 09:00:00+00:00,07577,13.982815729013376,"07481,07650,07280",3
2022-03-21 09:00:00+00:00,07314,14.100438379649542,"07222,07240",2
2022-03-21 09:00:00+00:00,07335,12.382918110884567,"07240,07255,07222",3
2022-03-21 12:00:00+00:00,07577,16.88999221845526,"07481,07650,07280",3
2022-03-21 12:00:00+00:00,07643,15.23841071875154,"07650,07747",2
2022-03-21 12:00:00+00:00,07222,16.973858398272917,"07130,07335,07240",3
2022-03-21 15:00:00+00:00,07577,16.70575977435151,"07481,07650,07280",3
2022-03-21 15:00:00+00:00,07434,14.712332760056274,"07535,07335,07255",3
2022-03-21 18:00:00+00:00,07481,13.082185560249311,"07280,07460,07577",3
2022-03-21 18:00:00+00:00,07117,13.19246188789879,"07020,07110,07027",3
2022-03-21 21:00:00+00:00,07577,9.842273910574368,"07481,07650,07280",3
2022-03-22 03:00:00+00:00,07314,10.735068010809613,"07222,07240,07335",3
2022-03-22 03:00:00+00:00,07434,6.643921420586494,"07535,07335,07255",3
2022-03-22 09:00:00+00:00,07577,12.953381224776585,"07481,07650,07280",3
2022-03-22 09:00:00+00:00,07314,13.174032362291365,"07222,07240,07335",3
2022-03-22 09:00:00+00:00,07434,10.621794099205951,"07535,07335,07255",3
2022-03-22 12:00:00+00:00,07577,15.885398475505335,"07481,07650,07280",3
2022-03-22 21:00:00+00:00,07577,9.341221756172494,"07481,07650,07280",3
2022-03-22 21:00:00+00:00,07434,8.92878105761316,"07535,07335,07255",3
2022-03-23 00:00:00+00:00,07577,7.014963206411649,"07481,07650,07280",3
2022-03-23 03:00:00+00:00,07577,5.022239429045796,"07481,07650,07280",3
2022-03-23 03:00:00+00:00,07434,4.662598014633123,"07535,07335,07255",3
2022-03-24 15:00:00+00:00,07314,18.738500316595765,"07222,07240,07335",3
2022-03-25 06:00:00+00:00,07314,9.106832771240368,"07222,07240,07335",3
2022-03-26 00:00:00+00:00,07314,13.018261718451402,"07222,07240,07335",3
2022-03-26 15:00:00+00:00,07314,19.3108641836683,"07222,07240,07335",3
2022-03-26 18:00:00+00:00,07314,17.738028856283528,"07222,07240,07335",3
2022-03-27 00:00:00+00:00,07314,12.511687693969087,"07222,07240,07335",3
2022-03-27 03:00:00+00:00,07314,10.924402673127844,"07222,07240,07335",3
2022-03-27 09:00:00+00:00,07117,12.08186936070771,"07020,07110,07027",3
2022-03-27 12:00:00+00:00,07314,18.871758485538663,"07222,07240,07335",3
2022-03-27 15:00:00+00:00,07314,20.038452590769683,"07222,07240,07335",3
2022-03-27 21:00:00+00:00,07314,15.742189793653077,"07222,07240,07335",3
2022-03-28 03:00:00+00:00,07314,10.953862121845981,"07222,07240,07335",3
2022-03-28 09:00:00+00:00,07314,16.038802680750752,"07222,07240,07335",3
2022-03-28 12:00:00+00:00,07314,19.044598148517423,"07222,07240,07335",3
2022-03-28 15:00:00+00:00,07314,19.390446422530466,"07222,07240,07335",3
2022-03-28 18:00:00+00:00,07643,15.995339086546487,"07650,07747,07577",3
2022-03-28 21:00:00+00:00,07314,14.506595556682822,"07222,07240,07335",3
2022-04-02 00:00:00+00:00,07314,6.300856198849847,"07222,07240,07335",3
2022-04-03 15:00:00+00:00,07314,10.65375384949376,"07222,07240,07335",3
2022-04-03 18:00:00+00:00,07314,10.080387069828294,"07222,07240,07335",3
2022-04-04 00:00:00+00:00,07314,5.745547392921976,"07222,07240,07335",3
2022-04-04 06:00:00+00:00,07130,-0.5527644558656939,"07222,07139,07027",3
2022-04-04 06:00:00+00:00,07643,3.1893961731631215,"07650,07747,07577",3
2022-04-04 12:00:00+00:00,07643,12.470252630165735,"07650,07747,07577",3
2022-04-04 21:00:00+00:00,07314,10.80698652233082,"07222,07240,07335",3
2022-04-05 06:00:00+00:00,07117,10.50659594504288,"07020,07110,07027",3
2022-04-05 09:00:00+00:00,07314,12.131679483334441,"07222,07240,07335",3
2022-04-05 12:00:00+00:00,07314,13.372637523036804,"07222,07240,07335",3
2022-04-06 03:00:00+00:00,07314,11.193816555419083,"07222,07240,07335",3
2022-04-07 18:00:00+00:00,07314,13.86451155132773,"07222,07240,07335",3
2022-04-07 21:00:00+00:00,07139,8.978909020092729,"07037,07240,07149",3
2022-04-08 15:00:00+00:00,07314,14.031051895666772,"07222,07240,07335",3
2022-04-08 18:00:00+00:00,07314,11.261249025433639,"07222,07240,07335",3
2022-04-08 21:00:00+00:00,07314,9.172219935371931,"07222,07240,07335",3
2022-04-09 09:00:00+00:00,07314,11.168730253180954,"07222,07240,07335",3
2022-04-09 15:00:00+00:00,07314,14.044830333944612,"07222,07240,07335",3
2022-04-09 21:00:00+00:00,07314,8.836869160778967,"07222,07240,07335",3
2022-04-10 00:00:00+00:00,07314,6.897496003620347,"07222,07240,07335",3
2022-04-10 03:00:00+00:00,07117,4.205567183402593,"07020,07110,07027",3
2022-04-10 06:00:00+00:00,07117,4.459976731787392,"07020,07110,07027",3
2022-04-10 06:00:00+00:00,07314,6.61261193292659,"07222,07240,07335",3
2022-04-10 09:00:00+00:00,07117,10.220845507277973,"07020,07110,07027",3
2022-04-10 12:00:00+00:00,07117,12.641865826758725,"07020,07110,07027",3
2022-04-10 15:00:00+00:00,07117,13.228242966107628,"07020,07110,07027",3
2022-04-10 15:00:00+00:00,07314,15.975868508583678,"07222,07240,07335",3
2022-04-10 18:00:00+00:00,07117,11.625876511552825,"07020,07110,07027",3
2022-04-10 21:00:00+00:00,07117,8.849324297970078,"07020,07110,07027",3
2022-04-10 21:00:00+00:00,07314,12.321350119057925,"07222,07240,07335",3
2022-04-11 00:00:00+00:00,07117,8.903320829929049,"07020,07110,07027",3
2022-04-11 03:00:00+00:00,07117,8.959657502777198,"07020,07110,07027",3
2022-04-11 03:00:00+00:00,07643,9.045455210381279,"07650,07747,07577",3
2022-04-11 09:00:00+00:00,07314,15.369116300498646,"07222,07240,07335",3
2022-04-11 15:00:00+00:00,07643,16.537049583198346,"07650,07747,07577",3
2022-04-13 00:00:00+00:00,07643,11.238623959505171,"07650,07747,07577",3
2022-04-13 06:00:00+00:00,07314,11.375027057255526,"07222,07240,07335",3
2022-04-13 12:00:00+00:00,07139,15.659859717645388,"07037,07240,07149",3
2022-04-14 00:00:00+00:00,07314,13.241657380358722,"07222,07240,07335",3
2022-04-14 03:00:00+00:00,07314,11.781051068391758,"07222,07240,07335",3
2022-04-14 15:00:00+00:00,07314,20.12214371538286,"07222,07240,07335",3
2022-04-15 18:00:00+00:00,07314,19.54567890290923,"07222,07240,07335",3
2022-04-15 18:00:00+00:00,07643,21.12744121523707,"07650,07747,07577",3
2022-04-15 21:00:00+00:00,07314,15.90688702216504,"07222,07240,07335",3
2022-04-16 06:00:00+00:00,07643,15.858347602356945,"07650,07747,07577",3
2022-04-17 00:00:00+00:00,07314,13.25661732128821,"07222,07240,07335",3
2022-04-17 12:00:00+00:00,07314,18.554751843756392,"07222,07240,07335",3
2022-04-18 00:00:00+00:00,07314,12.312661580779983,"07222,07240,07335",3
2022-04-18 09:00:00+00:00,07314,13.8005525682237,"07222,07240,07335",3
2022-04-18 12:00:00+00:00,07314,16.066587961697373,"07222,07240,07335",3
2022-04-18 15:00:00+00:00,07314,17.662172108720036,"07222,07240,07335",3
2022-04-18 15:00:00+00:00,07643,20.781318631207505,"07650,07747,07577",3
2022-04-18 18:00:00+00:00,07314,16.30994416950473,"07222,07240,07335",3
2022-04-19 15:00:00+00:00,07314,15.894612101949976,"07222,07240,07335",3
2022-04-19 18:00:00+00:00,07643,17.341405979709318,"07650,07747,07577",3
2022-04-19 21:00:00+00:00,07314,12.932771274699213,"07222,07240,07335",3
2022-04-20 09:00:00+00:00,07314,13.738607350655501,"07222,07240,07335",3
2022-04-20 15:00:00+00:00,07314,18.0489881838142,"07222,07240,07335",3
2022-04-20 21:00:00+00:00,07314,15.296079367020203,"07222,07240,07335",3
2022-04-21 18:00:00+00:00,07314,18.061217605688014,"07222,07240,07335",3
2022-04-22 00:00:00+00:00,07314,12.518259213687758,"07222,07240,07335",3
2022-04-22 03:00:00+00:00,07314,12.112207286563363,"07222,07240,07335",3
2022-04-22 12:00:00+00:00,07314,18.503022282526146,"07222,07240,07335",3
2022-04-23 03:00:00+00:00,07314,13.636047887764514,"07222,07240,07335",3
2022-04-23 06:00:00+00:00,07314,13.28498456238408,"07222,07240,07335",3
2022-04-23 12:00:00+00:00,07790,19.045869933582644,"07761,07690,07650",3
2022-04-23 12:00:00+00:00,07314,17.095112588044238,"07222,07240,07335",3
2022-04-24 15:00:00+00:00,07314,16.716035577326284,"07222,07240,07335",3
2022-04-24 18:00:00+00:00,07314,14.54988688237006,"07222,07240,07335",3
2022-04-25 03:00:00+00:00,07314,13.3760891116033,"07222,07240,07335",3
2022-04-25 09:00:00+00:00,07314,14.338970945071463,"07222,07240,07335",3
2022-04-25 12:00:00+00:00,07314,15.940830810736614,"07222,07240,07335",3
2022-04-25 15:00:00+00:00,07314,16.108826560459462,"07222,07240,07335",3
2022-04-25 18:00:00+00:00,07314,15.72735068810014,"07222,07240,07335",3
2022-04-25 21:00:00+00:00,07314,13.007728362693186,"07222,07240,07335",3
2022-04-26 12:00:00+00:00,07314,16.54243536413959,"07222,07240,07335",3
2022-04-26 15:00:00+00:00,07314,17.469439296526534,"07222,07240,07335",3
2022-04-26 18:00:00+00:00,07314,16.48417013952877,"07222,07240,07335",3
2022-04-27 15:00:00+00:00,07481,20.8883733442175,"07280,07460,07577",3
2022-04-27 18:00:00+00:00,07314,17.59656085618852,"07222,07240,07335",3
2022-04-27 21:00:00+00:00,07314,15.62968857715631,"07222,07240,07335",3
2022-04-28 06:00:00+00:00,07314,12.796983075103325,"07222,07240,07335",3
2022-04-28 12:00:00+00:00,07314,17.800291773271972,"07222,07240,07335",3
2022-04-28 15:00:00+00:00,07314,18.71393821982474,"07222,07240,07335",3
2022-04-28 18:00:00+00:00,07314,18.01847238381191,"07222,07240,07335",3
2022-04-28 21:00:00+00:00,07255,14.6324994077416,"07240,07335,07149",3
2022-04-29 00:00:00+00:00,07255,11.932490356197281,"07240,07335,07149",3
2022-04-29 03:00:00+00:00,07255,9.912296328550168,"07240,07335,07149",3
2022-04-29 03:00:00+00:00,07434,9.960897944014821,"07535,07335",2
2022-04-29 12:00:00+00:00,07314,18.84088912977797,"07222,07240,07335",3
2022-04-29 18:00:00+00:00,07314,18.744033067383388,"07222,07240,07335",3
2022-04-30 00:00:00+00:00,07314,13.220672023521688,"07222,07240,07335",3
2022-04-30 06:00:00+00:00,07314,10.595945433664752,"07222,07240,07335",3
2022-04-30 15:00:00+00:00,07314,17.47211637689101,"07222,07240,07335",3
2022-04-30 18:00:00+00:00,07314,15.8910493200101,"07222,07240,07335",3
2022-05-01 12:00:00+00:00,07314,17.18941672144183,"07222,07240,07335",3
2022-05-01 15:00:00+00:00,07314,17.99738377395144,"07222,07240,07335",3
2022-05-01 18:00:00+00:00,07314,16.97879658521944,"07222,07240,07335",3
2022-05-02 21:00:00+00:00,07314,14.2790770510304,"07222,07240,07335",3
2022-05-03 03:00:00+00:00,07314,11.69977276341402,"07222,07240,07335",3
2022-05-03 12:00:00+00:00,07314,18.510686009867108,"07222,07240,07335",3
2022-05-04 15:00:00+00:00,07747,22.041566215204085,"07643,07650,07577",3
2022-05-04 18:00:00+00:00,07314,16.675774887761886,"07222,07240,07335",3
2022-05-05 18:00:00+00:00,07643,18.540389994692376,"07650,07747,07577",3
2022-05-05 21:00:00+00:00,07577,13.754997650743066,"07481,07650,07280",3
2022-05-06 00:00:00+00:00,07577,13.037863611875364,"07481,07650,07280",3
2022-05-07 12:00:00+00:00,07643,23.152238711309217,"07650,07747,07577",3
2022-05-08 00:00:00+00:00,07643,15.893559363126878,"07650,07747,07577",3
2022-05-11 03:00:00+00:00,07643,12.614042075766523,"07650,07747,07577",3
2022-05-11 15:00:00+00:00,07222,21.876807502705383,"07130,07335,07240",3
2022-05-12 00:00:00+00:00,07607,14.105642656625054,"07510,07621,07630",3
2022-05-12 03:00:00+00:00,07607,14.50930040610013,"07510,07621,07630",3
2022-05-12 06:00:00+00:00,07607,14.973711121028328,"07510,07621,07630",3
2022-05-12 09:00:00+00:00,07607,17.868968663498507,"07510,07621,07630",3
2022-05-12 12:00:00+00:00,07607,19.62852039411481,"07510,07621,07630",3
2022-05-12 15:00:00+00:00,07607,22.01353892539447,"07510,07621,07630",3
2022-05-12 18:00:00+00:00,07607,20.05815217757235,"07510,07621,07630",3
2022-05-12 21:00:00+00:00,07607,17.158680049760136,"07510,07621,07630",3
2022-05-13 00:00:00+00:00,07607,15.36577114571034,"07510,07621,07630",3
2022-05-13 03:00:00+00:00,07607,14.732888729478066,"07510,07621,07630",3
2022-05-13 06:00:00+00:00,07790,16.516159732103965,"07761,07690,07650",3
2022-05-13 06:00:00+00:00,07607,14.815384905512621,"07510,07621,07630",3
2022-05-13 12:00:00+00:00,07643,24.160524404281944,"07650,07747,07577",3
2022-05-17 15:00:00+00:00,07481,29.99858194128955,"07280,07460,07577",3
2022-05-17 18:00:00+00:00,07314,22.146121614718275,"07222,07240,07335",3
2022-05-18 18:00:00+00:00,07481,28.054583267843086,"07280,07460,07577",3
2022-05-20 06:00:00+00:00,07643,20.57587508093991,"07650,07747,07577",3
2022-05-20 21:00:00+00:00,07630,20.305372206287444,"07535,07558,07607",3
2022-05-21 00:00:00+00:00,07630,17.882319153095967,"07535,07558,07607",3
2022-05-21 03:00:00+00:00,07630,16.475002711196275,"07535,07558,07607",3
2022-05-21 06:00:00+00:00,07630,17.633187283188825,"07535,07558,07607",3
2022-05-21 09:00:00+00:00,07630,25.767841635860183,"07535,07558,07607",3
2022-05-22 15:00:00+00:00,07314,25.01612888288907,"07222,07240,07335",3
2022-05-22 21:00:00+00:00,07335,22.5271240871393,"07240,07255,07222",3
2022-05-23 00:00:00+00:00,07335,17.66385658905951,"07240,07255,07222",3
2022-05-23 03:00:00+00:00,07335,17.204915755097907,"07240,07255,07222",3
2022-05-23 06:00:00+00:00,07335,17.76123295290139,"07240,07255,07222",3
2022-05-24 18:00:00+00:00,07481,17.213649518033144,"07280,07460,07577",3
2022-05-25 21:00:00+00:00,07627,12.756744189591696,"07621,07630,07607",3
2022-05-26 09:00:00+00:00,07627,15.070383908926573,"07621,07630,07607",3
2022-05-29 15:00:00+00:00,07643,26.159403258197514,"07650,07747,07577",3
2022-05-29 21:00:00+00:00,07643,19.94223124256512,"07650,07747,07577",3
2022-05-31 09:00:00+00:00,07005,15.706585743430308,"07037,07015,07027",3
2022-06-01 15:00:00+00:00,07314,22.14499355075788,"07222,07240,07335",3
2022-06-02 00:00:00+00:00,07314,16.89700803276868,"07222,07240,07335",3
2022-06-02 15:00:00+00:00,07314,24.599557558000534,"07222,07240,07335",3
2022-06-03 00:00:00+00:00,07643,19.942697700169653,"07650,07747,07577",3
2022-06-03 15:00:00+00:00,07314,23.737708069363322,"07222,07240,07335",3
2022-06-03 18:00:00+00:00,07314,22.51781674117739,"07222,07240,07335",3
2022-06-03 21:00:00+00:00,07314,18.80790275545806,"07222,07240,07335",3
2022-06-04 00:00:00+00:00,07314,16.76372796548175,"07222,07240,07335",3
2022-06-04 03:00:00+00:00,07314,15.731147892075066,"07222,07240,07335",3
2022-06-04 09:00:00+00:00,07314,20.510330216822425,"07222,07240,07335",3
2022-06-04 12:00:00+00:00,07314,22.91321016117613,"07222,07240,07335",3
2022-06-04 15:00:00+00:00,07314,20.536177069268476,"07222,07240,07335",3
2022-06-04 18:00:00+00:00,07314,19.745279035897653,"07222,07240,07335",3
2022-06-04 21:00:00+00:00,07314,17.753983769455992,"07222,07240,07335",3
2022-06-05 03:00:00+00:00,07314,16.17203895134962,"07222,07240,07335",3
2022-06-05 09:00:00+00:00,07314,17.47298018012239,"07222,07240,07335",3
2022-06-05 12:00:00+00:00,07314,19.229424870984968,"07222,07240,07335",3
2022-06-05 15:00:00+00:00,07314,19.939922360603536,"07222,07240,07335",3
2022-06-05 18:00:00+00:00,07314,18.65408018212181,"07222,07240,07335",3
2022-06-05 18:00:00+00:00,07643,26.757724809507163,"07650,07747,07577",3
2022-06-05 21:00:00+00:00,07314,15.179209320034326,"07222,07240,07335",3
2022-06-06 03:00:00+00:00,07314,14.225709178366738,"07222,07240,07335",3
2022-06-06 06:00:00+00:00,07314,15.367966338194224,"07222,07240,07335",3
2022-06-06 09:00:00+00:00,07314,17.63197400813798,"07222,07240,07335",3
2022-06-06 18:00:00+00:00,07314,16.87055732182934,"07222,07240,07335",3
2022-06-07 06:00:00+00:00,07643,21.17343678144365,"07650,07747,07577",3
2022-06-12 03:00:00+00:00,07643,19.35539555680777,"07650,07747,07577",3
2022-06-13 12:00:00+00:00,07117,17.228613744240327,"07020,07110,07027",3
2022-06-14 09:00:00+00:00,07117,17.318656934821625,"07020,07110,07027",3
2022-06-15 18:00:00+00:00,07037,25.75646635992981,"07005,07139,07149",3
2022-06-15 21:00:00+00:00,07037,19.30250721066593,"07005,07139,07149",3
2022-06-16 00:00:00+00:00,07117,11.469994721156,"07020,07110,07027",3
2022-06-16 00:00:00+00:00,07037,15.523716158191219,"07005,07139,07149",3
2022-06-16 03:00:00+00:00,07037,12.812020627474471,"07005,07139,07149",3
2022-06-16 06:00:00+00:00,07037,16.26181570340526,"07005,07139,07149",3
2022-06-16 09:00:00+00:00,07643,29.098557929241387,"07650,07747,07577",3
2022-06-17 12:00:00+00:00,07643,33.65431968566141,"07650,07747,07577",3
2022-06-18 06:00:00+00:00,07314,21.77161029853317,"07222,07240,07335",3
2022-06-18 15:00:00+00:00,07643,30.849839307259664,"07650,07747,07577",3
2022-06-18 18:00:00+00:00,07117,16.51643503104758,"07020,07110,07027",3
2022-06-18 18:00:00+00:00,07643,28.964831255562938,"07650,07747,07577",3
2022-06-18 21:00:00+00:00,07117,14.594026692722219,"07020,07110,07027",3
2022-06-19 03:00:00+00:00,07117,12.76361305256172,"07020,07110,07027",3
2022-06-19 06:00:00+00:00,07314,17.51123142014191,"07222,07240,07335",3
2022-06-19 15:00:00+00:00,07020,14.39568916338124,"07117,07027,07005",3
2022-06-19 18:00:00+00:00,07020,14.248322972699915,"07117,07027,07005",3
2022-06-19 21:00:00+00:00,07020,14.420513865015414,"07117,07027,07005",3
2022-06-20 00:00:00+00:00,07020,14.384447310532664,"07117,07027,07005",3
2022-06-20 00:00:00+00:00,07643,23.22183533540429,"07650,07747,07577",3
2022-06-20 03:00:00+00:00,07020,14.161236094250787,"07117,07027,07005",3
2022-06-20 06:00:00+00:00,07020,14.082724638727354,"07117,07027,07005",3
2022-06-20 12:00:00+00:00,07117,17.247534386637355,"07020,07110,07027",3
2022-06-21 09:00:00+00:00,07117,16.002498836783857,"07020,07110,07027",3
2022-06-23 03:00:00+00:00,07643,21.20688422102888,"07650,07747,07577",3
2022-06-25 00:00:00+00:00,07643,20.29135386597225,"07650,07747,07577",3
2022-07-02 12:00:00+00:00,07314,22.186064604862445,"07222,07240,07335",3
2022-07-03 18:00:00+00:00,07027,18.30192253734967,"07037,07139,07005",3
2022-07-05 00:00:00+00:00,07558,17.93834429783768,"07630,07434,07535",3
2022-07-06 06:00:00+00:00,07314,15.957842075193252,"07222,07240,07335",3
2022-07-06 09:00:00+00:00,07314,19.95424690269254,"07222,07240,07335",3
2022-07-06 12:00:00+00:00,07314,22.86578203374969,"07222,07240,07335",3
2022-07-07 09:00:00+00:00,07314,19.97636032348997,"07222,07240,07335",3
2022-07-07 21:00:00+00:00,07314,19.617986826526923,"07222,07240,07335",3
2022-07-08 09:00:00+00:00,07577,23.651795571335104,"07481,07650,07280",3
2022-07-08 09:00:00+00:00,07110,19.237675532748938,"07130,07117,07027",3
2022-07-08 12:00:00+00:00,07110,20.648775114662673,"07130,07117,07027",3
2022-07-08 15:00:00+00:00,07577,29.12247897288215,"07481,07650,07280",3
2022-07-09 03:00:00+00:00,07314,16.760012116186218,"07222,07240,07335",3
2022-07-09 12:00:00+00:00,07117,22.18555917078563,"07020,07110,07027",3
2022-07-09 15:00:00+00:00,07117,21.739806101654146,"07020,07110,07027",3
2022-07-09 15:00:00+00:00,07643,32.46755197952734,"07650,07747,07577",3
2022-07-09 18:00:00+00:00,07117,20.084951057862277,"07020,07110,07027",3
2022-07-09 21:00:00+00:00,07117,16.773969163877872,"07020,07110,07027",3
2022-07-10 00:00:00+00:00,07117,14.588067427598059,"07020,07110,07027",3
2022-07-10 03:00:00+00:00,07117,14.40186928432704,"07020,07110,07027",3
2022-07-10 06:00:00+00:00,07117,16.923579518236735,"07020,07110,07027",3
2022-07-10 09:00:00+00:00,07117,20.76109863043378,"07020,07110,07027",3
2022-07-10 12:00:00+00:00,07117,22.68805585658953,"07020,07110,07027",3
2022-07-10 15:00:00+00:00,07117,22.208276921865895,"07020,07110,07027",3
2022-07-10 18:00:00+00:00,07117,20.37170054466914,"07020,07110,07027",3
2022-07-10 21:00:00+00:00,07117,16.15244684952046,"07020,07110,07027",3
2022-07-11 00:00:00+00:00,07280,14.139255946473423,"07181,07299,07190",3
2022-07-11 00:00:00+00:00,07117,15.593322422991035,"07020,07110,07027",3
2022-07-11 03:00:00+00:00,07280,12.340884548186668,"07181,07299,07190",3
2022-07-11 03:00:00+00:00,07117,14.87207700663671,"07020,07110,07027",3
2022-07-11 06:00:00+00:00,07280,17.378955584322558,"07181,07299,07190",3
2022-07-11 06:00:00+00:00,07117,18.298821373836063,"07020,07110,07027",3
2022-07-11 09:00:00+00:00,07117,21.97851832162617,"07020,07110,07027",3
2022-07-13 18:00:00+00:00,07314,28.819492840777762,"07222,07240,07335",3
2022-07-15 06:00:00+00:00,07314,17.4468830249414,"07222,07240,07335",3
2022-07-15 09:00:00+00:00,07314,21.513554094534378,"07222,07240,07335",3
2022-07-16 00:00:00+00:00,07314,18.941603775188682,"07222,07240,07335",3
2022-07-17 15:00:00+00:00,07314,28.50019853072751,"07222,07240,07335",3
2022-07-18 18:00:00+00:00,07314,32.454743837926124,"07222,07240,07335",3
2022-07-19 00:00:00+00:00,07314,24.934540818841036,"07222,07240,07335",3
2022-07-19 00:00:00+00:00,07643,24.420848365175893,"07650,07747,07577",3
2022-07-19 03:00:00+00:00,07314,22.41871680720287,"07222,07240,07335",3
2022-07-19 06:00:00+00:00,07314,21.912702844525768,"07222,07240,07335",3
2022-07-19 09:00:00+00:00,07314,23.52735389552317,"07222,07240,07335",3
2022-07-19 12:00:00+00:00,07314,24.466833236527897,"07222,07240,07335",3
2022-07-19 21:00:00+00:00,07314,20.098701742222325,"07222,07240,07335",3
2022-07-20 03:00:00+00:00,07314,17.962723231859986,"07222,07240,07335",3
2022-07-20 09:00:00+00:00,07314,19.992027375936168,"07222,07240,07335",3
2022-07-20 15:00:00+00:00,07314,22.6452699582537,"07222,07240,07335",3
2022-07-20 21:00:00+00:00,07314,18.341639234872346,"07222,07240,07335",3
2022-07-20 21:00:00+00:00,07643,26.95478855136435,"07650,07747,07577",3
2022-07-21 00:00:00+00:00,07314,17.19513407993229,"07222,07240,07335",3
2022-07-22 00:00:00+00:00,07314,18.508568991307868,"07222,07240,07335",3
2022-07-22 06:00:00+00:00,07314,18.006699770719912,"07222,07240,07335",3
2022-07-22 09:00:00+00:00,07607,23.908002069716694,"07510,07621,07630",3
2022-07-22 12:00:00+00:00,07314,20.201318959795444,"07222,07240,07335",3
2022-07-22 12:00:00+00:00,07607,24.519094556341102,"07510,07621,07630",3
2022-07-22 12:00:00+00:00,07558,26.471906334432784,"07630,07434,07535",3
2022-07-22 15:00:00+00:00,07314,21.771409810130443,"07222,07240,07335",3
2022-07-22 15:00:00+00:00,07607,24.00965174319256,"07510,07621,07630",3
2022-07-22 18:00:00+00:00,07314,21.338096807526505,"07222,07240,07335",3
2022-07-22 18:00:00+00:00,07607,22.61966734766127,"07510,07621,07630",3
2022-07-22 21:00:00+00:00,07314,18.43348675194643,"07222,07240,07335",3
2022-07-22 21:00:00+00:00,07607,19.816145592860195,"07510,07621,07630",3
2022-07-23 00:00:00+00:00,07607,17.30789057266159,"07510,07621,07630",3
2022-07-23 03:00:00+00:00,07607,16.394008054904415,"07510,07621,07630",3
2022-07-23 06:00:00+00:00,07607,17.13111361969369,"07510,07621,07630",3
2022-07-23 09:00:00+00:00,07607,21.119480188949712,"07510,07621,07630",3
2022-07-23 12:00:00+00:00,07314,22.687262570271812,"07222,07240,07335",3
2022-07-23 12:00:00+00:00,07607,24.951972093901432,"07510,07621,07630",3
2022-07-23 15:00:00+00:00,07607,27.53448099555623,"07510,07621,07630",3
2022-07-23 18:00:00+00:00,07607,27.613026662348332,"07510,07621,07630",3
2022-07-23 21:00:00+00:00,07314,19.468197801906435,"07222,07240,07335",3
2022-07-23 21:00:00+00:00,07607,21.67125770621724,"07510,07621,07630",3
2022-07-24 00:00:00+00:00,07607,19.364955479776437,"07510,07621,07630",3
2022-07-24 03:00:00+00:00,07314,15.308130198835315,"07222,07240,07335",3
2022-07-24 03:00:00+00:00,07607,17.776420439728398,"07510,07621,07630",3
2022-07-24 06:00:00+00:00,07314,16.866958683551317,"07222,07240,07335",3
2022-07-24 06:00:00+00:00,07607,19.20147832379739,"07510,07621,07630",3
2022-07-24 09:00:00+00:00,07314,23.650771862230485,"07222,07240,07335",3
2022-07-24 09:00:00+00:00,07607,28.26637068820412,"07510,07621,07630",3
2022-07-24 12:00:00+00:00,07607,33.53842070543455,"07510,07621,07630",3
2022-07-24 15:00:00+00:00,07607,37.073304000684296,"07510,07621,07630",3
2022-07-24 18:00:00+00:00,07607,36.47953902028503,"07510,07621,07630",3
2022-07-24 21:00:00+00:00,07314,21.602384933479698,"07222,07240,07335",3
2022-07-25 06:00:00+00:00,07314,18.318455504796688,"07222,07240,07335",3
2022-07-25 09:00:00+00:00,07314,20.39106493255418,"07222,07240,07335",3
2022-07-25 09:00:00+00:00,07607,23.168381996630643,"07510,07621,07630",3
2022-07-25 12:00:00+00:00,07314,20.74018982943406,"07222,07240,07335",3
2022-07-25 12:00:00+00:00,07643,31.66877743124101,"07650,07747,07577",3
2022-07-25 18:00:00+00:00,07314,21.31624764745812,"07222,07240,07335",3
2022-07-26 00:00:00+00:00,07314,16.010220993258063,"07222,07240,07335",3
2022-07-26 03:00:00+00:00,07314,16.117596453416795,"07222,07240,07335",3
2022-07-26 06:00:00+00:00,07314,16.659901329268813,"07222,07240,07335",3
2022-07-26 12:00:00+00:00,07314,20.769103174341083,"07222,07240,07335",3
2022-07-26 21:00:00+00:00,07314,18.611039159169497,"07222,07240,07335",3
2022-07-27 09:00:00+00:00,07314,19.373583909438544,"07222,07240,07335",3
2022-07-27 12:00:00+00:00,07117,19.307775912484104,"07020,07110,07027",3
2022-07-27 15:00:00+00:00,07117,19.498846675872073,"07020,07110,07027",3
2022-07-27 18:00:00+00:00,07117,18.730359569812734,"07020,07110,07027",3
2022-07-28 15:00:00+00:00,07314,25.079926858287507,"07222,07240,07335",3
2022-07-28 18:00:00+00:00,07314,24.290864000393796,"07222,07240,07335",3
2022-07-28 21:00:00+00:00,07314,20.301473543400917,"07222,07240,07335",3
2022-07-29 12:00:00+00:00,07314,24.195350448356415,"07222,07240,07335",3
2022-07-29 18:00:00+00:00,07314,23.489867521702514,"07222,07240,07335",3
2022-07-30 00:00:00+00:00,07314,17.77371591096516,"07222,07240,07335",3
2022-07-30 09:00:00+00:00,07314,22.14518609881066,"07222,07240,07335",3
2022-07-30 12:00:00+00:00,07314,25.514045909440647,"07222,07240,07335",3
2022-07-30 21:00:00+00:00,07314,20.507063235958746,"07222,07240,07335",3
2022-07-31 00:00:00+00:00,07314,17.878567358115056,"07222,07240,07335",3
2022-07-31 03:00:00+00:00,07314,16.91717508471561,"07222,07240,07335",3
2022-07-31 06:00:00+00:00,07314,17.330773528163455,"07222,07240,07335",3
2022-07-31 12:00:00+00:00,07314,24.68336589363127,"07222,07240,07335",3
2022-07-31 21:00:00+00:00,07314,20.43637604142137,"07222,07240,07335",3
2022-08-01 00:00:00+00:00,07314,18.338680311425755,"07222,07240,07335",3
2022-08-01 03:00:00+00:00,07314,16.59208376314869,"07222,07240,07335",3
2022-08-01 09:00:00+00:00,07314,21.079905810157108,"07222,07240,07335",3
2022-08-01 12:00:00+00:00,07314,24.17408324843727,"07222,07240,07335",3
2022-08-01 15:00:00+00:00,07314,25.677434782280315,"07222,07240,07335",3
2022-08-01 18:00:00+00:00,07314,24.840250643437543,"07222,07240,07335",3
2022-08-01 21:00:00+00:00,07314,20.49420635559443,"07222,07240,07335",3
2022-08-02 00:00:00+00:00,07314,18.594391092474396,"07222,07240,07335",3
2022-08-02 03:00:00+00:00,07314,18.115520994259278,"07222,07240,07335",3
2022-08-02 09:00:00+00:00,07314,23.36865416693056,"07222,07240,07335",3
2022-08-02 12:00:00+00:00,07314,26.386325500812667,"07222,07240,07335",3
2022-08-02 15:00:00+00:00,07761,31.362914282613254,"07790,07690,07650",3
2022-08-03 00:00:00+00:00,07314,20.29378791771593,"07222,07240,07335",3
2022-08-03 03:00:00+00:00,07314,19.051805067076593,"07222,07240,07335",3
2022-08-04 00:00:00+00:00,07314,21.7992843861064,"07222,07240,07335",3
2022-08-04 03:00:00+00:00,07314,20.451689538109214,"07222,07240,07335",3
2022-08-04 06:00:00+00:00,07314,19.955388924647025,"07222,07240,07335",3
2022-08-04 15:00:00+00:00,07761,30.812665017669076,"07790,07690,07650",3
2022-08-04 18:00:00+00:00,07761,28.755421671667563,"07790,07690,07650",3
2022-08-04 18:00:00+00:00,07314,24.06051172266224,"07222,07240,07335",3
2022-08-05 00:00:00+00:00,07314,18.629736847738528,"07222,07240,07335",3
2022-08-05 06:00:00+00:00,07314,16.857007287942352,"07222,07240,07335",3
2022-08-05 09:00:00+00:00,07314,20.16486703891494,"07222,07240,07335",3
2022-08-05 12:00:00+00:00,07643,32.33987321895733,"07650,07747,07577",3
2022-08-06 00:00:00+00:00,07314,17.318544106289686,"07222,07240,07335",3
2022-08-06 09:00:00+00:00,07314,20.227084457562114,"07222,07240,07335",3
2022-08-07 00:00:00+00:00,07314,17.753195303259883,"07222,07240,07335",3
2022-08-07 06:00:00+00:00,07314,16.556088651049976,"07222,07240,07335",3
2022-08-07 09:00:00+00:00,07314,20.505079309116905,"07222,07240,07335",3
2022-08-07 18:00:00+00:00,07117,20.06157191611777,"07020,07110,07027",3
2022-08-07 21:00:00+00:00,07117,15.346340241097911,"07020,07110,07027",3
2022-08-08 00:00:00+00:00,07117,14.404456695110923,"07020,07110,07027",3
2022-08-08 00:00:00+00:00,07314,19.336711036114345,"07222,07240,07335",3
2022-08-08 03:00:00+00:00,07117,13.77461666422152,"07020,07110,07027",3
2022-08-08 03:00:00+00:00,07314,17.86666357601144,"07222,07240,07335",3
2022-08-08 06:00:00+00:00,07117,16.075510784050355,"07020,07110,07027",3
2022-08-08 06:00:00+00:00,07314,17.680480385192602,"07222,07240,07335",3
2022-08-08 15:00:00+00:00,07761,30.337091230514595,"07790,07690,07650",3
2022-08-08 15:00:00+00:00,07643,31.686686114609735,"07650,07747,07577",3
2022-08-08 21:00:00+00:00,07117,17.574026118693325,"07020,07110,07027",3
2022-08-09 00:00:00+00:00,07117,15.52636451375915,"07020,07110,07027",3
2022-08-09 00:00:00+00:00,07643,23.27844148881054,"07650,07747,07577",3
2022-08-09 03:00:00+00:00,07117,16.349941973729912,"07020,07110,07027",3
2022-08-09 03:00:00+00:00,07314,18.94454080029123,"07222,07240,07335",3
2022-08-09 06:00:00+00:00,07117,16.739721515854868,"07020,07110,07027",3
2022-08-09 06:00:00+00:00,07314,18.401179573155062,"07222,07240,07335",3
2022-08-09 09:00:00+00:00,07117,20.75643665917419,"07020,07110,07027",3
2022-08-09 09:00:00+00:00,07314,22.253018367751174,"07222,07240,07335",3
2022-08-09 12:00:00+00:00,07117,22.074070035524734,"07020,07110,07027",3
2022-08-09 15:00:00+00:00,07117,22.756634791972516,"07020,07110,07027",3
2022-08-09 15:00:00+00:00,07314,27.98058903582217,"07222,07240,07335",3
2022-08-09 18:00:00+00:00,07117,20.789666947636526,"07020,07110,07027",3
2022-08-09 21:00:00+00:00,07117,18.076980723249314,"07020,07110,07027",3
2022-08-09 21:00:00+00:00,07314,23.549040346232772,"07222,07240,07335",3
2022-08-10 00:00:00+00:00,07117,17.269514712460875,"07020,07110,07027",3
2022-08-10 00:00:00+00:00,07314,21.25937837189572,"07222,07240,07335",3
2022-08-10 03:00:00+00:00,07117,16.678679073764496,"07020,07110,07027",3
2022-08-10 03:00:00+00:00,07558,18.488479173974888,"07630,07434,07535",3
2022-08-10 06:00:00+00:00,07117,17.13145974250866,"07020,07110,07027",3
2022-08-10 06:00:00+00:00,07314,19.475708461891763,"07222,07240,07335",3
2022-08-10 09:00:00+00:00,07117,21.364125556737115,"07020,07110,07027",3
2022-08-10 09:00:00+00:00,07314,24.03971891387799,"07222,07240,07335",3
2022-08-10 12:00:00+00:00,07117,24.068301726253694,"07020,07110,07027",3
2022-08-10 15:00:00+00:00,07117,23.75451017548471,"07020,07110,07027",3
2022-08-10 18:00:00+00:00,07117,22.816678185020912,"07020,07110,07027",3
2022-08-10 18:00:00+00:00,07335,32.589932451276574,"07240,07255,07222",3
2022-08-10 21:00:00+00:00,07117,18.627398799941183,"07020,07110,07027",3
2022-08-10 21:00:00+00:00,07335,27.522926682441973,"07240,07255,07222",3
2022-08-10 21:00:00+00:00,07434,23.58620866970158,"07535,07255",2
2022-08-11 00:00:00+00:00,07117,17.984393919866747,"07020,07110,07027",3
2022-08-11 03:00:00+00:00,07117,17.29205447909289,"07020,07110,07027",3
2022-08-11 03:00:00+00:00,07314,19.21657931997285,"07222,07240",2
2022-08-11 03:00:00+00:00,07335,20.91423692789582,"07240,07255,07222",3
2022-08-11 06:00:00+00:00,07117,17.509734875154827,"07020,07110,07027",3
2022-08-11 06:00:00+00:00,07335,21.378484045797435,"07240,07255,07222",3
2022-08-11 12:00:00+00:00,07335,33.36598065177271,"07240,07255,07222",3
2022-08-11 15:00:00+00:00,07117,25.649534407042673,"07020,07110,07027",3
2022-08-11 18:00:00+00:00,07117,23.387492182422598,"07020,07110,07027",3
2022-08-11 21:00:00+00:00,07117,19.15909970614817,"07020,07110,07027",3
2022-08-11 21:00:00+00:00,07335,27.29252325702101,"07240,07255,07222",3
2022-08-12 00:00:00+00:00,07117,17.21720410767199,"07020,07110,07027",3
2022-08-12 00:00:00+00:00,07335,24.207714343062804,"07240,07255,07222",3
2022-08-12 03:00:00+00:00,07117,17.34673071223485,"07020,07110,07027",3
2022-08-12 06:00:00+00:00,07117,17.556358972178224,"07020,07110,07027",3
2022-08-12 09:00:00+00:00,07117,23.835541594460608,"07020,07110,07027",3
2022-08-12 09:00:00+00:00,07314,24.50534271963229,"07222,07240,07335",3
2022-08-12 12:00:00+00:00,07117,26.39459139642964,"07020,07110,07027",3
2022-08-12 15:00:00+00:00,07117,26.393319590029016,"07020,07110,07027",3
2022-08-12 18:00:00+00:00,07117,24.460632058125164,"07020,07110,07027",3
2022-08-12 21:00:00+00:00,07117,19.884988783243337,"07020,07110,07027",3
2022-08-13 00:00:00+00:00,07117,17.687971270790243,"07020,07110,07027",3
2022-08-13 03:00:00+00:00,07117,17.135645484497413,"07020,07110,07027",3
2022-08-13 06:00:00+00:00,07117,18.0126639922469,"07020,07110,07027",3
2022-08-13 06:00:00+00:00,07314,19.672093351054485,"07222,07240,07335",3
2022-08-13 09:00:00+00:00,07117,23.79005511737224,"07020,07110,07027",3
2022-08-13 12:00:00+00:00,07117,27.576924064486597,"07020,07110,07027",3
2022-08-13 12:00:00+00:00,07314,29.553992365362106,"07222,07240,07335",3
2022-08-13 15:00:00+00:00,07117,27.061923920161952,"07020,07110,07027",3
2022-08-13 18:00:00+00:00,07117,24.768177660320163,"07020,07110,07027",3
2022-08-13 18:00:00+00:00,07314,26.40775972608155,"07222,07240,07335",3
2022-08-13 21:00:00+00:00,07117,19.83358683901347,"07020,07110,07027",3
2022-08-14 00:00:00+00:00,07117,18.789723261678198,"07020,07110,07027",3
2022-08-14 03:00:00+00:00,07117,17.801190131203903,"07020,07110,07027",3
2022-08-14 03:00:00+00:00,07314,18.97274703368152,"07222,07240,07335",3
2022-08-14 06:00:00+00:00,07117,18.946978808331345,"07020,07110,07027",3
2022-08-14 06:00:00+00:00,07314,18.66742370996191,"07222,07240,07335",3
2022-08-14 09:00:00+00:00,07117,21.180024668888038,"07020,07110,07027",3
2022-08-14 12:00:00+00:00,07117,23.837354958950357,"07020,07110,07027",3
2022-08-14 12:00:00+00:00,07314,20.51494140969652,"07222,07240,07335",3
2022-08-14 15:00:00+00:00,07117,22.922164257175034,"07020,07110,07027",3
2022-08-14 15:00:00+00:00,07314,21.174130290528524,"07222,07240,07335",3
2022-08-14 18:00:00+00:00,07117,20.924993143394033,"07020,07110,07027",3
2022-08-14 21:00:00+00:00,07117,18.65462602529675,"07020,07110,07027",3
2022-08-15 00:00:00+00:00,07117,18.276739525956152,"07020,07110,07027",3
2022-08-15 00:00:00+00:00,07314,18.033867235179155,"07222,07240,07335",3
2022-08-15 03:00:00+00:00,07117,17.3258696958277,"07020,07110,07027",3
2022-08-15 03:00:00+00:00,07314,17.97105821437956,"07222,07240,07335",3
2022-08-15 06:00:00+00:00,07117,17.435222162111614,"07020,07110,07027",3
2022-08-15 06:00:00+00:00,07314,18.066661061446286,"07222,07240,07335",3
2022-08-15 09:00:00+00:00,07117,18.999918139375332,"07020,07110,07027",3
2022-08-15 09:00:00+00:00,07314,19.56123476198207,"07222,07240,07335",3
2022-08-15 12:00:00+00:00,07117,20.145241720805444,"07020,07110,07027",3
2022-08-15 12:00:00+00:00,07314,21.80712670350605,"07222,07240,07335",3
2022-08-15 15:00:00+00:00,07117,20.688021782148276,"07020,07110,07027",3
2022-08-15 15:00:00+00:00,07314,22.501146776138242,"07222,07240,07335",3
2022-08-15 18:00:00+00:00,07117,19.495253039101,"07020,07110,07027",3
2022-08-15 18:00:00+00:00,07314,21.456587583592714,"07222,07240,07335",3
2022-08-15 21:00:00+00:00,07117,18.38759275801673,"07020,07110,07027",3
2022-08-15 21:00:00+00:00,07314,19.080521547939902,"07222,07240,07335",3
2022-08-16 00:00:00+00:00,07117,17.63163459794211,"07020,07110,07027",3
2022-08-16 00:00:00+00:00,07314,18.115691643968027,"07222,07240,07335",3
2022-08-16 03:00:00+00:00,07117,17.24312686221777,"07020,07110,07027",3
2022-08-16 06:00:00+00:00,07117,17.045689889881398,"07020,07110,07027",3
2022-08-16 06:00:00+00:00,07314,17.579787638125943,"07222,07240,07335",3
2022-08-16 09:00:00+00:00,07314,18.88474051727045,"07222,07240,07335",3
2022-08-16 12:00:00+00:00,07314,21.414567055586453,"07222,07240,07335",3
2022-08-16 18:00:00+00:00,07314,21.099010493175747,"07222,07240,07335",3
2022-08-16 21:00:00+00:00,07117,16.992972341268263,"07020,07110,07027",3
2022-08-16 21:00:00+00:00,07314,17.955037606174997,"07222,07240,07335",3
2022-08-17 00:00:00+00:00,07117,17.069120006553746,"07020,07110,07027",3
2022-08-17 00:00:00+00:00,07314,16.93780688579426,"07222,07240,07335",3
2022-08-17 03:00:00+00:00,07117,16.84163943870184,"07020,07110,07027",3
2022-08-17 03:00:00+00:00,07314,16.344229257493808,"07222,07240,07335",3
2022-08-17 06:00:00+00:00,07117,17.011874673146586,"07020,07110,07027",3
2022-08-17 06:00:00+00:00,07314,16.61870512379678,"07222,07240,07335",3
2022-08-17 06:00:00+00:00,07650,22.50031401981706,"07643,07577,07690",3
2022-08-17 09:00:00+00:00,07790,27.544003751510353,"07761,07690",2
2022-08-17 09:00:00+00:00,07650,26.24994106560426,"07643,07577,07690",3
2022-08-17 12:00:00+00:00,07314,18.934913121746682,"07222,07240,07335",3
2022-08-17 15:00:00+00:00,07314,19.985690278252527,"07222,07240,07335",3
2022-08-17 18:00:00+00:00,07314,19.48616648061471,"07222,07240,07335",3
2022-08-17 21:00:00+00:00,07117,17.239947346216177,"07020,07110,07027",3
2022-08-17 21:00:00+00:00,07314,17.161430952092495,"07222,07240,07335",3
2022-08-17 21:00:00+00:00,07535,19.285823076477495,"07630,07434,07510",3
2022-08-18 00:00:00+00:00,07117,17.38186871029815,"07020,07110,07027",3
2022-08-18 00:00:00+00:00,07314,16.168815767174003,"07222,07240,07335",3
2022-08-18 00:00:00+00:00,07535,16.750304004765916,"07630,07434,07510",3
2022-08-18 03:00:00+00:00,07117,17.26612454760194,"07020,07110,07027",3
2022-08-18 03:00:00+00:00,07314,15.078377463606124,"07222,07240,07335",3
2022-08-18 03:00:00+00:00,07535,15.437690793638264,"07630,07434,07510",3
2022-08-18 06:00:00+00:00,07535,15.123697775496971,"07630,07434,07510",3
2022-08-18 09:00:00+00:00,07117,19.153122130505295,"07020,07110,07027",3
2022-08-18 09:00:00+00:00,07314,18.49982269834777,"07222,07240,07335",3
2022-08-18 09:00:00+00:00,07535,19.727886597484098,"07630,07434,07510",3
2022-08-18 12:00:00+00:00,07314,21.73183795809775,"07222,07240,07335",3
2022-08-18 15:00:00+00:00,07117,19.706770698126604,"07020,07110,07027",3
2022-08-18 15:00:00+00:00,07314,23.473537154427646,"07222,07240,07335",3
2022-08-18 18:00:00+00:00,07117,18.374217259974372,"07020,07110,07027",3
2022-08-18 18:00:00+00:00,07314,22.02706283649691,"07222,07240,07335",3
2022-08-18 21:00:00+00:00,07117,17.99419409165675,"07020,07110,07027",3
2022-08-18 21:00:00+00:00,07314,18.75280296034073,"07222,07240,07335",3
2022-08-19 00:00:00+00:00,07117,18.02439736110177,"07020,07110,07027",3
2022-08-19 00:00:00+00:00,07314,17.918849946023492,"07222,07240,07335",3
2022-08-19 03:00:00+00:00,07117,17.670983825458094,"07020,07110,07027",3
2022-08-19 03:00:00+00:00,07314,17.732756050233974,"07222,07240,07335",3
2022-08-19 06:00:00+00:00,07117,17.86525959231158,"07020,07110,07027",3
2022-08-19 09:00:00+00:00,07117,17.912087161247115,"07020,07110,07027",3
2022-08-19 12:00:00+00:00,07314,22.302106704955065,"07222,07240,07335",3
2022-08-19 15:00:00+00:00,07314,22.530113559736492,"07222,07240,07335",3
2022-08-19 18:00:00+00:00,07117,19.145865571516566,"07020,07110,07027",3
2022-08-19 21:00:00+00:00,07314,18.870962078992584,"07222,07240,07335",3
2022-08-20 00:00:00+00:00,07117,15.028104544871884,"07020,07110,07027",3
2022-08-20 00:00:00+00:00,07314,17.87755048752804,"07222,07240,07335",3
2022-08-20 03:00:00+00:00,07117,14.75961430979781,"07020,07110,07027",3
2022-08-20 03:00:00+00:00,07314,16.549531089325377,"07222,07240,07335",3
2022-08-20 06:00:00+00:00,07314,16.173941523512052,"07222,07240,07335",3
2022-08-20 09:00:00+00:00,07314,19.600609749971056,"07222,07240,07335",3
2022-08-20 21:00:00+00:00,07314,17.68445617922622,"07222,07240,07335",3
2022-08-21 00:00:00+00:00,07314,16.046798065506028,"07222,07240,07335",3
2022-08-21 03:00:00+00:00,07314,14.654805726205277,"07222,07240,07335",3
2022-08-21 12:00:00+00:00,07314,20.204949138420645,"07222,07240,07335",3
2022-08-21 15:00:00+00:00,07314,20.285784592610682,"07222,07240,07335",3
2022-08-21 18:00:00+00:00,07314,18.91051997303119,"07222,07240,07335",3
2022-08-21 21:00:00+00:00,07314,18.064248241810837,"07222,07240,07335",3
2022-08-22 00:00:00+00:00,07314,17.81329570334779,"07222,07240,07335",3
2022-08-22 03:00:00+00:00,07314,17.74334716067436,"07222,07240,07335",3
2022-08-22 06:00:00+00:00,07314,17.899789059692917,"07222,07240,07335",3
2022-08-22 09:00:00+00:00,07314,18.942777337490348,"07222,07240,07335",3
2022-08-22 12:00:00+00:00,07314,21.35379971631084,"07222,07240,07335",3
2022-08-22 18:00:00+00:00,07314,21.511119376554888,"07222,07240,07335",3
2022-08-22 21:00:00+00:00,07314,19.90484086606842,"07222,07240,07335",3
2022-08-23 00:00:00+00:00,07314,18.650843039952093,"07222,07240,07335",3
2022-08-23 06:00:00+00:00,07314,18.82074567782829,"07222,07240,07335",3
2022-08-23 09:00:00+00:00,07314,20.24945782309762,"07222,07240,07335",3
2022-08-23 15:00:00+00:00,07117,20.88671225036658,"07020,07110,07027",3
2022-08-23 15:00:00+00:00,07314,23.14136406566903,"07222,07240,07335",3
2022-08-23 18:00:00+00:00,07117,19.73929579794205,"07020,07110,07027",3
2022-08-23 21:00:00+00:00,07117,18.83716842329534,"07020,07110,07027",3
2022-08-24 00:00:00+00:00,07117,18.257775085576462,"07020,07110,07027",3
2022-08-24 03:00:00+00:00,07117,17.88778104842492,"07020,07110,07027",3
2022-08-24 09:00:00+00:00,07117,20.21060847577769,"07020,07110,07027",3
2022-08-24 12:00:00+00:00,07117,23.490503927222015,"07020,07110,07027",3
2022-08-24 15:00:00+00:00,07117,22.3352388105911,"07020,07110,07027",3
2022-08-24 18:00:00+00:00,07117,19.51058004472695,"07020,07110,07027",3
2022-08-24 21:00:00+00:00,07117,17.923776732119357,"07020,07110,07027",3
2022-08-25 00:00:00+00:00,07117,17.614621665146018,"07020,07110,07027",3
2022-08-25 00:00:00+00:00,07643,21.8255084963966,"07650,07747,07577",3
2022-08-25 03:00:00+00:00,07117,17.567634422280996,"07020,07110,07027",3
2022-08-25 03:00:00+00:00,07314,19.453823445485213,"07222,07240,07335",3
2022-08-25 06:00:00+00:00,07117,17.141259914298665,"07020,07110,07027",3
2022-08-25 09:00:00+00:00,07314,21.676420463560163,"07222,07240,07335",3
2022-08-25 12:00:00+00:00,07117,19.244596801416712,"07020,07110,07027",3
2022-08-25 12:00:00+00:00,07314,22.95889240815479,"07222,07240,07335",3
2022-08-25 12:00:00+00:00,07643,30.330090384640712,"07650,07747,07577",3
2022-08-25 15:00:00+00:00,07117,19.87398609049925,"07020,07110,07027",3
2022-08-25 15:00:00+00:00,07314,22.06325843699836,"07222,07240,07335",3
2022-08-25 18:00:00+00:00,07117,18.50697435546668,"07020,07110,07027",3
2022-08-25 18:00:00+00:00,07314,21.50081442518757,"07222,07240,07335",3
2022-08-25 21:00:00+00:00,07117,16.47512316237451,"07020,07110,07027",3
2022-08-25 21:00:00+00:00,07314,19.191384453003245,"07222,07240,07335",3
2022-08-26 00:00:00+00:00,07117,15.170476650760744,"07020,07110,07027",3
2022-08-26 00:00:00+00:00,07314,17.358080101984243,"07222,07240,07335",3
2022-08-26 03:00:00+00:00,07117,13.7054205639562,"07020,07110,07027",3
2022-08-26 03:00:00+00:00,07314,16.73166314907536,"07222,07240,07335",3
2022-08-26 09:00:00+00:00,07117,18.430553932822505,"07020,07110,07027",3
2022-08-26 12:00:00+00:00,07117,19.95201597792176,"07020,07110,07027",3
2022-08-26 15:00:00+00:00,07117,19.666105866227333,"07020,07110,07027",3
2022-08-26 18:00:00+00:00,07117,18.338443358710734,"07020,07110,07027",3
2022-08-26 21:00:00+00:00,07117,16.110815632988377,"07020,07110,07027",3
2022-08-27 00:00:00+00:00,07117,14.764276281057404,"07020,07110,07027",3
2022-08-27 03:00:00+00:00,07117,13.363849096169039,"07020,07110,07027",3
2022-08-27 03:00:00+00:00,07314,15.668074610546459,"07222,07240,07335",3
2022-08-27 06:00:00+00:00,07117,13.988481641081492,"07020,07110,07027",3
2022-08-27 06:00:00+00:00,07314,15.499300036630656,"07222,07240,07335",3
2022-08-27 09:00:00+00:00,07117,19.399098086411257,"07020,07110,07027",3
2022-08-27 12:00:00+00:00,07117,21.579033380621695,"07020,07110,07027",3
2022-08-27 15:00:00+00:00,07117,21.43734097591578,"07020,07110,07027",3
2022-08-27 18:00:00+00:00,07117,19.294178632010883,"07020,07110,07027",3
2022-08-27 21:00:00+00:00,07117,17.447845881006785,"07020,07110,07027",3
2022-08-27 21:00:00+00:00,07314,19.905740525637896,"07222,07240,07335",3
2022-08-28 00:00:00+00:00,07117,17.014214814035746,"07020,07110,07027",3
2022-08-28 00:00:00+00:00,07314,18.858172595313572,"07222,07240,07335",3
2022-08-28 03:00:00+00:00,07117,16.73399121010678,"07020,07110,07027",3
2022-08-28 03:00:00+00:00,07314,17.128770217542755,"07222,07240,07335",3
2022-08-28 06:00:00+00:00,07314,16.561974957595982,"07222,07240,07335",3
2022-08-28 09:00:00+00:00,07314,21.032374429707268,"07222,07240,07335",3
2022-08-28 12:00:00+00:00,07117,22.046392068362287,"07020,07110,07027",3
2022-08-28 12:00:00+00:00,07643,29.879909464048964,"07650,07747,07577",3
2022-08-29 12:00:00+00:00,07314,25.85670685561621,"07222,07240,07335",3
2022-08-29 21:00:00+00:00,07314,22.13988175241392,"07222,07240,07335",3
2022-08-30 12:00:00+00:00,07314,25.027216282808375,"07222,07240,07335",3
2022-08-30 15:00:00+00:00,07314,26.735825851794942,"07222,07240,07335",3
2022-08-30 18:00:00+00:00,07314,23.569265152861846,"07222,07240,07335",3
2022-08-30 21:00:00+00:00,07314,20.190011095835203,"07222,07240,07335",3
2022-08-31 00:00:00+00:00,07314,18.446284175975386,"07222,07240,07335",3
2022-08-31 09:00:00+00:00,07314,21.46529802021469,"07222,07240,07335",3
2022-08-31 12:00:00+00:00,07314,24.604397155265538,"07222,07240,07335",3
2022-08-31 12:00:00+00:00,07591,25.327803064961888,"07577,07650,07558",3
2022-08-31 21:00:00+00:00,07314,19.138401676445152,"07222,07240,07335",3
2022-09-01 09:00:00+00:00,07314,19.587288120474994,"07222,07240,07335",3
2022-09-01 12:00:00+00:00,07314,23.06752108364136,"07222,07240,07335",3
2022-09-02 09:00:00+00:00,07190,21.222515451874028,"07299,07280,07181",3
2022-09-03 06:00:00+00:00,07643,20.88493967878755,"07650,07747,07577",3
2022-09-04 09:00:00+00:00,07314,20.225388391446543,"07222,07240,07335",3
2022-09-04 18:00:00+00:00,07314,22.47743090024553,"07222,07240,07335",3
2022-09-05 00:00:00+00:00,07314,17.69613949728887,"07222,07240,07335",3
2022-09-05 12:00:00+00:00,07314,24.85759186365528,"07222,07240,07335",3
2022-09-05 15:00:00+00:00,07314,26.016600343201304,"07222,07240,07335",3
2022-09-05 18:00:00+00:00,07314,22.89819246556449,"07222,07240,07335",3
2022-09-06 12:00:00+00:00,07643,29.66702337527701,"07650,07747,07577",3
2022-09-06 15:00:00+00:00,07643,29.012932370508935,"07650,07747,07577",3
2022-09-06 18:00:00+00:00,07314,20.563380390065852,"07222,07240,07335",3
2022-09-07 00:00:00+00:00,07643,23.1665176357958,"07650,07747,07577",3
2022-09-07 03:00:00+00:00,07643,21.95117286840302,"07650,07747,07577",3
2022-09-07 06:00:00+00:00,07643,21.265004782074765,"07650,07747,07577",3
2022-09-07 15:00:00+00:00,07643,26.67286851136303,"07650,07747,07577",3
2022-09-07 18:00:00+00:00,07643,25.2990081285638,"07650,07747,07577",3
2022-09-07 21:00:00+00:00,07314,16.11308851356612,"07222,07240,07335",3
2022-09-08 12:00:00+00:00,07314,19.77193625288387,"07222,07240,07335",3
2022-09-08 15:00:00+00:00,07314,19.83880866109321,"07222,07240,07335",3
2022-09-08 18:00:00+00:00,07591,20.19483607544611,"07577,07650,07558",3
2022-09-09 06:00:00+00:00,07190,15.612864263647603,"07299,07280,07181",3
2022-09-09 09:00:00+00:00,07481,19.52361426924701,"07280,07460,07577",3
2022-09-09 18:00:00+00:00,07790,26.969418624795505,"07761,07690,07650",3
2022-09-10 09:00:00+00:00,07314,18.147039706854528,"07222,07240,07335",3
2022-09-10 15:00:00+00:00,07314,20.529198555100212,"07222,07240,07335",3
2022-09-11 09:00:00+00:00,07314,20.16057354546107,"07222,07240,07335",3
2022-09-11 12:00:00+00:00,07314,22.800399185609045,"07222,07240,07335",3
2022-09-12 12:00:00+00:00,07314,27.57327425136674,"07222,07240,07335",3
2022-09-12 15:00:00+00:00,07314,27.855952008471867,"07222,07240,07335",3
2022-09-13 12:00:00+00:00,07314,26.325611600228278,"07222,07240,07335",3
2022-09-13 15:00:00+00:00,07314,25.032947599292925,"07222,07240,07335",3
2022-09-14 09:00:00+00:00,07314,20.528549198265644,"07222,07240,07335",3
2022-09-14 12:00:00+00:00,07314,22.406251040588238,"07222,07240,07335",3
2022-09-14 15:00:00+00:00,07314,22.067846029875206,"07222,07240,07335",3
2022-09-14 18:00:00+00:00,07577,24.138708265311323,"07481,07650,07280",3
2022-09-14 21:00:00+00:00,07577,21.877083765673778,"07481,07650,07280",3
2022-09-15 00:00:00+00:00,07577,20.460593497022046,"07481,07650,07280",3
2022-09-15 03:00:00+00:00,07577,19.25680763340676,"07481,07650,07280",3
2022-09-15 06:00:00+00:00,07577,19.083312424914592,"07481,07650,07280",3
2022-09-15 09:00:00+00:00,07577,22.45952407570486,"07481,07650,07280",3
2022-09-15 09:00:00+00:00,07314,18.816555437397874,"07222,07240,07335",3
2022-09-15 12:00:00+00:00,07577,25.422106193989308,"07481,07650,07280",3
2022-09-15 15:00:00+00:00,07577,24.868796915342486,"07481,07650,07280",3
2022-09-15 15:00:00+00:00,07314,21.681643455277488,"07222,07240,07335",3
2022-09-15 18:00:00+00:00,07577,22.227945546501182,"07481,07650,07280",3
2022-09-15 21:00:00+00:00,07577,20.561865924377067,"07481,07650,07280",3
2022-09-16 00:00:00+00:00,07577,18.906820341843435,"07481,07650,07280",3
2022-09-16 00:00:00+00:00,07299,12.773715790461226,"07190,07280,07181",3
2022-09-16 03:00:00+00:00,07577,17.684751595365203,"07481,07650,07280",3
2022-09-16 06:00:00+00:00,07577,17.63660599916062,"07481,07650,07280",3
2022-09-16 09:00:00+00:00,07577,21.712581596623604,"07481,07650,07280",3
2022-09-16 12:00:00+00:00,07577,22.86110227204938,"07481,07650,07280",3
2022-09-16 12:00:00+00:00,07314,18.54262567490602,"07222,07240,07335",3
2022-09-16 15:00:00+00:00,07577,22.764278893822592,"07481,07650,07280",3
2022-09-16 18:00:00+00:00,07577,19.907499637187748,"07481,07650,07280",3
2022-09-16 18:00:00+00:00,07643,23.04062823464933,"07650,07747",2
2022-09-16 21:00:00+00:00,07577,17.845593037026237,"07481,07650,07280",3
2022-09-17 00:00:00+00:00,07577,15.481815213762628,"07481,07650,07280",3
2022-09-17 03:00:00+00:00,07577,13.535986720845504,"07481,07650,07280",3
2022-09-17 03:00:00+00:00,07314,10.744473302607439,"07222,07240,07335",3
2022-09-17 06:00:00+00:00,07577,12.872824474648967,"07481,07650,07280",3
2022-09-17 06:00:00+00:00,07314,9.70213438164457,"07222,07240,07335",3
2022-09-17 06:00:00+00:00,07643,16.251055785733804,"07650,07747",2
2022-09-17 09:00:00+00:00,07577,15.095067442692221,"07481,07650,07280",3
2022-09-17 09:00:00+00:00,07314,15.57680905362164,"07222,07240,07335",3
2022-09-17 12:00:00+00:00,07577,17.612610199394457,"07481,07650,07280",3
2022-09-17 12:00:00+00:00,07027,15.01474339455425,"07037,07139,07005",3
2022-09-17 12:00:00+00:00,07314,17.576792858341214,"07222,07240,07335",3
2022-09-17 15:00:00+00:00,07577,18.218719977469426,"07481,07650,07280",3
2022-09-17 18:00:00+00:00,07577,15.610925276983538,"07481,07650,07280",3
2022-09-17 21:00:00+00:00,07577,13.157991825019842,"07481,07650,07280",3
2022-09-18 00:00:00+00:00,07577,11.232498404479745,"07481,07650,07280",3
2022-09-18 03:00:00+00:00,07471,2.771103823531837,"07460,07481,07558",3
2022-09-18 03:00:00+00:00,07577,10.050384092522323,"07481,07650,07280",3
2022-09-18 03:00:00+00:00,07643,12.14923400201805,"07650,07747",2
2022-09-18 06:00:00+00:00,07577,9.6017135312943,"07481,07650,07280",3
2022-09-18 09:00:00+00:00,07577,15.560541600195657,"07481,07650,07280",3
2022-09-18 09:00:00+00:00,07314,15.267819694938709,"07222,07240,07335",3
2022-09-18 12:00:00+00:00,07577,20.082444604524113,"07481,07650,07280",3
2022-09-18 12:00:00+00:00,07314,18.128820725411316,"07222,07240,07335",3
2022-09-18 15:00:00+00:00,07577,21.548924389094175,"07481,07650,07280",3
2022-09-18 18:00:00+00:00,07577,18.25937656620428,"07481,07650,07280",3
2022-09-18 21:00:00+00:00,07577,14.17057964921876,"07481,07650,07280",3
2022-09-19 00:00:00+00:00,07577,10.522207858649379,"07481,07650,07280",3
2022-09-19 03:00:00+00:00,07577,11.317485865357796,"07481,07650,07280",3
2022-09-19 06:00:00+00:00,07577,11.214061524944531,"07481,07650,07280",3
2022-09-19 09:00:00+00:00,07577,16.940892158387967,"07481,07650,07280",3
2022-09-19 12:00:00+00:00,07314,18.934692657705703,"07222,07240,07335",3
2022-09-19 15:00:00+00:00,07314,19.882099986780446,"07222,07240,07335",3
2022-09-20 12:00:00+00:00,07314,18.832200591500058,"07222,07240,07335",3
2022-09-20 15:00:00+00:00,07299,16.20298623995819,"07190,07280,07181",3
2022-09-20 18:00:00+00:00,07314,17.47230892494379,"07222,07240,07335",3
2022-09-22 09:00:00+00:00,07110,16.075046685087546,"07130,07117,07027",3
2022-09-22 09:00:00+00:00,07314,16.77835624899688,"07222,07240,07335",3
2022-09-23 21:00:00+00:00,07314,15.430036707129881,"07222,07240,07335",3
2022-09-24 12:00:00+00:00,07314,17.707558554622494,"07222,07240,07335",3
2022-09-24 15:00:00+00:00,07314,17.888517052070803,"07222,07240,07335",3
2022-09-24 21:00:00+00:00,07314,13.748912302022813,"07222,07240,07335",3
2022-09-25 00:00:00+00:00,07314,13.127231693355473,"07222,07240,07335",3
2022-09-26 09:00:00+00:00,07027,11.666431747974308,"07037,07139,07005",3
2022-09-26 15:00:00+00:00,07314,15.918274539151492,"07222,07240,07335",3
2022-09-26 18:00:00+00:00,07314,14.948843084308665,"07222,07240,07335",3
2022-09-26 21:00:00+00:00,07314,14.139112568998177,"07222,07240,07335",3
2022-09-27 00:00:00+00:00,07314,13.180147073228271,"07222,07240,07335",3
2022-09-27 03:00:00+00:00,07314,12.544267073839398,"07222,07240,07335",3
2022-09-27 06:00:00+00:00,07314,11.75629642356797,"07222,07240,07335",3
2022-09-27 18:00:00+00:00,07314,15.860940514457367,"07222,07240,07335",3
2022-09-27 21:00:00+00:00,07314,16.39832614001822,"07222,07240,07335",3
2022-09-28 00:00:00+00:00,07314,16.250993731721245,"07222,07240,07335",3
2022-09-28 03:00:00+00:00,07314,15.745901326957686,"07222,07240,07335",3
2022-09-28 06:00:00+00:00,07314,14.684729924055164,"07222,07240,07335",3
2022-09-28 15:00:00+00:00,07314,15.183900165934608,"07222,07240,07335",3
2022-09-28 21:00:00+00:00,07314,13.290620566195136,"07222,07240,07335",3
2022-09-29 03:00:00+00:00,07314,10.616783740790293,"07222,07240,07335",3
2022-09-29 06:00:00+00:00,07314,10.678840151731888,"07222,07240,07335",3
2022-09-29 09:00:00+00:00,07027,11.319648988565257,"07037,07139,07005",3
2022-09-29 09:00:00+00:00,07314,13.774395956707346,"07222,07240,07335",3
2022-09-29 15:00:00+00:00,07314,15.293031148544275,"07222,07240,07335",3
2022-09-30 15:00:00+00:00,07314,17.00189102026576,"07222,07240,07335",3
2022-09-30 18:00:00+00:00,07027,13.871451618140325,"07037,07139,07005",3
2022-09-30 18:00:00+00:00,07314,15.676727292486266,"07222,07240,07335",3
2022-10-01 18:00:00+00:00,07314,17.714026821317752,"07222,07240,07335",3
2022-10-02 09:00:00+00:00,07314,17.562696720643125,"07222,07240,07335",3
2022-10-02 12:00:00+00:00,07314,18.639638429015292,"07222,07240,07335",3
2022-10-02 15:00:00+00:00,07314,18.668108923134604,"07222,07240,07335",3
2022-10-03 15:00:00+00:00,07314,18.50572126123465,"07222,07240,07335",3
2022-10-04 00:00:00+00:00,07314,13.57343141501769,"07222,07240,07335",3
2022-10-04 03:00:00+00:00,07314,12.098818260381975,"07222,07240,07335",3
2022-10-04 12:00:00+00:00,07314,18.814756118258884,"07222,07240,07335",3
2022-10-04 18:00:00+00:00,07314,16.684987631506942,"07222,07240,07335",3
2022-10-05 15:00:00+00:00,07314,19.374358417640572,"07222,07240,07335",3
2022-10-05 21:00:00+00:00,07314,15.675406680473094,"07222,07240,07335",3
2022-10-06 00:00:00+00:00,07314,13.960025103365115,"07222,07240,07335",3
2022-10-06 03:00:00+00:00,07314,12.209569972071963,"07222,07240,07335",3
2022-10-06 09:00:00+00:00,07314,15.29592267530555,"07222,07240,07335",3
2022-10-06 12:00:00+00:00,07577,21.86131102198829,"07481,07650,07280",3
2022-10-08 00:00:00+00:00,07314,11.627182996714208,"07222,07240,07335",3
2022-10-08 12:00:00+00:00,07314,18.408068792293985,"07222,07240,07335",3
2022-10-10 09:00:00+00:00,07110,14.503722433880409,"07130,07117,07027",3
2022-10-12 12:00:00+00:00,07314,18.353308594940906,"07222,07240,07335",3
2022-10-14 00:00:00+00:00,07643,17.05462987241541,"07650,07747,07577",3
2022-10-15 12:00:00+00:00,07643,22.7257983896897,"07650,07747,07577",3
2022-10-16 15:00:00+00:00,07314,21.617527780458808,"07222,07240,07335",3
2022-10-17 00:00:00+00:00,07643,18.114906309098295,"07650,07747,07577",3
2022-10-18 12:00:00+00:00,07314,20.070575161858212,"07222,07240,07335",3
2022-10-18 15:00:00+00:00,07314,20.41887211184483,"07222,07240,07335",3
2022-10-18 18:00:00+00:00,07314,19.161436655156106,"07222,07240,07335",3
2022-10-19 12:00:00+00:00,07314,21.885535380066543,"07222,07240,07335",3
2022-10-20 12:00:00+00:00,07314,20.011706078754123,"07222,07240,07335",3
2022-10-21 09:00:00+00:00,07643,21.907018626356905,"07650,07747,07577",3
2022-10-21 15:00:00+00:00,07510,19.77775896087996,"07607,07535,07335",3
2022-10-22 12:00:00+00:00,07314,19.82770730317982,"07222,07240,07335",3
2022-10-22 15:00:00+00:00,07314,19.328958013744042,"07222,07240,07335",3
2022-10-22 18:00:00+00:00,07314,17.511866818982398,"07222,07240,07335",3
2022-10-22 21:00:00+00:00,07314,17.15178329790969,"07222,07240,07335",3
2022-10-23 09:00:00+00:00,07314,18.25420072061644,"07222,07240,07335",3
2022-10-23 12:00:00+00:00,07314,20.26991103411759,"07222,07240,07335",3
2022-10-23 12:00:00+00:00,07643,25.6859338852041,"07650,07747,07577",3
2022-10-23 15:00:00+00:00,07314,18.46889990389588,"07222,07240,07335",3
2022-10-23 18:00:00+00:00,07314,17.826734543861377,"07222,07240,07335",3
2022-10-24 00:00:00+00:00,07643,20.35244094307624,"07650,07747,07577",3
2022-10-24 18:00:00+00:00,07314,15.885776513960558,"07222,07240,07335",3
2022-10-25 03:00:00+00:00,07314,13.504428030255026,"07222,07240,07335",3
2022-10-25 09:00:00+00:00,07117,15.271020817351388,"07020,07110,07027",3
2022-10-25 09:00:00+00:00,07314,15.626354199607329,"07222,07240,07335",3
2022-10-25 12:00:00+00:00,07117,16.83758070623344,"07020,07110,07027",3
2022-10-25 18:00:00+00:00,07314,17.45634607142136,"07222,07240,07335",3
2022-10-25 21:00:00+00:00,07314,16.726729940790094,"07222,07240,07335",3
2022-10-26 09:00:00+00:00,07314,17.307428790382197,"07222,07240,07335",3
2022-10-26 12:00:00+00:00,07314,20.72570859563041,"07222,07240,07335",3
2022-10-27 00:00:00+00:00,07314,15.701517793648177,"07222,07240,07335",3
2022-10-27 03:00:00+00:00,07314,16.28420851043205,"07222,07240,07335",3
2022-10-27 15:00:00+00:00,07314,21.137064869151565,"07222,07240,07335",3
2022-10-28 00:00:00+00:00,07314,16.63193745826351,"07222,07240,07335",3
2022-10-28 03:00:00+00:00,07314,17.287025393694424,"07222,07240,07335",3
2022-10-28 06:00:00+00:00,07314,17.082269665674005,"07222,07240,07335",3
2022-10-28 15:00:00+00:00,07314,20.374851776296843,"07222,07240,07335",3
2022-10-28 21:00:00+00:00,07314,17.558838137627042,"07222,07240,07335",3
2022-10-29 00:00:00+00:00,07314,17.8922285853754,"07222,07240,07335",3
2022-10-29 03:00:00+00:00,07314,17.140570746622927,"07222,07240,07335",3
2022-10-31 03:00:00+00:00,07314,13.33025981491315,"07222,07240,07335",3
2022-10-31 06:00:00+00:00,07314,14.090901993019765,"07222,07240,07335",3
2022-10-31 09:00:00+00:00,07314,15.888703897059946,"07222,07240,07335",3
2022-10-31 18:00:00+00:00,07314,16.707454608062722,"07222,07240,07335",3
2022-11-01 18:00:00+00:00,07643,18.069180022556075,"07650,07747,07577",3
2022-11-02 03:00:00+00:00,07643,16.36142316707932,"07650,07747,07577",3
2022-11-02 12:00:00+00:00,07314,17.115802143805052,"07222,07240,07335",3
2022-11-02 18:00:00+00:00,07314,15.338189190055823,"07222,07240,07335",3
2022-11-02 21:00:00+00:00,07314,14.359034743994956,"07222,07240,07335",3
2022-11-03 12:00:00+00:00,07314,14.524850394464162,"07222,07240,07335",3
2022-11-04 15:00:00+00:00,07314,14.563790472015397,"07222,07240,07335",3
2022-11-05 15:00:00+00:00,07314,14.882892234012878,"07222,07240,07335",3
2022-11-06 12:00:00+00:00,07314,14.886123358538429,"07222,07240,07335",3
2022-11-07 06:00:00+00:00,07643,6.942416903390785,"07650,07747,07577",3
2022-11-08 18:00:00+00:00,07335,14.792843368083116,"07240,07255,07222",3
2022-11-08 21:00:00+00:00,07335,13.013980679936493,"07240,07255,07222",3
2022-11-09 12:00:00+00:00,07314,16.261969938267164,"07222,07240,07335",3
2022-11-09 18:00:00+00:00,07314,12.834558743953316,"07222,07240,07335",3
2022-11-10 00:00:00+00:00,07314,10.501309642852824,"07222,07240,07335",3
2022-11-10 15:00:00+00:00,07335,13.075674541731772,"07240,07255,07222",3
2022-11-10 18:00:00+00:00,07577,12.86283247701396,"07481,07650,07280",3
2022-11-10 18:00:00+00:00,07314,12.848359080575213,"07222,07240,07335",3
2022-11-11 00:00:00+00:00,07314,10.938055960038232,"07222,07240,07335",3
2022-11-11 03:00:00+00:00,07314,10.619411006822553,"07222,07240,07335",3
2022-11-11 12:00:00+00:00,07314,13.373255339524162,"07222,07240,07335",3
2022-11-11 15:00:00+00:00,07314,15.894397655553165,"07222,07240,07335",3
2022-11-11 18:00:00+00:00,07314,12.950444152331292,"07222,07240,07335",3
2022-11-12 00:00:00+00:00,07314,11.755839614786186,"07222,07240,07335",3
2022-11-12 06:00:00+00:00,07314,11.468699416171647,"07222,07240,07335",3
2022-11-12 06:00:00+00:00,07643,12.055177452579589,"07650,07747,07577",3
2022-11-12 09:00:00+00:00,07314,14.336271966362954,"07222,07240,07335",3
2022-11-12 12:00:00+00:00,07314,18.11604519972638,"07222,07240,07335",3
2022-11-12 15:00:00+00:00,07314,18.675337740037804,"07222,07240,07335",3
2022-11-12 18:00:00+00:00,07314,15.529645186924228,"07222,07240,07335",3
2022-11-12 21:00:00+00:00,07314,13.169170866682352,"07222,07240,07335",3
2022-11-13 00:00:00+00:00,07314,12.58192239571558,"07222,07240,07335",3
2022-11-13 09:00:00+00:00,07761,16.72841755034803,"07690,07650",2
2022-11-13 09:00:00+00:00,07790,17.49896175202926,"07690,07650",2
2022-11-13 15:00:00+00:00,07314,18.487855835549794,"07222,07240,07335",3
2022-11-14 00:00:00+00:00,07314,12.166000427661611,"07222,07240,07335",3
2022-11-14 03:00:00+00:00,07577,12.282483399906093,"07481,07650,07280",3
2022-11-14 03:00:00+00:00,07314,12.2460613736496,"07222,07240,07335",3
2022-11-14 06:00:00+00:00,07577,12.650400130571745,"07481,07650,07280",3
2022-11-14 06:00:00+00:00,07314,12.62058063018468,"07222,07240,07335",3
2022-11-16 12:00:00+00:00,07139,12.089162427168773,"07037,07240,07149",3
2022-11-16 15:00:00+00:00,07139,11.255120496806182,"07037,07240,07149",3
2022-11-16 15:00:00+00:00,07643,17.56357087606068,"07650,07747,07577",3
2022-11-16 18:00:00+00:00,07139,11.490798179986747,"07037,07240,07149",3
2022-11-16 21:00:00+00:00,07139,12.106203435649016,"07037,07240,07149",3
2022-11-17 00:00:00+00:00,07139,11.292133692089926,"07037,07240,07149",3
2022-11-17 03:00:00+00:00,07139,10.703077411422704,"07037,07240,07149",3
2022-11-17 06:00:00+00:00,07139,10.054748206054862,"07037,07240,07149",3
2022-11-17 09:00:00+00:00,07139,10.089996975965375,"07037,07240,07149",3
2022-11-17 09:00:00+00:00,07314,13.928720837166697,"07222,07240,07335",3
2022-11-17 09:00:00+00:00,07643,15.854390926954006,"07650,07747,07577",3
2022-11-17 12:00:00+00:00,07139,12.456801810639217,"07037,07240,07149",3
2022-11-17 15:00:00+00:00,07139,11.593640635885855,"07037,07240,07149",3
2022-11-17 15:00:00+00:00,07643,17.6635137838507,"07650,07747,07577",3
2022-11-17 18:00:00+00:00,07139,9.483491515218569,"07037,07240,07149",3
2022-11-17 21:00:00+00:00,07139,8.487618744519672,"07037,07240,07149",3
2022-11-18 00:00:00+00:00,07139,7.957284946822039,"07037,07240,07149",3
2022-11-18 03:00:00+00:00,07139,7.362270002663271,"07037,07240,07149",3
2022-11-18 06:00:00+00:00,07139,7.035116748835717,"07037,07240,07149",3
2022-11-19 09:00:00+00:00,07117,9.766658845667608,"07020,07110,07027",3
2022-11-19 12:00:00+00:00,07117,12.529740788297484,"07020,07110,07027",3
2022-11-19 15:00:00+00:00,07117,11.1900000766031,"07020,07110,07027",3
2022-11-19 18:00:00+00:00,07117,10.298246668445362,"07020,07110,07027",3
2022-11-19 21:00:00+00:00,07117,10.656939768030242,"07020,07110,07027",3
2022-11-20 00:00:00+00:00,07117,10.758240098195602,"07020,07110,07027",3
2022-11-20 03:00:00+00:00,07117,10.32439838236718,"07020,07110,07027",3
2022-11-20 06:00:00+00:00,07117,11.200196058643874,"07020,07110,07027",3
2022-11-20 09:00:00+00:00,07117,11.741697136640823,"07020,07110,07027",3
2022-11-20 12:00:00+00:00,07117,13.194631221284947,"07020,07110,07027",3
2022-11-20 15:00:00+00:00,07117,12.19251912085616,"07020,07110,07027",3
2022-11-20 18:00:00+00:00,07117,11.82530483282714,"07020,07110,07027",3
2022-11-20 21:00:00+00:00,07117,11.054248626502625,"07020,07110,07027",3
2022-11-21 00:00:00+00:00,07117,11.245522861802714,"07020,07110,07027",3
2022-11-21 03:00:00+00:00,07117,11.059502702979882,"07020,07110,07027",3
2022-11-21 06:00:00+00:00,07117,10.521631882791416,"07020,07110,07027",3
2022-11-21 15:00:00+00:00,07314,13.054574529970367,"07222,07240,07335",3
2022-11-22 09:00:00+00:00,07314,11.155726323105133,"07222,07240,07335",3
2022-11-22 15:00:00+00:00,07314,13.274496704967143,"07222,07240,07335",3
2022-11-23 03:00:00+00:00,07117,11.289871718955979,"07020,07110,07027",3
2022-11-23 12:00:00+00:00,07535,13.095202878180906,"07630,07434,07510",3
2022-11-23 15:00:00+00:00,07535,12.983167334510942,"07630,07434,07510",3
2022-11-23 18:00:00+00:00,07314,12.915187692096477,"07222,07240,07335",3
2022-11-23 18:00:00+00:00,07535,9.30636020407419,"07630,07434,07510",3
2022-11-23 21:00:00+00:00,07535,8.374648360795991,"07630,07434,07510",3
2022-11-24 00:00:00+00:00,07535,7.178180477220916,"07630,07434,07510",3
2022-11-24 03:00:00+00:00,07535,6.073117200644679,"07630,07434,07510",3
2022-11-24 06:00:00+00:00,07535,6.40877693034955,"07630,07434,07510",3
2022-11-24 09:00:00+00:00,07535,8.01780830213436,"07630,07434,07510",3
2022-11-24 12:00:00+00:00,07535,11.410665862911246,"07630,07434,07510",3
2022-11-24 15:00:00+00:00,07314,14.470179492140424,"07222,07240,07335",3
2022-11-24 18:00:00+00:00,07314,13.528886874002605,"07222,07240,07335",3
2022-11-25 09:00:00+00:00,07037,7.368003069761607,"07005,07139,07149",3
2022-11-25 12:00:00+00:00,07037,10.1130689710822,"07005,07139,07149",3
2022-11-25 15:00:00+00:00,07037,10.587305283147758,"07005,07139,07149",3
2022-11-25 18:00:00+00:00,07037,6.804356560566902,"07005,07139,07149",3
2022-11-25 21:00:00+00:00,07037,5.197682295215228,"07005,07139,07149",3
2022-11-26 00:00:00+00:00,07037,4.260655914107178,"07005,07139,07149",3
2022-11-26 03:00:00+00:00,07037,4.688589966480018,"07005,07139,07149",3
2022-11-26 06:00:00+00:00,07037,4.961187916106373,"07005,07139,07149",3
2022-11-26 09:00:00+00:00,07037,5.836111778251644,"07005,07139,07149",3
2022-11-26 12:00:00+00:00,07037,8.511133606353622,"07005,07139,07149",3
2022-11-26 15:00:00+00:00,07037,8.70736225769431,"07005,07139,07149",3
2022-11-26 18:00:00+00:00,07037,8.011741585518383,"07005,07139,07149",3
2022-11-26 18:00:00+00:00,07643,8.734087732020187,"07650,07747,07577",3
2022-11-26 21:00:00+00:00,07037,7.7574674069429355,"07005,07139,07149",3
2022-11-26 21:00:00+00:00,07314,11.515021377981729,"07222,07240,07335",3
2022-11-27 00:00:00+00:00,07037,7.104262188359594,"07005,07139,07149",3
2022-11-27 03:00:00+00:00,07037,6.4411336317516135,"07005,07139,07149",3
2022-11-27 06:00:00+00:00,07037,6.360917029870687,"07005,07139,07149",3
2022-11-27 09:00:00+00:00,07037,6.6237162367912,"07005,07139,07149",3
2022-11-27 12:00:00+00:00,07037,7.733648831979578,"07005,07139,07149",3
2022-11-27 15:00:00+00:00,07037,8.576958833592853,"07005,07139,07149",3
2022-11-27 18:00:00+00:00,07037,8.79221932539245,"07005,07139,07149",3
2022-11-27 21:00:00+00:00,07037,8.300450160925685,"07005,07139,07149",3
2022-11-28 00:00:00+00:00,07037,8.22997112587732,"07005,07139,07149",3
2022-11-28 03:00:00+00:00,07037,7.875609752431013,"07005,07139,07149",3
2022-11-28 06:00:00+00:00,07037,7.155687709580641,"07005,07139,07149",3
2022-11-28 09:00:00+00:00,07037,7.392638723887628,"07005,07139,07149",3
2022-11-28 12:00:00+00:00,07037,10.89197597207652,"07005,07139,07149",3
2022-11-29 09:00:00+00:00,07643,10.244174846951507,"07650,07747,07577",3
2022-11-29 09:00:00+00:00,07222,6.6489062966137285,"07130,07335,07240",3
2022-11-29 15:00:00+00:00,07314,12.235970868679104,"07222,07240,07335",3
2022-12-04 09:00:00+00:00,07072,2.244785872610737,"07168,07149,07181",3
2022-12-04 12:00:00+00:00,07072,3.1966949495562984,"07168,07149,07181",3
2022-12-04 15:00:00+00:00,07072,3.624780794319592,"07168,07149,07181",3
2022-12-04 18:00:00+00:00,07072,3.160260113446987,"07168,07149,07181",3
2022-12-04 21:00:00+00:00,07072,2.829858429154719,"07168,07149,07181",3
2022-12-05 00:00:00+00:00,07072,2.572529436927223,"07168,07149,07181",3
2022-12-05 03:00:00+00:00,07072,2.5099423990517873,"07168,07149,07181",3
2022-12-05 06:00:00+00:00,07072,2.312389671108204,"07168,07149,07181",3
2022-12-05 09:00:00+00:00,07072,2.3249747519653416,"07168,07149,07181",3
2022-12-05 15:00:00+00:00,07072,2.3982504638762294,"07168,07149,07181",3
2022-12-05 15:00:00+00:00,07314,9.024408819949127,"07222,07240,07335",3
2022-12-05 18:00:00+00:00,07790,10.934442984408891,"07761,07690,07650",3
2022-12-05 18:00:00+00:00,07072,2.277139894896865,"07168,07149,07181",3
2022-12-05 21:00:00+00:00,07790,9.608692107987615,"07761,07690,07650",3
2022-12-05 21:00:00+00:00,07072,2.131485530793302,"07168,07149,07181",3
2022-12-06 00:00:00+00:00,07790,9.5827666621071,"07761,07690,07650",3
2022-12-06 00:00:00+00:00,07072,1.7048050728257622,"07168,07149,07181",3
2022-12-06 03:00:00+00:00,07790,8.682928501553649,"07761,07690,07650",3
2022-12-06 03:00:00+00:00,07072,1.8284384152168123,"07168,07149,07181",3
2022-12-06 06:00:00+00:00,07790,7.712750101586046,"07761,07690,07650",3
2022-12-06 06:00:00+00:00,07072,1.6707576635640558,"07168,07149,07181",3
2022-12-06 09:00:00+00:00,07790,11.389081751133135,"07761,07690,07650",3
2022-12-06 09:00:00+00:00,07072,1.6224317864696753,"07168,07149,07181",3
2022-12-06 12:00:00+00:00,07790,14.757667647275584,"07761,07690,07650",3
2022-12-06 18:00:00+00:00,07790,10.59157818805352,"07761,07690,07650",3
2022-12-06 21:00:00+00:00,07790,8.066138845769077,"07761,07690,07650",3
2022-12-07 00:00:00+00:00,07790,7.529991450823949,"07761,07690,07650",3
2022-12-07 03:00:00+00:00,07790,7.236854498672398,"07761,07690,07650",3
2022-12-07 06:00:00+00:00,07790,7.053553560444007,"07761,07690,07650",3
2022-12-07 09:00:00+00:00,07790,9.143673015747854,"07761,07690,07650",3
2022-12-07 12:00:00+00:00,07255,4.644460211368759,"07240,07335,07149",3
2022-12-07 12:00:00+00:00,07790,14.977988749609514,"07761,07690,07650",3
2022-12-07 15:00:00+00:00,07790,14.873614042177277,"07761,07690,07650",3
2022-12-07 18:00:00+00:00,07790,9.571528321569918,"07761,07690,07650",3
2022-12-07 21:00:00+00:00,07790,8.429616037334785,"07761,07690,07650",3
2022-12-08 00:00:00+00:00,07790,7.531182812777844,"07761,07690,07650",3
2022-12-08 03:00:00+00:00,07790,7.091801921794318,"07761,07690,07650",3
2022-12-08 06:00:00+00:00,07790,7.50888287045528,"07761,07690,07650",3
2022-12-08 09:00:00+00:00,07790,9.850664078156532,"07761,07690,07650",3
2022-12-08 21:00:00+00:00,07591,3.7857763547005767,"07577,07650,07558",3
2022-12-09 18:00:00+00:00,07314,5.302229556017891,"07222,07240,07335",3
2022-12-09 18:00:00+00:00,07591,4.089802381877908,"07577,07650,07558",3
2022-12-09 21:00:00+00:00,07591,3.566869992546369,"07577,07650,07558",3
2022-12-10 12:00:00+00:00,07591,-0.09928863749815475,"07577,07650,07558",3
2022-12-10 18:00:00+00:00,07790,10.450257901754698,"07761,07690,07650",3
2022-12-12 15:00:00+00:00,07761,11.079500365428387,"07790,07690,07650",3
2022-12-12 18:00:00+00:00,07761,9.0473855079307,"07790,07690,07650",3
2022-12-12 21:00:00+00:00,07761,9.01244029794845,"07790,07690,07650",3
2022-12-13 00:00:00+00:00,07761,7.473685676985853,"07790,07690,07650",3
2022-12-13 03:00:00+00:00,07761,7.542039925987402,"07790,07690,07650",3
2022-12-13 06:00:00+00:00,07761,7.922620891040726,"07790,07690,07650",3
2022-12-13 09:00:00+00:00,07761,8.832780789299951,"07790,07690,07650",3
2022-12-13 12:00:00+00:00,07761,10.091406143096405,"07790,07690,07650",3
2022-12-13 15:00:00+00:00,07761,9.891938655711842,"07790,07690,07650",3
2022-12-14 00:00:00+00:00,07643,8.546129733339264,"07650,07747,07577",3
2022-12-17 15:00:00+00:00,07314,6.1305684648680785,"07222,07240,07335",3
2022-12-19 12:00:00+00:00,07761,14.71574400932781,"07790,07690,07650",3
2022-12-19 15:00:00+00:00,07005,9.318713797403142,"07037,07015,07027",3
2022-12-21 21:00:00+00:00,07790,11.426425995153863,"07761,07690,07650",3
2022-12-23 00:00:00+00:00,07790,10.359226048382675,"07761,07690,07650",3
2022-12-25 00:00:00+00:00,07790,10.301853165417324,"07761,07690,07650",3
2022-12-27 15:00:00+00:00,07314,12.190651819461953,"07222,07240,07335",3
2022-12-27 21:00:00+00:00,07314,11.54322761137201,"07222,07240,07335",3
2022-12-28 09:00:00+00:00,07314,12.5867838913246,"07222,07240,07335",3
2022-12-28 18:00:00+00:00,07314,13.543211416091607,"07222,07240,07335",3
2022-12-30 03:00:00+00:00,07790,10.852001755927384,"07761,07690,07650",3
2022-12-30 15:00:00+00:00,07314,15.26559942335602,"07222,07240,07335",3
2022-12-31 06:00:00+00:00,07790,11.405308147768075,"07761,07690,07650",3
2023-01-01 03:00:00+00:00,07643,11.769925948149087,"07650,07747,07577",3
2023-01-02 18:00:00+00:00,07643,13.704164815220397,"07650,07747,07577",3
2023-01-04 15:00:00+00:00,07591,8.522423798508804,"07577,07650,07558",3
2023-01-05 00:00:00+00:00,07591,3.3460998260561086,"07577,07650,07558",3
2023-01-09 18:00:00+00:00,07627,7.003631300066603,"07621,07630,07607",3
2023-01-09 21:00:00+00:00,07627,7.341855171619416,"07621,07630,07607",3
2023-01-10 00:00:00+00:00,07627,5.893724183370298,"07621,07630,07607",3
2023-01-10 03:00:00+00:00,07627,5.105843113276349,"07621,07630,07607",3
2023-01-10 06:00:00+00:00,07790,9.214874989034946,"07761,07690,07650",3
2023-01-10 06:00:00+00:00,07627,4.296124881561786,"07621,07630,07607",3
2023-01-10 09:00:00+00:00,07627,6.0254014949198105,"07621,07630,07607",3
2023-01-10 12:00:00+00:00,07627,13.275066837932602,"07621,07630,07607",3
2023-01-10 15:00:00+00:00,07627,13.662876102759252,"07621,07630,07607",3
2023-01-10 18:00:00+00:00,07627,7.304947073859687,"07621,07630,07607",3
2023-01-10 18:00:00+00:00,07643,8.633029434835542,"07650,07747,07577",3
2023-01-10 21:00:00+00:00,07627,4.82512673719166,"07621,07630,07607",3
2023-01-11 00:00:00+00:00,07627,5.074307511438285,"07621,07630,07607",3
2023-01-11 03:00:00+00:00,07790,5.79994097642174,"07761,07690,07650",3
2023-01-11 03:00:00+00:00,07627,4.941919616165311,"07621,07630,07607",3
2023-01-11 06:00:00+00:00,07790,5.745002235060433,"07761,07690,07650",3
2023-01-11 06:00:00+00:00,07627,5.035414026818823,"07621,07630,07607",3
2023-01-11 09:00:00+00:00,07627,7.200982504753703,"07621,07630,07607",3
2023-01-15 12:00:00+00:00,07643,11.617400608994611,"07650,07747,07577",3
2023-01-15 18:00:00+00:00,07790,12.919895854147644,"07761,07690,07650",3
2023-01-16 00:00:00+00:00,07535,3.6550331039239587,"07630,07434,07510",3
2023-01-16 03:00:00+00:00,07117,7.790017839061987,"07020,07110,07027",3
2023-01-16 03:00:00+00:00,07535,3.8839267021995116,"07630,07434,07510",3
2023-01-16 06:00:00+00:00,07535,5.912143820565404,"07630,07434,07510",3
2023-01-16 09:00:00+00:00,07535,5.022140751934499,"07630,07434,07510",3
2023-01-16 12:00:00+00:00,07535,6.514682385842367,"07630,07434,07510",3
2023-01-16 15:00:00+00:00,07535,5.895254351048247,"07630,07434,07510",3
2023-01-16 18:00:00+00:00,07535,4.546518848752315,"07630,07434,07510",3
2023-01-16 21:00:00+00:00,07535,3.9698413400989407,"07630,07434,07510",3
2023-01-17 00:00:00+00:00,07535,3.5493539928774,"07630,07434,07510",3
2023-01-17 03:00:00+00:00,07535,4.013214055514213,"07630,07434,07510",3
2023-01-17 06:00:00+00:00,07535,4.365237579841325,"07630,07434,07510",3
2023-01-17 09:00:00+00:00,07535,4.361456820399212,"07630,07434,07510",3
2023-01-17 15:00:00+00:00,07481,5.795721736444732,"07280,07460,07577",3
2023-01-17 15:00:00+00:00,07643,10.27702609035157,"07650,07747,07577",3
2023-01-18 00:00:00+00:00,07643,5.008394033824438,"07650,07747,07577",3
2023-01-18 00:00:00+00:00,07690,9.01059043740404,"07790,07650",2
2023-01-18 03:00:00+00:00,07690,8.976709472369167,"07790,07650,07643",3
2023-01-18 06:00:00+00:00,07643,2.768806586711933,"07650,07747,07577",3
2023-01-19 09:00:00+00:00,07643,4.950081196089951,"07650,07747,07577",3
2023-01-19 15:00:00+00:00,07117,7.068975894619825,"07020,07110,07027",3
2023-01-21 03:00:00+00:00,07630,-1.0515676936614073,"07535,07558,07607",3
2023-01-21 12:00:00+00:00,07643,6.845123004920478,"07650,07747,07577",3
2023-01-21 21:00:00+00:00,07630,0.9795993203734712,"07535,07558,07607",3
2023-01-22 00:00:00+00:00,07630,-0.7933332610095598,"07535,07558,07607",3
2023-01-22 03:00:00+00:00,07630,-1.3729785934972587,"07535,07558,07607",3
2023-01-22 06:00:00+00:00,07630,-2.012958714000191,"07535,07558,07607",3
2023-01-22 09:00:00+00:00,07630,-1.0003354683908587,"07535,07558,07607",3
2023-01-22 12:00:00+00:00,07630,1.5896850537057405,"07535,07558,07607",3
2023-01-23 09:00:00+00:00,07117,3.7488552195096663,"07020,07110,07027",3
2023-01-23 12:00:00+00:00,07117,7.101500994435269,"07020,07110,07027",3
2023-01-23 15:00:00+00:00,07790,10.577971024134206,"07761,07690,07650",3
2023-01-23 18:00:00+00:00,07643,3.7141738347571374,"07650,07747,07577",3
2023-01-23 18:00:00+00:00,07591,-2.0993686393030977,"07577,07650,07558",3
2023-01-23 21:00:00+00:00,07591,-2.889968556972078,"07577,07650,07558",3
2023-01-24 00:00:00+00:00,07591,-4.549186928400272,"07577,07650,07558",3
2023-01-24 03:00:00+00:00,07591,-4.020367321287087,"07577,07650,07558",3
2023-01-24 06:00:00+00:00,07591,-4.237299243400296,"07577,07650,07558",3
2023-01-24 09:00:00+00:00,07591,-2.721660344157263,"07577,07650,07558",3
2023-01-24 12:00:00+00:00,07591,1.5450971835910465,"07577,07650,07558",3
2023-01-24 15:00:00+00:00,07591,3.18681947003134,"07577,07650,07558",3
2023-01-24 18:00:00+00:00,07790,9.444574779550605,"07761,07690,07650",3
2023-01-24 18:00:00+00:00,07591,-0.5768831537843786,"07577,07650,07558",3
2023-01-24 21:00:00+00:00,07591,-2.358630092563027,"07577,07650,07558",3
2023-01-25 00:00:00+00:00,07591,-3.5596347280329144,"07577,07650,07558",3
2023-01-25 03:00:00+00:00,07591,-4.480175877987704,"07577,07650,07558",3
2023-01-25 06:00:00+00:00,07591,-4.537481866425578,"07577,07650,07558",3
2023-01-25 09:00:00+00:00,07591,-2.5939762060418348,"07577,07650,07558",3
2023-01-26 00:00:00+00:00,07643,3.144477571780187,"07650,07747,07577",3
2023-01-29 15:00:00+00:00,07314,8.77370658422102,"07222,07240,07335",3
2023-01-30 06:00:00+00:00,07790,2.3534719556163646,"07761,07690,07650",3
2023-01-31 06:00:00+00:00,07643,5.818692872234038,"07650,07747,07577",3
2023-02-01 12:00:00+00:00,07460,,,0
2023-02-01 12:00:00+00:00,07471,,,0
2023-02-01 12:00:00+00:00,07481,,,0
2023-02-01 12:00:00+00:00,07577,,,0
2023-02-01 12:00:00+00:00,07280,,,0
2023-02-01 12:00:00+00:00,07110,,,0
2023-02-01 12:00:00+00:00,07117,,,0
2023-02-01 12:00:00+00:00,07130,,,0
2023-02-01 12:00:00+00:00,07240,,,0
2023-02-01 12:00:00+00:00,07255,,,0
2023-02-01 12:00:00+00:00,07761,,,0
2023-02-01 12:00:00+00:00,07790,,,0
2023-02-01 12:00:00+00:00,07072,,,0
2023-02-01 12:00:00+00:00,07168,,,0
2023-02-01 12:00:00+00:00,07181,,,0
2023-02-01 12:00:00+00:00,07190,,,0
2023-02-01 12:00:00+00:00,07299,,,0
2023-02-01 12:00:00+00:00,07005,,,0
2023-02-01 12:00:00+00:00,07015,,,0
2023-02-01 12:00:00+00:00,07020,,,0
2023-02-01 12:00:00+00:00,07027,,,0
2023-02-01 12:00:00+00:00,07037,,,0
2023-02-01 12:00:00+00:00,07139,,,0
2023-02-01 12:00:00+00:00,07314,,,0
2023-02-01 12:00:00+00:00,07335,,,0
2023-02-01 12:00:00+00:00,07434,,,0
2023-02-01 12:00:00+00:00,07510,,,0
2023-02-01 12:00:00+00:00,07607,,,0
2023-02-01 12:00:00+00:00,07535,,,0
2023-02-01 12:00:00+00:00,07558,,,0
2023-02-01 12:00:00+00:00,07621,,,0
2023-02-01 12:00:00+00:00,07627,,,0
2023-02-01 12:00:00+00:00,07630,,,0
2023-02-01 12:00:00+00:00,07643,,,0
2023-02-01 12:00:00+00:00,07747,,,0
2023-02-01 12:00:00+00:00,07222,,,0
2023-02-01 12:00:00+00:00,07591,,,0
2023-02-01 12:00:00+00:00,07650,,,0
2023-02-01 12:00:00+00:00,07690,,,0
2023-02-01 12:00:00+00:00,07149,,,0
2023-02-01 15:00:00+00:00,07460,,,0
2023-02-01 15:00:00+00:00,07471,,,0
2023-02-01 15:00:00+00:00,07481,,,0
2023-02-01 15:00:00+00:00,07577,,,0
2023-02-01 15:00:00+00:00,07280,,,0
2023-02-01 15:00:00+00:00,07110,,,0
2023-02-01 15:00:00+00:00,07117,,,0
2023-02-01 15:00:00+00:00,07130,,,0
2023-02-01 15:00:00+00:00,07240,,,0
2023-02-01 15:00:00+00:00,07255,,,0
2023-02-01 15:00:00+00:00,07761,,,0
2023-02-01 15:00:00+00:00,07790,,,0
2023-02-01 15:00:00+00:00,07072,,,0
2023-02-01 15:00:00+00:00,07168,,,0
2023-02-01 15:00:00+00:00,07181,,,0
2023-02-01 15:00:00+00:00,07190,,,0
2023-02-01 15:00:00+00:00,07299,,,0
2023-02-01 15:00:00+00:00,07005,,,0
2023-02-01 15:00:00+00:00,07015,,,0
2023-02-01 15:00:00+00:00,07020,,,0
2023-02-01 15:00:00+00:00,07027,,,0
2023-02-01 15:00:00+00:00,07037,,,0
2023-02-01 15:00:00+00:00,07139,,,0
2023-02-01 15:00:00+00:00,07314,,,0
2023-02-01 15:00:00+00:00,07335,,,0
2023-02-01 15:00:00+00:00,07434,,,0
2023-02-01 15:00:00+00:00,07510,,,0
2023-02-01 15:00:00+00:00,07607,,,0
2023-02-01 15:00:00+00:00,07535,,,0
2023-02-01 15:00:00+00:00,07558,,,0
2023-02-01 15:00:00+00:00,07621,,,0
2023-02-01 15:00:00+00:00,07627,,,0
2023-02-01 15:00:00+00:00,07630,,,0
2023-02-01 15:00:00+00:00,07643,,,0
2023-02-01 15:00:00+00:00,07747,,,0
2023-02-01 15:00:00+00:00,07222,,,0
2023-02-01 15:00:00+00:00,07591,,,0
2023-02-01 15:00:00+00:00,07650,,,0
2023-02-01 15:00:00+00:00,07690,,,0
2023-02-01 15:00:00+00:00,07149,,,0
2023-02-02 03:00:00+00:00,07790,6.664799082828078,"07761,07690,07650",3
2023-02-02 06:00:00+00:00,07643,7.22883707937532,"07650,07747,07577",3
2023-02-04 06:00:00+00:00,07643,6.2554119632808325,"07650,07747,07577",3
2023-02-04 12:00:00+00:00,07643,13.893483369423263,"07650,07747,07577",3
2023-02-05 03:00:00+00:00,07643,6.006049773478226,"07650,07747,07577",3
2023-02-05 21:00:00+00:00,07460,,,0
2023-02-05 21:00:00+00:00,07471,,,0
2023-02-05 21:00:00+00:00,07481,,,0
2023-02-05 21:00:00+00:00,07577,,,0
2023-02-05 21:00:00+00:00,07280,,,0
2023-02-05 21:00:00+00:00,07110,,,0
2023-02-05 21:00:00+00:00,07117,,,0
2023-02-05 21:00:00+00:00,07130,,,0
2023-02-05 21:00:00+00:00,07240,,,0
2023-02-05 21:00:00+00:00,07255,,,0
2023-02-05 21:00:00+00:00,07761,,,0
2023-02-05 21:00:00+00:00,07790,,,0
2023-02-05 21:00:00+00:00,07072,,,0
2023-02-05 21:00:00+00:00,07168,,,0
2023-02-05 21:00:00+00:00,07181,,,0
2023-02-05 21:00:00+00:00,07190,,,0
2023-02-05 21:00:00+00:00,07299,,,0
2023-02-05 21:00:00+00:00,07005,,,0
2023-02-05 21:00:00+00:00,07015,,,0
2023-02-05 21:00:00+00:00,07020,,,0
2023-02-05 21:00:00+00:00,07027,,,0
2023-02-05 21:00:00+00:00,07037,,,0
2023-02-05 21:00:00+00:00,07139,,,0
2023-02-05 21:00:00+00:00,07314,,,0
2023-02-05 21:00:00+00:00,07335,,,0
2023-02-05 21:00:00+00:00,07434,,,0
2023-02-05 21:00:00+00:00,07510,,,0
2023-02-05 21:00:00+00:00,07607,,,0
2023-02-05 21:00:00+00:00,07535,,,0
2023-02-05 21:00:00+00:00,07558,,,0
2023-02-05 21:00:00+00:00,07621,,,0
2023-02-05 21:00:00+00:00,07627,,,0
2023-02-05 21:00:00+00:00,07630,,,0
2023-02-05 21:00:00+00:00,07643,,,0
2023-02-05 21:00:00+00:00,07747,,,0
2023-02-05 21:00:00+00:00,07222,,,0
2023-02-05 21:00:00+00:00,07591,,,0
2023-02-05 21:00:00+00:00,07650,,,0
2023-02-05 21:00:00+00:00,07690,,,0
2023-02-05 21:00:00+00:00,07149,,,0
2023-02-06 00:00:00+00:00,07460,,,0
2023-02-06 00:00:00+00:00,07471,,,0
2023-02-06 00:00:00+00:00,07481,,,0
2023-02-06 00:00:00+00:00,07577,,,0
2023-02-06 00:00:00+00:00,07280,,,0
2023-02-06 00:00:00+00:00,07110,,,0
2023-02-06 00:00:00+00:00,07117,,,0
2023-02-06 00:00:00+00:00,07130,,,0
2023-02-06 00:00:00+00:00,07240,,,0
2023-02-06 00:00:00+00:00,07255,,,0
2023-02-06 00:00:00+00:00,07761,,,0
2023-02-06 00:00:00+00:00,07790,,,0
2023-02-06 00:00:00+00:00,07072,,,0
2023-02-06 00:00:00+00:00,07168,,,0
2023-02-06 00:00:00+00:00,07181,,,0
2023-02-06 00:00:00+00:00,07190,,,0
2023-02-06 00:00:00+00:00,07299,,,0
2023-02-06 00:00:00+00:00,07005,,,0
2023-02-06 00:00:00+00:00,07015,,,0
2023-02-06 00:00:00+00:00,07020,,,0
2023-02-06 00:00:00+00:00,07027,,,0
2023-02-06 00:00:00+00:00,07037,,,0
2023-02-06 00:00:00+00:00,07139,,,0
2023-02-06 00:00:00+00:00,07314,,,0
2023-02-06 00:00:00+00:00,07335,,,0
2023-02-06 00:00:00+00:00,07434,,,0
2023-02-06 00:00:00+00:00,07510,,,0
2023-02-06 00:00:00+00:00,07607,,,0
2023-02-06 00:00:00+00:00,07535,,,0
2023-02-06 00:00:00+00:00,07558,,,0
2023-02-06 00:00:00+00:00,07621,,,0
2023-02-06 00:00:00+00:00,07627,,,0
2023-02-06 00:00:00+00:00,07630,,,0
2023-02-06 00:00:00+00:00,07643,,,0
2023-02-06 00:00:00+00:00,07747,,,0
2023-02-06 00:00:00+00:00,07222,,,0
2023-02-06 00:00:00+00:00,07591,,,0
2023-02-06 00:00:00+00:00,07650,,,0
2023-02-06 00:00:00+00:00,07690,,,0
2023-02-06 00:00:00+00:00,07149,,,0
2023-02-06 03:00:00+00:00,07460,,,0
2023-02-06 03:00:00+00:00,07471,,,0
2023-02-06 03:00:00+00:00,07481,,,0
2023-02-06 03:00:00+00:00,07577,,,0
2023-02-06 03:00:00+00:00,07280,,,0
2023-02-06 03:00:00+00:00,07110,,,0
2023-02-06 03:00:00+00:00,07117,,,0
2023-02-06 03:00:00+00:00,07130,,,0
2023-02-06 03:00:00+00:00,07240,,,0
2023-02-06 03:00:00+00:00,07255,,,0
2023-02-06 03:00:00+00:00,07761,,,0
2023-02-06 03:00:00+00:00,07790,,,0
2023-02-06 03:00:00+00:00,07072,,,0
2023-02-06 03:00:00+00:00,07168,,,0
2023-02-06 03:00:00+00:00,07181,,,0
2023-02-06 03:00:00+00:00,07190,,,0
2023-02-06 03:00:00+00:00,07299,,,0
2023-02-06 03:00:00+00:00,07005,,,0
2023-02-06 03:00:00+00:00,07015,,,0
2023-02-06 03:00:00+00:00,07020,,,0
2023-02-06 03:00:00+00:00,07027,,,0
2023-02-06 03:00:00+00:00,07037,,,0
2023-02-06 03:00:00+00:00,07139,,,0
2023-02-06 03:00:00+00:00,07314,,,0
2023-02-06 03:00:00+00:00,07335,,,0
2023-02-06 03:00:00+00:00,07434,,,0
2023-02-06 03:00:00+00:00,07510,,,0
2023-02-06 03:00:00+00:00,07607,,,0
2023-02-06 03:00:00+00:00,07535,,,0
2023-02-06 03:00:00+00:00,07558,,,0
2023-02-06 03:00:00+00:00,07621,,,0
2023-02-06 03:00:00+00:00,07627,,,0
2023-02-06 03:00:00+00:00,07630,,,0
2023-02-06 03:00:00+00:00,07643,,,0
2023-02-06 03:00:00+00:00,07747,,,0
2023-02-06 03:00:00+00:00,07222,,,0
2023-02-06 03:00:00+00:00,07591,,,0
2023-02-06 03:00:00+00:00,07650,,,0
2023-02-06 03:00:00+00:00,07690,,,0
2023-02-06 03:00:00+00:00,07149,,,0
2023-02-07 12:00:00+00:00,07630,6.065154937857933,"07535,07558,07607",3
2023-02-07 18:00:00+00:00,07630,7.270540483440305,"07535,07558,07607",3
2023-02-08 09:00:00+00:00,07630,3.3299476023489034,"07535,07558,07607",3
2023-02-08 18:00:00+00:00,07643,6.56167875477647,"07650,07747,07577",3
2023-02-09 09:00:00+00:00,07630,3.035318093825265,"07535,07558,07607",3
2023-02-10 15:00:00+00:00,07643,10.836529842825517,"07650,07747,07577",3
2023-02-11 03:00:00+00:00,07643,-1.1232629493706578,"07650,07747,07577",3
2023-02-11 18:00:00+00:00,07314,10.626425377328935,"07222,07240,07335",3
2023-02-13 09:00:00+00:00,07630,6.964321159398009,"07535,07558,07607",3
2023-02-13 18:00:00+00:00,07314,12.219440013001506,"07222,07240,07335",3
2023-02-14 00:00:00+00:00,07790,6.284487888939248,"07761,07690,07650",3
2023-02-14 18:00:00+00:00,07577,9.672550342381099,"07481,07650,07280",3
2023-02-14 18:00:00+00:00,07790,10.640878884172151,"07761,07690,07650",3
2023-02-14 21:00:00+00:00,07577,6.600817410761016,"07481,07650,07280",3
2023-02-15 06:00:00+00:00,07577,3.247119906495802,"07481,07650,07280",3
2023-02-15 06:00:00+00:00,07335,0.43332126311954583,"07240,07255,07222",3
2023-02-15 09:00:00+00:00,07790,11.325533168967416,"07761,07690,07650",3
2023-02-15 09:00:00+00:00,07335,4.718487573268561,"07240,07255,07222",3
2023-02-15 12:00:00+00:00,07790,13.600098822145615,"07761,07690,07650",3
2023-02-15 12:00:00+00:00,07335,11.674825979353301,"07240,07255,07222",3
2023-02-15 15:00:00+00:00,07335,14.823426773951745,"07240,07255,07222",3
2023-02-15 18:00:00+00:00,07335,11.328769311977887,"07240,07255,07222",3
2023-02-15 21:00:00+00:00,07577,6.216207996729711,"07481,07650,07280",3
2023-02-15 21:00:00+00:00,07790,7.2336966973417685,"07761,07690,07650",3
2023-02-16 03:00:00+00:00,07335,3.6340294462663905,"07240,07255,07222",3
2023-02-17 06:00:00+00:00,07790,6.5469654672971975,"07761,07690,07650",3
2023-02-17 09:00:00+00:00,07643,9.620732928862141,"07650,07747,07577",3
2023-02-17 21:00:00+00:00,07643,9.232240028977285,"07650,07747,07577",3
2023-02-21 15:00:00+00:00,07027,11.878967815020983,"07037,07139,07005",3
2023-02-22 00:00:00+00:00,07747,11.475616247813385,"07643,07650,07577",3
2023-02-22 03:00:00+00:00,07747,10.74062725241429,"07643,07650,07577",3
2023-02-22 06:00:00+00:00,07790,7.691886382385011,"07761,07690,07650",3
2023-02-22 06:00:00+00:00,07747,11.300182688315315,"07643,07650,07577",3
2023-02-28 00:00:00+00:00,07790,8.88349894255015,"07761,07690,07650",3
2023-03-01 12:00:00+00:00,07460,2.7874278878838696,"07471,07481,07255",3
2023-03-01 12:00:00+00:00,07643,8.596274251637452,"07650,07747,07577",3
2023-03-01 21:00:00+00:00,07643,5.64033118787094,"07650,07747,07577",3
2023-03-02 06:00:00+00:00,07643,4.796282106892325,"07650,07747,07577",3
2023-03-04 00:00:00+00:00,07643,4.52357818252863,"07650,07747,07577",3
2023-03-06 12:00:00+00:00,07643,12.483646866517294,"07650,07747,07577",3
2023-03-07 09:00:00+00:00,07117,7.986844395661965,"07020,07110,07027",3
2023-03-07 12:00:00+00:00,07117,8.893430269656115,"07020,07110,07027",3
2023-03-07 18:00:00+00:00,07643,11.197585184383284,"07650,07747,07577",3
2023-03-09 03:00:00+00:00,07790,15.222556103071584,"07761,07690,07650",3
2023-03-09 06:00:00+00:00,07790,12.841738470728782,"07761,07690,07650",3
2023-03-10 09:00:00+00:00,07558,8.646224333359427,"07630,07434,07535",3
2023-03-10 12:00:00+00:00,07558,10.037091079622451,"07630,07434,07535",3
2023-03-10 15:00:00+00:00,07558,9.180506145066007,"07630,07434,07535",3
2023-03-10 18:00:00+00:00,07558,7.927813540753769,"07630,07434,07535",3
2023-03-10 21:00:00+00:00,07558,8.78023827505876,"07630,07434,07535",3
2023-03-11 00:00:00+00:00,07558,11.521030283187203,"07630,07434,07535",3
2023-03-11 03:00:00+00:00,07558,12.693415044257032,"07630,07434,07535",3
2023-03-11 06:00:00+00:00,07558,11.903089186778262,"07630,07434,07535",3
2023-03-11 09:00:00+00:00,07558,11.618650789471063,"07630,07434,07535",3
2023-03-11 12:00:00+00:00,07558,11.346165886615367,"07630,07434,07535",3
2023-03-11 15:00:00+00:00,07558,11.85565025180235,"07630,07434,07535",3
2023-03-13 12:00:00+00:00,07761,17.140300156211463,"07790,07690,07650",3
2023-03-18 18:00:00+00:00,07314,13.488008367950806,"07222,07240,07335",3
2023-03-19 18:00:00+00:00,07643,14.333765172713377,"07650,07747,07577",3
2023-03-20 18:00:00+00:00,07747,15.289297814457408,"07643,07650,07577",3
2023-03-22 21:00:00+00:00,07643,12.15999563994772,"07650,07747,07577",3
2023-03-23 00:00:00+00:00,07015,11.922014523957802,"07005,07037,07149",3
2023-03-23 03:00:00+00:00,07005,11.149400508063016,"07037,07027",2
2023-03-23 03:00:00+00:00,07015,11.150585611240434,"07037,07149",2
2023-03-23 06:00:00+00:00,07005,11.317456295805883,"07037,07027",2
2023-03-23 06:00:00+00:00,07015,11.315057911406367,"07037,07149",2
2023-03-23 09:00:00+00:00,07005,11.8351076245455,"07037,07015,07027",3
2023-03-23 12:00:00+00:00,07005,14.20544541834256,"07037,07015,07027",3
2023-03-24 09:00:00+00:00,07790,15.359161677371304,"07761,07690,07650",3
2023-03-27 09:00:00+00:00,07015,7.186117970131907,"07005,07037,07149",3
2023-03-27 09:00:00+00:00,07643,13.279296538096986,"07650,07747,07577",3
2023-03-29 21:00:00+00:00,07790,12.229858566951744,"07761,07690,07650",3
2023-03-31 03:00:00+00:00,07790,8.966727319665635,"07761,07690,07650",3
2023-04-02 18:00:00+00:00,07643,13.133165787411766,"07650,07747,07577",3
2023-04-04 09:00:00+00:00,07643,11.803142139920247,"07650,07747,07577",3
2023-04-04 12:00:00+00:00,07643,13.389941347096357,"07650,07747,07577",3
2023-04-04 18:00:00+00:00,07643,12.538190404285922,"07650,07747,07577",3
2023-04-05 18:00:00+00:00,07643,15.312776645563345,"07650,07747,07577",3
2023-04-06 00:00:00+00:00,07790,7.176495004962354,"07761,07690,07650",3
2023-04-07 03:00:00+00:00,07181,4.417838814058066,"07168,07280,07190",3
2023-04-09 00:00:00+00:00,07790,9.878772341650459,"07761,07690,07650",3
2023-04-09 06:00:00+00:00,07643,6.650809235061983,"07650,07747,07577",3
2023-04-09 12:00:00+00:00,07643,18.268575659715243,"07650,07747,07577",3
2023-04-10 00:00:00+00:00,07643,8.85334810577495,"07650,07747,07577",3
2023-04-10 06:00:00+00:00,07643,8.423426976139464,"07650,07747,07577",3
2023-04-10 12:00:00+00:00,07643,18.953339864699046,"07650,07747,07577",3
2023-04-10 18:00:00+00:00,07643,15.819236803040509,"07650,07747,07577",3
2023-04-10 21:00:00+00:00,07790,12.3544884732396,"07761,07690,07650",3
2023-04-12 00:00:00+00:00,07130,10.746017972611684,"07222,07139,07027",3
2023-04-12 03:00:00+00:00,07130,9.304757176861274,"07222,07139,07027",3
2023-04-12 06:00:00+00:00,07130,7.177318949874416,"07222,07139,07027",3
2023-04-12 09:00:00+00:00,07110,9.332304071180122,"07130,07117,07027",3
2023-04-12 12:00:00+00:00,07110,11.348802395462895,"07130,07117,07027",3
2023-04-12 15:00:00+00:00,07110,8.333583953394427,"07130,07117,07027",3
2023-04-12 18:00:00+00:00,07110,8.859609765548791,"07130,07117,07027",3
2023-04-12 21:00:00+00:00,07110,8.784060988924416,"07130,07117,07027",3
2023-04-13 00:00:00+00:00,07110,8.001905186704974,"07130,07117,07027",3
2023-04-13 03:00:00+00:00,07110,6.567786145480509,"07130,07117,07027",3
2023-04-13 06:00:00+00:00,07110,5.832824056393919,"07130,07117,07027",3
2023-04-13 09:00:00+00:00,07110,8.879693749278362,"07130,07117,07027",3
2023-04-13 12:00:00+00:00,07110,10.08122783776296,"07130,07117,07027",3
2023-04-13 15:00:00+00:00,07110,11.105813076589255,"07130,07117,07027",3
2023-04-13 18:00:00+00:00,07110,9.116520739476506,"07130,07117,07027",3
2023-04-13 18:00:00+00:00,07314,10.944117232283904,"07222,07240,07335",3
2023-04-13 21:00:00+00:00,07110,7.211053976940036,"07130,07117,07027",3
2023-04-14 00:00:00+00:00,07110,6.730122895798984,"07130,07117,07027",3
2023-04-14 03:00:00+00:00,07110,7.472055220960332,"07130,07117,07027",3
2023-04-14 06:00:00+00:00,07110,8.840072565180519,"07130,07117,07027",3
2023-04-14 18:00:00+00:00,07643,13.904223695203578,"07650,07747,07577",3
2023-04-16 03:00:00+00:00,07643,11.43703884710189,"07650,07747,07577",3
2023-04-19 09:00:00+00:00,07621,15.446337972193076,"07627,07607,07630",3
2023-04-20 00:00:00+00:00,07181,7.841703134993381,"07168,07280,07190",3
2023-04-21 09:00:00+00:00,07643,17.35189639194454,"07650,07747,07577",3
2023-04-29 18:00:00+00:00,07643,18.577044061377716,"07650,07747,07577",3
2023-04-30 21:00:00+00:00,07643,16.293249636614167,"07650,07747,07577",3
2023-05-01 12:00:00+00:00,07643,21.281841401871404,"07650,07747,07577",3
2023-05-01 18:00:00+00:00,07643,20.13045852091041,"07650,07747,07577",3
2023-05-02 09:00:00+00:00,07181,12.485975618740667,"07168,07280,07190",3
2023-05-03 00:00:00+00:00,07643,13.738607315402005,"07650,07747,07577",3
2023-05-04 15:00:00+00:00,07630,24.461186123717653,"07535,07558,07607",3
2023-05-08 18:00:00+00:00,07643,23.16982537940866,"07650,07747,07577",3
2023-05-10 03:00:00+00:00,07643,15.064202928634504,"07650,07747,07577",3
2023-05-10 09:00:00+00:00,07591,12.006863177424963,"07577,07650,07558",3
2023-05-10 12:00:00+00:00,07591,13.78029301542626,"07577,07650,07558",3
2023-05-10 15:00:00+00:00,07591,15.119313821545447,"07577,07650,07558",3
2023-05-10 18:00:00+00:00,07591,13.215376672598612,"07577,07650,07558",3
2023-05-10 21:00:00+00:00,07591,9.958256951382431,"07577,07650,07558",3
2023-05-11 00:00:00+00:00,07591,9.040241879191766,"07577,07650,07558",3
2023-05-11 03:00:00+00:00,07591,7.978558360515823,"07577,07650,07558",3
2023-05-11 06:00:00+00:00,07591,8.93662420827794,"07577,07650,07558",3
2023-05-11 09:00:00+00:00,07481,13.871055628688145,"07280,07460,07577",3
2023-05-11 09:00:00+00:00,07591,12.214525850735065,"07577,07650,07558",3
2023-05-11 12:00:00+00:00,07591,14.79547246208947,"07577,07650,07558",3
2023-05-11 15:00:00+00:00,07591,14.217429025370102,"07577,07650,07558",3
2023-05-11 18:00:00+00:00,07591,13.05857391175335,"07577,07650,07558",3
2023-05-11 21:00:00+00:00,07591,9.34809893027785,"07577,07650,07558",3
2023-05-12 00:00:00+00:00,07591,7.736986672073041,"07577,07650,07558",3
2023-05-12 03:00:00+00:00,07591,7.138561824415353,"07577,07650,07558",3
2023-05-12 06:00:00+00:00,07591,8.174149503196679,"07577,07650,07558",3
2023-05-12 09:00:00+00:00,07335,14.811475239249472,"07240,07255,07222",3
2023-05-12 09:00:00+00:00,07747,18.27295885144745,"07643,07650,07577",3
2023-05-12 09:00:00+00:00,07591,11.558691599402803,"07577,07650,07558",3
2023-05-20 12:00:00+00:00,07190,19.488403903452483,"07299,07280,07181",3
2023-05-20 15:00:00+00:00,07190,20.074374109028778,"07299,07280,07181",3
2023-05-20 18:00:00+00:00,07190,18.851219818166307,"07299,07280,07181",3
2023-05-20 21:00:00+00:00,07190,15.24768138278843,"07299,07280,07181",3
2023-05-21 00:00:00+00:00,07190,13.832885025629002,"07299,07280,07181",3
2023-05-21 03:00:00+00:00,07190,12.473824395292922,"07299,07280,07181",3
2023-05-21 06:00:00+00:00,07190,14.291846112659519,"07299,07280,07181",3
2023-05-21 09:00:00+00:00,07190,17.861458675943634,"07299,07280,07181",3
2023-05-22 00:00:00+00:00,07130,12.599787014035154,"07222,07139,07027",3
2023-05-22 09:00:00+00:00,07190,21.80869684302951,"07299,07280,07181",3
2023-05-24 00:00:00+00:00,07240,12.434876940181216,"07335,07255,07139",3
2023-05-24 03:00:00+00:00,07240,9.88975665977958,"07335,07255,07139",3
2023-05-24 06:00:00+00:00,07240,10.332604869701909,"07335,07255,07139",3
2023-05-24 12:00:00+00:00,07117,16.429033018695694,"07020,07110,07027",3
2023-05-24 15:00:00+00:00,07117,16.46712875032977,"07020,07110,07027",3
2023-05-25 06:00:00+00:00,07240,11.558700861349884,"07335,07255,07139",3
2023-05-26 00:00:00+00:00,07240,13.37643342557014,"07335,07255,07139",3
2023-05-26 03:00:00+00:00,07240,11.854519147636033,"07335,07255,07139",3
2023-05-26 06:00:00+00:00,07240,13.213275986187192,"07335,07255,07139",3
2023-05-27 15:00:00+00:00,07240,25.672577439677386,"07335,07255,07139",3
2023-05-27 18:00:00+00:00,07240,24.35039303208111,"07335,07255,07139",3
2023-05-27 21:00:00+00:00,07240,18.83983073459197,"07335,07255,07139",3
2023-05-28 00:00:00+00:00,07240,16.256751585389594,"07335,07255,07139",3
2023-05-28 03:00:00+00:00,07240,14.148795368419961,"07335,07255,07139",3
2023-05-28 06:00:00+00:00,07240,15.785305512589538,"07335,07255,07139",3
2023-05-28 09:00:00+00:00,07240,21.989823523330887,"07335,07255,07139",3
2023-05-28 12:00:00+00:00,07240,26.03882293865008,"07335,07255,07139",3
2023-05-28 15:00:00+00:00,07240,26.68298552716544,"07335,07255,07139",3
2023-05-28 18:00:00+00:00,07240,25.398958058779233,"07335,07255,07139",3
2023-05-28 21:00:00+00:00,07240,19.499047373188475,"07335,07255,07139",3
2023-05-29 00:00:00+00:00,07240,16.536248734353567,"07335,07255,07139",3
2023-05-29 03:00:00+00:00,07240,14.483347009808604,"07335,07255,07139",3
2023-05-29 06:00:00+00:00,07240,15.729221987818654,"07335,07255,07139",3
2023-05-29 09:00:00+00:00,07240,20.260170520496732,"07335,07255,07139",3
2023-05-29 12:00:00+00:00,07240,24.787527257861864,"07335,07255,07139",3
2023-05-29 15:00:00+00:00,07240,26.016564357959666,"07335,07255,07139",3
2023-05-29 18:00:00+00:00,07240,24.35730873016087,"07335,07255,07139",3
2023-05-29 18:00:00+00:00,07607,24.105945366889785,"07510,07621,07630",3
2023-05-29 21:00:00+00:00,07240,18.84212560501265,"07335,07255,07139",3
2023-05-29 21:00:00+00:00,07607,19.285018535914556,"07510,07621,07630",3
2023-05-30 00:00:00+00:00,07240,15.738721388848582,"07335,07255,07139",3
2023-05-30 00:00:00+00:00,07607,17.068457463030562,"07510,07621,07630",3
2023-05-30 03:00:00+00:00,07240,13.03383739396758,"07335,07255,07139",3
2023-05-30 03:00:00+00:00,07607,15.326466833771576,"07510,07621,07630",3
2023-05-30 06:00:00+00:00,07240,14.359092407452867,"07335,07255,07139",3
2023-05-30 06:00:00+00:00,07607,15.928598027769532,"07510,07621,07630",3
2023-05-30 09:00:00+00:00,07240,19.45539990906349,"07335,07255,07139",3
2023-05-30 12:00:00+00:00,07240,23.556999611296373,"07335,07255,07139",3
2023-05-31 06:00:00+00:00,07240,13.610409769624408,"07335,07255,07139",3
2023-05-31 09:00:00+00:00,07240,19.37724697634374,"07335,07255,07139",3
2023-05-31 21:00:00+00:00,07240,19.54905950831811,"07335,07255,07139",3
2023-06-01 00:00:00+00:00,07280,14.167964266152385,"07181,07299,07190",3
2023-06-01 00:00:00+00:00,07240,16.741050799637645,"07335,07255,07139",3
2023-06-01 00:00:00+00:00,07643,17.567181422657335,"07650,07747,07577",3
2023-06-01 03:00:00+00:00,07240,13.80810251525331,"07335,07255,07139",3
2023-06-01 06:00:00+00:00,07240,16.093623983657853,"07335,07255,07139",3
2023-06-03 00:00:00+00:00,07181,11.876637081996183,"07168,07280,07190",3
2023-06-04 12:00:00+00:00,07314,23.528990505303355,"07222,07240,07335",3
2023-06-05 03:00:00+00:00,07240,13.597323022115448,"07335,07255,07139",3
2023-06-05 06:00:00+00:00,07240,14.995206156920457,"07335,07255,07139",3
2023-06-05 12:00:00+00:00,07577,25.554509935768127,"07481,07650,07280",3
2023-06-05 15:00:00+00:00,07577,25.955275064988893,"07481,07650,07280",3
2023-06-05 21:00:00+00:00,07577,19.70242941358131,"07481,07650,07280",3
2023-06-06 03:00:00+00:00,07577,15.98448946205874,"07481,07650,07280",3
2023-06-07 12:00:00+00:00,07240,27.998775426105876,"07335,07255,07139",3
2023-06-07 15:00:00+00:00,07240,29.20190247489794,"07335,07255,07139",3
2023-06-07 18:00:00+00:00,07240,28.050561242232266,"07335,07255,07139",3
2023-06-07 21:00:00+00:00,07240,22.347507891499653,"07335,07255,07139",3
2023-06-08 00:00:00+00:00,07240,19.658845374152925,"07335,07255,07139",3
2023-06-08 00:00:00+00:00,07643,18.93006572333133,"07650,07747,07577",3
2023-06-08 03:00:00+00:00,07240,17.443045205103335,"07335,07255,07139",3
2023-06-08 06:00:00+00:00,07240,18.921858597153676,"07335,07255,07139",3
2023-06-09 12:00:00+00:00,07643,24.132413407907123,"07650,07747,07577",3
2023-06-10 00:00:00+00:00,07643,19.476333992822898,"07650,07747,07577",3
2023-06-12 00:00:00+00:00,07643,20.596817327005624,"07650,07747,07577",3
2023-06-13 21:00:00+00:00,07643,19.460030877269638,"07650,07747,07577",3
2023-06-14 03:00:00+00:00,07240,14.678292268563093,"07335,07255,07139",3
2023-06-14 06:00:00+00:00,07240,17.46821060775851,"07335,07255,07139",3
2023-06-15 06:00:00+00:00,07630,18.25569422803842,"07535,07558,07607",3
2023-06-15 09:00:00+00:00,07630,20.68546805830423,"07535,07558,07607",3
2023-06-15 12:00:00+00:00,07630,22.805792306753155,"07535,07558,07607",3
2023-06-16 00:00:00+00:00,07240,17.33862036674428,"07335,07255,07139",3
2023-06-16 03:00:00+00:00,07240,14.952557887490421,"07335,07255,07139",3
2023-06-16 06:00:00+00:00,07240,16.660145931209623,"07335,07255,07139",3
2023-06-18 03:00:00+00:00,07240,20.42839570599205,"07335,07255,07139",3
2023-06-18 06:00:00+00:00,07240,20.255590610261383,"07335,07255",2
2023-06-18 06:00:00+00:00,07139,18.143386170687904,"07037,07149",2
2023-06-18 09:00:00+00:00,07240,22.428840756879907,"07335,07255",2
2023-06-18 09:00:00+00:00,07139,20.987259979371515,"07037,07149",2
2023-06-18 12:00:00+00:00,07240,26.466233028190615,"07335,07255",2
2023-06-18 12:00:00+00:00,07139,25.967436576426437,"07037,07149",2
2023-06-18 15:00:00+00:00,07240,25.35650435388944,"07335,07255",2
2023-06-18 15:00:00+00:00,07139,23.055982273832214,"07037,07149",2
2023-06-18 18:00:00+00:00,07240,22.860375279352297,"07335,07255",2
2023-06-18 18:00:00+00:00,07139,18.223735340815516,"07037,07149",2
2023-06-18 21:00:00+00:00,07240,19.266698423453732,"07335,07255",2
2023-06-18 21:00:00+00:00,07139,16.845370453396097,"07037,07149",2
2023-06-19 00:00:00+00:00,07240,16.844581063277797,"07335,07255",2
2023-06-19 00:00:00+00:00,07139,15.111521339891288,"07037,07149",2
2023-06-19 03:00:00+00:00,07240,16.441468624331492,"07335,07255",2
2023-06-19 03:00:00+00:00,07139,15.243992720082279,"07037,07149",2
2023-06-19 06:00:00+00:00,07139,15.78540735215218,"07037,07240,07149",3
2023-06-20 09:00:00+00:00,07314,20.973948197390847,"07222,07240,07335",3
2023-06-21 00:00:00+00:00,07630,20.504072105182193,"07535,07558,07607",3
2023-06-21 03:00:00+00:00,07630,19.927948803558778,"07535,07558,07607",3
2023-06-21 03:00:00+00:00,07643,22.34618994150396,"07650,07747,07577",3
2023-06-21 06:00:00+00:00,07630,20.54147081740378,"07535,07558,07607",3
2023-06-21 09:00:00+00:00,07630,23.00962992013547,"07535,07558,07607",3
2023-06-21 12:00:00+00:00,07117,20.896697583549972,"07020,07110,07027",3
2023-06-21 12:00:00+00:00,07630,25.65695497426995,"07535,07558,07607",3
2023-06-21 15:00:00+00:00,07117,20.92496765593011,"07020,07110,07027",3
2023-06-21 18:00:00+00:00,07117,18.86902495550136,"07020,07110,07027",3
2023-06-21 21:00:00+00:00,07117,15.62420539361898,"07020,07110,07027",3
2023-06-22 00:00:00+00:00,07117,14.142314358466557,"07020,07110,07027",3
2023-06-22 03:00:00+00:00,07117,14.185326508200173,"07020,07110,07027",3
2023-06-22 06:00:00+00:00,07117,15.539554850408093,"07020,07110,07027",3
2023-06-22 06:00:00+00:00,07240,18.565108050377013,"07335,07255,07139",3
2023-06-22 15:00:00+00:00,07643,27.094092325849708,"07650,07747,07577",3
2023-06-22 21:00:00+00:00,07168,18.25305018556352,"07072,07181,07149",3
2023-06-23 03:00:00+00:00,07240,15.690095691564785,"07335,07255,07139",3
2023-06-23 06:00:00+00:00,07240,17.55101865462244,"07335,07255,07139",3
2023-06-23 09:00:00+00:00,07240,23.257887259894574,"07335,07255,07139",3
2023-06-23 12:00:00+00:00,07240,25.832857894746766,"07335,07255,07139",3
2023-06-23 15:00:00+00:00,07240,27.32478787195729,"07335,07255,07139",3
2023-06-23 18:00:00+00:00,07240,27.029262867034493,"07335,07255,07139",3
2023-06-23 21:00:00+00:00,07240,20.222619834830297,"07335,07255,07139",3
2023-06-24 00:00:00+00:00,07240,17.300208881489812,"07335,07255,07139",3
2023-06-24 03:00:00+00:00,07240,15.346268108372854,"07335,07255,07139",3
2023-06-24 06:00:00+00:00,07240,19.0232737540927,"07335,07255,07139",3
2023-06-24 09:00:00+00:00,07240,25.46192744397867,"07335,07255,07139",3
2023-06-24 12:00:00+00:00,07240,28.29326250101469,"07335,07255,07139",3
2023-06-24 15:00:00+00:00,07240,29.818147725049847,"07335,07255,07139",3
2023-06-24 18:00:00+00:00,07240,29.57955055333648,"07335,07255,07139",3
2023-06-24 21:00:00+00:00,07240,23.50178578378133,"07335,07255,07139",3
2023-06-25 00:00:00+00:00,07240,20.056138492680493,"07335,07255,07139",3
2023-06-25 03:00:00+00:00,07240,16.58771143146535,"07335,07255,07139",3
2023-06-25 06:00:00+00:00,07240,20.09251285322605,"07335,07255,07139",3
2023-06-25 09:00:00+00:00,07240,27.552658539885226,"07335,07255,07139",3
2023-06-28 00:00:00+00:00,07240,16.00907209344841,"07335,07255,07139",3
2023-06-28 03:00:00+00:00,07240,14.20749688262609,"07335,07255,07139",3
2023-06-28 06:00:00+00:00,07240,16.181212193271232,"07335,07255,07139",3
2023-06-28 09:00:00+00:00,07240,22.329025830029845,"07335,07255,07139",3
2023-06-28 12:00:00+00:00,07240,25.628766191628152,"07335,07255,07139",3
2023-06-28 15:00:00+00:00,07240,26.385234224792196,"07335,07255,07139",3
2023-06-28 18:00:00+00:00,07240,25.267498925814213,"07335,07255,07139",3
2023-06-28 21:00:00+00:00,07240,21.55268929755013,"07335,07255,07139",3
2023-06-29 00:00:00+00:00,07240,18.932193408954344,"07335,07255,07139",3
2023-06-29 03:00:00+00:00,07240,17.57863826278862,"07335,07255,07139",3
2023-07-01 00:00:00+00:00,07240,17.03279038767206,"07335,07255,07139",3
2023-07-01 03:00:00+00:00,07240,16.916057736939717,"07335,07255,07139",3
2023-07-01 06:00:00+00:00,07240,17.715656493638726,"07335,07255,07139",3
2023-07-02 09:00:00+00:00,07643,25.7075156532775,"07650,07747,07577",3
2023-07-03 06:00:00+00:00,07240,17.242570686114934,"07335,07255,07139",3
2023-07-04 18:00:00+00:00,07643,26.669767355472732,"07650,07747,07577",3
2023-07-05 00:00:00+00:00,07643,21.216965812516037,"07650,07747,07577",3
2023-07-08 00:00:00+00:00,07117,20.64782922289156,"07020,07110,07027",3
2023-07-09 06:00:00+00:00,07643,24.152125383586014,"07650,07747,07577",3
2023-07-09 09:00:00+00:00,07117,18.39561940667135,"07020,07110,07027",3
2023-07-09 12:00:00+00:00,07117,19.89156564104909,"07020,07110,07027",3
2023-07-09 15:00:00+00:00,07117,20.265655031706487,"07020,07110,07027",3
2023-07-09 18:00:00+00:00,07117,18.505695372120805,"07020,07110,07027",3
2023-07-09 21:00:00+00:00,07117,16.834300842923472,"07020,07110",2
2023-07-09 21:00:00+00:00,07027,17.034193022416478,"07037,07139,07005",3
2023-07-09 21:00:00+00:00,07643,25.353229651063153,"07650,07747,07577",3
2023-07-10 00:00:00+00:00,07117,14.77377103107954,"07020,07110,07027",3
2023-07-10 03:00:00+00:00,07117,14.969485455208389,"07020,07110,07027",3
2023-07-10 06:00:00+00:00,07117,16.794372261532885,"07020,07110,07027",3
2023-07-10 09:00:00+00:00,07117,19.554184299678255,"07020,07110,07027",3
2023-07-10 18:00:00+00:00,07117,20.037415507762177,"07020,07110,07027",3
2023-07-11 00:00:00+00:00,07117,17.88054279995491,"07020,07110,07027",3
2023-07-11 03:00:00+00:00,07117,17.649468595331918,"07020,07110,07027",3
2023-07-12 06:00:00+00:00,07577,22.841765249394857,"07481,07650",2
2023-07-12 06:00:00+00:00,07280,20.514047142998365,"07181,07299,07190",3
2023-07-12 21:00:00+00:00,07181,18.606137100405903,"07168,07280,07190",3
2023-07-13 00:00:00+00:00,07643,23.897931240027802,"07650,07747,07577",3
2023-07-14 06:00:00+00:00,07643,21.186638741106606,"07650,07747,07577",3
2023-07-17 03:00:00+00:00,07027,12.252118875822672,"07037,07139,07005",3
2023-07-19 09:00:00+00:00,07627,20.467174944887887,"07621,07630,07607",3
2023-07-19 15:00:00+00:00,07558,24.219083793507107,"07630,07434,07535",3
2023-07-20 09:00:00+00:00,07643,28.030093960836673,"07650,07747,07577",3
2023-07-20 12:00:00+00:00,07335,24.604455280547363,"07240,07255,07222",3
2023-07-23 00:00:00+00:00,07643,22.013403956969515,"07650,07747,07577",3
2023-07-24 09:00:00+00:00,07460,,,0
2023-07-24 09:00:00+00:00,07471,,,0
2023-07-24 09:00:00+00:00,07481,,,0
2023-07-24 09:00:00+00:00,07577,,,0
2023-07-24 09:00:00+00:00,07280,,,0
2023-07-24 09:00:00+00:00,07110,,,0
2023-07-24 09:00:00+00:00,07117,,,0
2023-07-24 09:00:00+00:00,07130,,,0
2023-07-24 09:00:00+00:00,07240,,,0
2023-07-24 09:00:00+00:00,07255,,,0
2023-07-24 09:00:00+00:00,07761,,,0
2023-07-24 09:00:00+00:00,07790,,,0
2023-07-24 09:00:00+00:00,07072,,,0
2023-07-24 09:00:00+00:00,07168,,,0
2023-07-24 09:00:00+00:00,07181,,,0
2023-07-24 09:00:00+00:00,07190,,,0
2023-07-24 09:00:00+00:00,07299,,,0
2023-07-24 09:00:00+00:00,07005,,,0
2023-07-24 09:00:00+00:00,07015,,,0
2023-07-24 09:00:00+00:00,07020,,,0
2023-07-24 09:00:00+00:00,07027,,,0
2023-07-24 09:00:00+00:00,07037,,,0
2023-07-24 09:00:00+00:00,07139,,,0
2023-07-24 09:00:00+00:00,07314,,,0
2023-07-24 09:00:00+00:00,07335,,,0
2023-07-24 09:00:00+00:00,07434,,,0
2023-07-24 09:00:00+00:00,07510,,,0
2023-07-24 09:00:00+00:00,07607,,,0
2023-07-24 09:00:00+00:00,07535,,,0
2023-07-24 09:00:00+00:00,07558,,,0
2023-07-24 09:00:00+00:00,07621,,,0
2023-07-24 09:00:00+00:00,07627,,,0
2023-07-24 09:00:00+00:00,07630,,,0
2023-07-24 09:00:00+00:00,07643,,,0
2023-07-24 09:00:00+00:00,07747,,,0
2023-07-24 09:00:00+00:00,07222,,,0
2023-07-24 09:00:00+00:00,07591,,,0
2023-07-24 09:00:00+00:00,07650,,,0
2023-07-24 09:00:00+00:00,07690,,,0
2023-07-24 09:00:00+00:00,07149,,,0
2023-07-24 12:00:00+00:00,07460,,,0
2023-07-24 12:00:00+00:00,07471,,,0
2023-07-24 12:00:00+00:00,07481,,,0
2023-07-24 12:00:00+00:00,07577,,,0
2023-07-24 12:00:00+00:00,07280,,,0
2023-07-24 12:00:00+00:00,07110,,,0
2023-07-24 12:00:00+00:00,07117,,,0
2023-07-24 12:00:00+00:00,07130,,,0
2023-07-24 12:00:00+00:00,07240,,,0
2023-07-24 12:00:00+00:00,07255,,,0
2023-07-24 12:00:00+00:00,07761,,,0
2023-07-24 12:00:00+00:00,07790,,,0
2023-07-24 12:00:00+00:00,07072,,,0
2023-07-24 12:00:00+00:00,07168,,,0
2023-07-24 12:00:00+00:00,07181,,,0
2023-07-24 12:00:00+00:00,07190,,,0
2023-07-24 12:00:00+00:00,07299,,,0
2023-07-24 12:00:00+00:00,07005,,,0
2023-07-24 12:00:00+00:00,07015,,,0
2023-07-24 12:00:00+00:00,07020,,,0
2023-07-24 12:00:00+00:00,07027,,,0
2023-07-24 12:00:00+00:00,07037,,,0
2023-07-24 12:00:00+00:00,07139,,,0
2023-07-24 12:00:00+00:00,07314,,,0
2023-07-24 12:00:00+00:00,07335,,,0
2023-07-24 12:00:00+00:00,07434,,,0
2023-07-24 12:00:00+00:00,07510,,,0
2023-07-24 12:00:00+00:00,07607,,,0
2023-07-24 12:00:00+00:00,07535,,,0
2023-07-24 12:00:00+00:00,07558,,,0
2023-07-24 12:00:00+00:00,07621,,,0
2023-07-24 12:00:00+00:00,07627,,,0
2023-07-24 12:00:00+00:00,07630,,,0
2023-07-24 12:00:00+00:00,07643,,,0
2023-07-24 12:00:00+00:00,07747,,,0
2023-07-24 12:00:00+00:00,07222,,,0
2023-07-24 12:00:00+00:00,07591,,,0
2023-07-24 12:00:00+00:00,07650,,,0
2023-07-24 12:00:00+00:00,07690,,,0
2023-07-24 12:00:00+00:00,07149,,,0
2023-07-24 15:00:00+00:00,07460,,,0
2023-07-24 15:00:00+00:00,07471,,,0
2023-07-24 15:00:00+00:00,07481,,,0
2023-07-24 15:00:00+00:00,07577,,,0
2023-07-24 15:00:00+00:00,07280,,,0
2023-07-24 15:00:00+00:00,07110,,,0
2023-07-24 15:00:00+00:00,07117,,,0
2023-07-24 15:00:00+00:00,07130,,,0
2023-07-24 15:00:00+00:00,07240,,,0
2023-07-24 15:00:00+00:00,07255,,,0
2023-07-24 15:00:00+00:00,07761,,,0
2023-07-24 15:00:00+00:00,07790,,,0
2023-07-24 15:00:00+00:00,07072,,,0
2023-07-24 15:00:00+00:00,07168,,,0
2023-07-24 15:00:00+00:00,07181,,,0
2023-07-24 15:00:00+00:00,07190,,,0
2023-07-24 15:00:00+00:00,07299,,,0
2023-07-24 15:00:00+00:00,07005,,,0
2023-07-24 15:00:00+00:00,07015,,,0
2023-07-24 15:00:00+00:00,07020,,,0
2023-07-24 15:00:00+00:00,07027,,,0
2023-07-24 15:00:00+00:00,07037,,,0
2023-07-24 15:00:00+00:00,07139,,,0
2023-07-24 15:00:00+00:00,07314,,,0
2023-07-24 15:00:00+00:00,07335,,,0
2023-07-24 15:00:00+00:00,07434,,,0
2023-07-24 15:00:00+00:00,07510,,,0
2023-07-24 15:00:00+00:00,07607,,,0
2023-07-24 15:00:00+00:00,07535,,,0
2023-07-24 15:00:00+00:00,07558,,,0
2023-07-24 15:00:00+00:00,07621,,,0
2023-07-24 15:00:00+00:00,07627,,,0
2023-07-24 15:00:00+00:00,07630,,,0
2023-07-24 15:00:00+00:00,07643,,,0
2023-07-24 15:00:00+00:00,07747,,,0
2023-07-24 15:00:00+00:00,07222,,,0
2023-07-24 15:00:00+00:00,07591,,,0
2023-07-24 15:00:00+00:00,07650,,,0
2023-07-24 15:00:00+00:00,07690,,,0
2023-07-24 15:00:00+00:00,07149,,,0
2023-07-24 18:00:00+00:00,07460,,,0
2023-07-24 18:00:00+00:00,07471,,,0
2023-07-24 18:00:00+00:00,07481,,,0
2023-07-24 18:00:00+00:00,07577,,,0
2023-07-24 18:00:00+00:00,07280,,,0
2023-07-24 18:00:00+00:00,07110,,,0
2023-07-24 18:00:00+00:00,07117,,,0
2023-07-24 18:00:00+00:00,07130,,,0
2023-07-24 18:00:00+00:00,07240,,,0
2023-07-24 18:00:00+00:00,07255,,,0
2023-07-24 18:00:00+00:00,07761,,,0
2023-07-24 18:00:00+00:00,07790,,,0
2023-07-24 18:00:00+00:00,07072,,,0
2023-07-24 18:00:00+00:00,07168,,,0
2023-07-24 18:00:00+00:00,07181,,,0
2023-07-24 18:00:00+00:00,07190,,,0
2023-07-24 18:00:00+00:00,07299,,,0
2023-07-24 18:00:00+00:00,07005,,,0
2023-07-24 18:00:00+00:00,07015,,,0
2023-07-24 18:00:00+00:00,07020,,,0
2023-07-24 18:00:00+00:00,07027,,,0
2023-07-24 18:00:00+00:00,07037,,,0
2023-07-24 18:00:00+00:00,07139,,,0
2023-07-24 18:00:00+00:00,07314,,,0
2023-07-24 18:00:00+00:00,07335,,,0
2023-07-24 18:00:00+00:00,07434,,,0
2023-07-24 18:00:00+00:00,07510,,,0
2023-07-24 18:00:00+00:00,07607,,,0
2023-07-24 18:00:00+00:00,07535,,,0
2023-07-24 18:00:00+00:00,07558,,,0
2023-07-24 18:00:00+00:00,07621,,,0
2023-07-24 18:00:00+00:00,07627,,,0
2023-07-24 18:00:00+00:00,07630,,,0
2023-07-24 18:00:00+00:00,07643,,,0
2023-07-24 18:00:00+00:00,07747,,,0
2023-07-24 18:00:00+00:00,07222,,,0
2023-07-24 18:00:00+00:00,07591,,,0
2023-07-24 18:00:00+00:00,07650,,,0
2023-07-24 18:00:00+00:00,07690,,,0
2023-07-24 18:00:00+00:00,07149,,,0
2023-07-24 21:00:00+00:00,07460,,,0
2023-07-24 21:00:00+00:00,07471,,,0
2023-07-24 21:00:00+00:00,07481,,,0
2023-07-24 21:00:00+00:00,07577,,,0
2023-07-24 21:00:00+00:00,07280,,,0
2023-07-24 21:00:00+00:00,07110,,,0
2023-07-24 21:00:00+00:00,07117,,,0
2023-07-24 21:00:00+00:00,07130,,,0
2023-07-24 21:00:00+00:00,07240,,,0
2023-07-24 21:00:00+00:00,07255,,,0
2023-07-24 21:00:00+00:00,07761,,,0
2023-07-24 21:00:00+00:00,07790,,,0
2023-07-24 21:00:00+00:00,07072,,,0
2023-07-24 21:00:00+00:00,07168,,,0
2023-07-24 21:00:00+00:00,07181,,,0
2023-07-24 21:00:00+00:00,07190,,,0
2023-07-24 21:00:00+00:00,07299,,,0
2023-07-24 21:00:00+00:00,07005,,,0
2023-07-24 21:00:00+00:00,07015,,,0
2023-07-24 21:00:00+00:00,07020,,,0
2023-07-24 21:00:00+00:00,07027,,,0
2023-07-24 21:00:00+00:00,07037,,,0
2023-07-24 21:00:00+00:00,07139,,,0
2023-07-24 21:00:00+00:00,07314,,,0
2023-07-24 21:00:00+00:00,07335,,,0
2023-07-24 21:00:00+00:00,07434,,,0
2023-07-24 21:00:00+00:00,07510,,,0
2023-07-24 21:00:00+00:00,07607,,,0
2023-07-24 21:00:00+00:00,07535,,,0
2023-07-24 21:00:00+00:00,07558,,,0
2023-07-24 21:00:00+00:00,07621,,,0
2023-07-24 21:00:00+00:00,07627,,,0
2023-07-24 21:00:00+00:00,07630,,,0
2023-07-24 21:00:00+00:00,07643,,,0
2023-07-24 21:00:00+00:00,07747,,,0
2023-07-24 21:00:00+00:00,07222,,,0
2023-07-24 21:00:00+00:00,07591,,,0
2023-07-24 21:00:00+00:00,07650,,,0
2023-07-24 21:00:00+00:00,07690,,,0
2023-07-24 21:00:00+00:00,07149,,,0
2023-07-25 00:00:00+00:00,07460,,,0
2023-07-25 00:00:00+00:00,07471,,,0
2023-07-25 00:00:00+00:00,07481,,,0
2023-07-25 00:00:00+00:00,07577,,,0
2023-07-25 00:00:00+00:00,07280,,,0
2023-07-25 00:00:00+00:00,07110,,,0
2023-07-25 00:00:00+00:00,07117,,,0
2023-07-25 00:00:00+00:00,07130,,,0
2023-07-25 00:00:00+00:00,07240,,,0
2023-07-25 00:00:00+00:00,07255,,,0
2023-07-25 00:00:00+00:00,07761,,,0
2023-07-25 00:00:00+00:00,07790,,,0
2023-07-25 00:00:00+00:00,07072,,,0
2023-07-25 00:00:00+00:00,07168,,,0
2023-07-25 00:00:00+00:00,07181,,,0
2023-07-25 00:00:00+00:00,07190,,,0
2023-07-25 00:00:00+00:00,07299,,,0
2023-07-25 00:00:00+00:00,07005,,,0
2023-07-25 00:00:00+00:00,07015,,,0
2023-07-25 00:00:00+00:00,07020,,,0
2023-07-25 00:00:00+00:00,07027,,,0
2023-07-25 00:00:00+00:00,07037,,,0
2023-07-25 00:00:00+00:00,07139,,,0
2023-07-25 00:00:00+00:00,07314,,,0
2023-07-25 00:00:00+00:00,07335,,,0
2023-07-25 00:00:00+00:00,07434,,,0
2023-07-25 00:00:00+00:00,07510,,,0
2023-07-25 00:00:00+00:00,07607,,,0
2023-07-25 00:00:00+00:00,07535,,,0
2023-07-25 00:00:00+00:00,07558,,,0
2023-07-25 00:00:00+00:00,07621,,,0
2023-07-25 00:00:00+00:00,07627,,,0
2023-07-25 00:00:00+00:00,07630,,,0
2023-07-25 00:00:00+00:00,07643,,,0
2023-07-25 00:00:00+00:00,07747,,,0
2023-07-25 00:00:00+00:00,07222,,,0
2023-07-25 00:00:00+00:00,07591,,,0
2023-07-25 00:00:00+00:00,07650,,,0
2023-07-25 00:00:00+00:00,07690,,,0
2023-07-25 00:00:00+00:00,07149,,,0
2023-07-25 03:00:00+00:00,07460,,,0
2023-07-25 03:00:00+00:00,07471,,,0
2023-07-25 03:00:00+00:00,07481,,,0
2023-07-25 03:00:00+00:00,07577,,,0
2023-07-25 03:00:00+00:00,07280,,,0
2023-07-25 03:00:00+00:00,07110,,,0
2023-07-25 03:00:00+00:00,07117,,,0
2023-07-25 03:00:00+00:00,07130,,,0
2023-07-25 03:00:00+00:00,07240,,,0
2023-07-25 03:00:00+00:00,07255,,,0
2023-07-25 03:00:00+00:00,07761,,,0
2023-07-25 03:00:00+00:00,07790,,,0
2023-07-25 03:00:00+00:00,07072,,,0
2023-07-25 03:00:00+00:00,07168,,,0
2023-07-25 03:00:00+00:00,07181,,,0
2023-07-25 03:00:00+00:00,07190,,,0
2023-07-25 03:00:00+00:00,07299,,,0
2023-07-25 03:00:00+00:00,07005,,,0
2023-07-25 03:00:00+00:00,07015,,,0
2023-07-25 03:00:00+00:00,07020,,,0
2023-07-25 03:00:00+00:00,07027,,,0
2023-07-25 03:00:00+00:00,07037,,,0
2023-07-25 03:00:00+00:00,07139,,,0
2023-07-25 03:00:00+00:00,07314,,,0
2023-07-25 03:00:00+00:00,07335,,,0
2023-07-25 03:00:00+00:00,07434,,,0
2023-07-25 03:00:00+00:00,07510,,,0
2023-07-25 03:00:00+00:00,07607,,,0
2023-07-25 03:00:00+00:00,07535,,,0
2023-07-25 03:00:00+00:00,07558,,,0
2023-07-25 03:00:00+00:00,07621,,,0
2023-07-25 03:00:00+00:00,07627,,,0
2023-07-25 03:00:00+00:00,07630,,,0
2023-07-25 03:00:00+00:00,07643,,,0
2023-07-25 03:00:00+00:00,07747,,,0
2023-07-25 03:00:00+00:00,07222,,,0
2023-07-25 03:00:00+00:00,07591,,,0
2023-07-25 03:00:00+00:00,07650,,,0
2023-07-25 03:00:00+00:00,07690,,,0
2023-07-25 03:00:00+00:00,07149,,,0
2023-07-25 06:00:00+00:00,07460,,,0
2023-07-25 06:00:00+00:00,07471,,,0
2023-07-25 06:00:00+00:00,07481,,,0
2023-07-25 06:00:00+00:00,07577,,,0
2023-07-25 06:00:00+00:00,07280,,,0
2023-07-25 06:00:00+00:00,07110,,,0
2023-07-25 06:00:00+00:00,07117,,,0
2023-07-25 06:00:00+00:00,07130,,,0
2023-07-25 06:00:00+00:00,07240,,,0
2023-07-25 06:00:00+00:00,07255,,,0
2023-07-25 06:00:00+00:00,07761,,,0
2023-07-25 06:00:00+00:00,07790,,,0
2023-07-25 06:00:00+00:00,07072,,,0
2023-07-25 06:00:00+00:00,07168,,,0
2023-07-25 06:00:00+00:00,07181,,,0
2023-07-25 06:00:00+00:00,07190,,,0
2023-07-25 06:00:00+00:00,07299,,,0
2023-07-25 06:00:00+00:00,07005,,,0
2023-07-25 06:00:00+00:00,07015,,,0
2023-07-25 06:00:00+00:00,07020,,,0
2023-07-25 06:00:00+00:00,07027,,,0
2023-07-25 06:00:00+00:00,07037,,,0
2023-07-25 06:00:00+00:00,07139,,,0
2023-07-25 06:00:00+00:00,07314,,,0
2023-07-25 06:00:00+00:00,07335,,,0
2023-07-25 06:00:00+00:00,07434,,,0
2023-07-25 06:00:00+00:00,07510,,,0
2023-07-25 06:00:00+00:00,07607,,,0
2023-07-25 06:00:00+00:00,07535,,,0
2023-07-25 06:00:00+00:00,07558,,,0
2023-07-25 06:00:00+00:00,07621,,,0
2023-07-25 06:00:00+00:00,07627,,,0
2023-07-25 06:00:00+00:00,07630,,,0
2023-07-25 06:00:00+00:00,07643,,,0
2023-07-25 06:00:00+00:00,07747,,,0
2023-07-25 06:00:00+00:00,07222,,,0
2023-07-25 06:00:00+00:00,07591,,,0
2023-07-25 06:00:00+00:00,07650,,,0
2023-07-25 06:00:00+00:00,07690,,,0
2023-07-25 06:00:00+00:00,07149,,,0
2023-07-26 06:00:00+00:00,07643,19.300231709316915,"07650,07747,07577",3
2023-07-27 00:00:00+00:00,07027,16.6214759880793,"07037,07139,07005",3
2023-07-27 00:00:00+00:00,07643,21.29033173657702,"07650,07747,07577",3
2023-07-28 03:00:00+00:00,07643,21.36027939072993,"07650,07747,07577",3
2023-07-30 03:00:00+00:00,07643,22.84630389141974,"07650,07747,07577",3
2023-07-31 21:00:00+00:00,07558,19.33672032499583,"07630,07434,07535",3
2023-08-11 06:00:00+00:00,07643,22.072221676879533,"07650,07747,07577",3
2023-08-11 12:00:00+00:00,07314,20.143917538416034,"07222,07240,07335",3
2023-08-12 18:00:00+00:00,07027,19.618898599249768,"07037,07139,07005",3
2023-08-14 09:00:00+00:00,07027,20.423773108635114,"07037,07139,07005",3
2023-08-17 21:00:00+00:00,07643,24.082874888297205,"07650,07747,07577",3
2023-08-18 21:00:00+00:00,07117,20.143613945508406,"07020,07110,07027",3
2023-08-19 00:00:00+00:00,07117,19.244462614951175,"07020,07110,07027",3
2023-08-19 00:00:00+00:00,07558,22.188291147956253,"07630,07434,07535",3
2023-08-19 03:00:00+00:00,07117,17.896327724332977,"07020,07110,07027",3
2023-08-19 06:00:00+00:00,07314,18.766227842860207,"07222,07240,07335",3
2023-08-19 09:00:00+00:00,07314,20.778713270532542,"07222,07240,07335",3
2023-08-20 06:00:00+00:00,07027,15.28531153843638,"07037,07139,07005",3
2023-08-20 06:00:00+00:00,07643,23.49902943941431,"07650,07747,07577",3
2023-08-22 00:00:00+00:00,07139,18.046134106138908,"07037,07240,07149",3
2023-08-22 03:00:00+00:00,07139,17.220831061764347,"07037,07240,07149",3
2023-08-22 06:00:00+00:00,07139,18.281527249056097,"07037,07240,07149",3
2023-08-22 18:00:00+00:00,07643,31.891615372919482,"07650,07747,07577",3
2023-08-23 06:00:00+00:00,07643,25.93410858388794,"07650,07747,07577",3
2023-08-23 15:00:00+00:00,07027,27.33156603852306,"07037,07139,07005",3
2023-08-24 03:00:00+00:00,07139,21.52800246402836,"07037,07240,07149",3
2023-08-24 06:00:00+00:00,07139,21.27222896270841,"07037,07240,07149",3
2023-08-25 21:00:00+00:00,07015,15.493398302445884,"07005,07037,07149",3
2023-08-26 00:00:00+00:00,07015,14.251014384846695,"07005,07037,07149",3
2023-08-26 03:00:00+00:00,07015,13.504676984801353,"07005,07037,07149",3
2023-08-26 06:00:00+00:00,07015,13.733608583529051,"07005,07037,07149",3
2023-08-26 09:00:00+00:00,07015,17.3002915809228,"07005,07037,07149",3
2023-08-26 12:00:00+00:00,07015,17.468157120685785,"07005,07037,07149",3
2023-08-26 15:00:00+00:00,07015,17.86520026318978,"07005,07037,07149",3
2023-08-26 18:00:00+00:00,07015,17.420958086290423,"07005,07037,07149",3
2023-08-26 21:00:00+00:00,07015,15.546430245605665,"07005,07037,07149",3
2023-08-27 00:00:00+00:00,07015,14.36952953175772,"07005,07037,07149",3
2023-08-27 03:00:00+00:00,07015,12.438325829899835,"07005,07037,07149",3
2023-08-27 03:00:00+00:00,07139,11.435035467236842,"07037,07240,07149",3
2023-08-27 06:00:00+00:00,07015,12.686345720302391,"07005,07037,07149",3
2023-08-27 06:00:00+00:00,07139,11.544131079991587,"07037,07240,07149",3
2023-08-27 09:00:00+00:00,07015,16.80878184178778,"07005,07037,07149",3
2023-08-27 09:00:00+00:00,07139,15.570423159534261,"07037,07240,07149",3
2023-08-27 12:00:00+00:00,07015,18.70525124333913,"07005,07037,07149",3
2023-08-27 12:00:00+00:00,07139,18.632296486074466,"07037,07240,07149",3
2023-08-27 15:00:00+00:00,07015,19.58751530949193,"07005,07037,07149",3
2023-08-27 15:00:00+00:00,07139,17.944068870386246,"07037,07240,07149",3
2023-08-27 18:00:00+00:00,07015,16.74198903419346,"07005,07037,07149",3
2023-08-27 18:00:00+00:00,07139,17.142781295106765,"07037,07240,07149",3
2023-08-27 21:00:00+00:00,07015,14.771729362077789,"07005,07037,07149",3
2023-08-27 21:00:00+00:00,07139,14.180543391574103,"07037,07240,07149",3
2023-08-28 00:00:00+00:00,07015,13.2883230170461,"07005,07037,07149",3
2023-08-28 00:00:00+00:00,07139,13.171852442409765,"07037,07240,07149",3
2023-08-28 03:00:00+00:00,07015,13.85757752806148,"07005,07037,07149",3
2023-08-28 03:00:00+00:00,07139,12.674005830921931,"07037,07240,07149",3
2023-08-28 06:00:00+00:00,07015,14.29094974201257,"07005,07037,07149",3
2023-08-28 06:00:00+00:00,07139,13.552604497709764,"07037,07240,07149",3
2023-08-28 09:00:00+00:00,07299,15.183553321261774,"07190,07280,07181",3
2023-08-28 09:00:00+00:00,07015,17.62122909173033,"07005,07037,07149",3
2023-08-28 09:00:00+00:00,07139,16.552614177876855,"07037,07240,07149",3
2023-08-28 12:00:00+00:00,07299,17.57801589613491,"07190,07280,07181",3
2023-08-28 12:00:00+00:00,07015,18.656534233381862,"07005,07037,07149",3
2023-08-28 15:00:00+00:00,07015,18.52997149716853,"07005,07037,07149",3
2023-08-28 18:00:00+00:00,07015,18.172578544532893,"07005,07037,07149",3
2023-08-28 21:00:00+00:00,07015,14.28843795166938,"07005,07037,07149",3
2023-08-29 00:00:00+00:00,07015,12.892715848766219,"07005,07037,07149",3
2023-08-29 03:00:00+00:00,07015,11.662334021785398,"07005,07037,07149",3
2023-08-29 06:00:00+00:00,07015,12.422888192987003,"07005,07037,07149",3
2023-08-29 09:00:00+00:00,07015,17.070354224906016,"07005,07037,07149",3
2023-08-29 12:00:00+00:00,07015,18.88484592271226,"07005,07037,07149",3
2023-08-29 15:00:00+00:00,07015,19.258853008974093,"07005,07037,07149",3
2023-08-29 15:00:00+00:00,07314,18.997980385631138,"07222,07240,07335",3
2023-08-29 18:00:00+00:00,07015,17.177379499471453,"07005,07037,07149",3
2023-08-29 18:00:00+00:00,07314,17.802194345434405,"07222,07240,07335",3
2023-08-29 21:00:00+00:00,07015,14.3441147923021,"07005,07037,07149",3
2023-08-30 00:00:00+00:00,07015,13.870332635206845,"07005,07037,07149",3
2023-08-30 03:00:00+00:00,07015,14.181368308060701,"07005,07037,07149",3
2023-08-30 06:00:00+00:00,07015,14.404011091302166,"07005,07037,07149",3
2023-08-30 09:00:00+00:00,07015,16.448535619960413,"07005,07037,07149",3
2023-08-30 21:00:00+00:00,07643,19.606930888543168,"07650,07747,07577",3
2023-09-04 06:00:00+00:00,07643,18.514274567316296,"07650,07747,07577",3
2023-09-04 15:00:00+00:00,07460,34.26430020383157,"07471,07481,07255",3
2023-09-05 09:00:00+00:00,07015,23.58907655389087,"07005,07037,07149",3
2023-09-06 09:00:00+00:00,07643,24.942659510711806,"07650,07747,07577",3
2023-09-10 03:00:00+00:00,07690,18.34134522475601,"07790,07650,07643",3
2023-09-10 18:00:00+00:00,07643,24.645883562324215,"07650,07747,07577",3
2023-09-11 12:00:00+00:00,07643,28.096892624745927,"07650,07747,07577",3
2023-09-11 15:00:00+00:00,07015,21.85746062599434,"07005,07037,07149",3
2023-09-11 15:00:00+00:00,07314,24.82509383846434,"07222,07240,07335",3
2023-09-12 12:00:00+00:00,07314,21.511002165537377,"07222,07240,07335",3
2023-09-18 00:00:00+00:00,07471,16.769313070824573,"07460,07481,07558",3
2023-09-18 03:00:00+00:00,07471,15.780137016234354,"07460,07481,07558",3
2023-09-18 06:00:00+00:00,07471,14.911325501035547,"07460,07481,07558",3
2023-09-18 09:00:00+00:00,07471,18.225948491871154,"07460,07481,07558",3
2023-09-19 00:00:00+00:00,07020,14.486439349593372,"07117,07027,07005",3
2023-09-19 03:00:00+00:00,07020,14.645779567335621,"07117,07027,07005",3
2023-09-19 06:00:00+00:00,07020,14.871088759270181,"07117,07027,07005",3
2023-09-19 15:00:00+00:00,07139,19.952836781468537,"07037,07240,07149",3
2023-09-19 18:00:00+00:00,07139,18.664480493225096,"07037,07240,07149",3
2023-09-19 21:00:00+00:00,07139,16.816518939660874,"07037,07240,07149",3
2023-09-20 00:00:00+00:00,07139,15.65257212487073,"07037,07240,07149",3
2023-09-20 03:00:00+00:00,07139,15.063231303940134,"07037,07240,07149",3
2023-09-20 06:00:00+00:00,07139,14.69661640328795,"07037,07240,07149",3
2023-09-20 09:00:00+00:00,07139,18.070945434176178,"07037,07240,07149",3
2023-09-20 12:00:00+00:00,07139,21.95389028938111,"07037,07240,07149",3
2023-09-20 15:00:00+00:00,07139,22.926744749312444,"07037,07240,07149",3
2023-09-20 15:00:00+00:00,07314,21.821782903009378,"07222,07240,07335",3
2023-09-20 18:00:00+00:00,07139,21.23391543003804,"07037,07240,07149",3
2023-09-20 21:00:00+00:00,07139,19.193400275300892,"07037,07240,07149",3
2023-09-21 00:00:00+00:00,07139,16.8484370453439,"07037,07240,07149",3
2023-09-21 03:00:00+00:00,07139,15.379881246406452,"07037,07240,07149",3
2023-09-21 06:00:00+00:00,07139,14.777588662573706,"07037,07240,07149",3
2023-09-24 21:00:00+00:00,07643,14.551055182207369,"07650,07747,07577",3
2023-09-25 15:00:00+00:00,07314,21.442799503311697,"07222,07240,07335",3
2023-09-26 12:00:00+00:00,07072,23.280994861749914,"07168,07149,07181",3
2023-09-26 18:00:00+00:00,07577,21.508890936060546,"07481,07650,07280",3
2023-09-29 06:00:00+00:00,07643,15.192727798934751,"07650,07747,07577",3
2023-09-29 12:00:00+00:00,07314,19.840903781308413,"07222,07240,07335",3
2023-09-30 00:00:00+00:00,07643,23.351937151452148,"07650,07747,07577",3
2023-09-30 03:00:00+00:00,07139,10.008408405460571,"07037,07240,07149",3
2023-09-30 06:00:00+00:00,07139,9.211664210645122,"07037,07240,07149",3
2023-09-30 09:00:00+00:00,07139,14.068819779555296,"07037,07240,07149",3
2023-09-30 12:00:00+00:00,07139,19.17880771836151,"07037,07240,07149",3
2023-09-30 12:00:00+00:00,07314,20.56861733977727,"07222,07240,07335",3
2023-09-30 15:00:00+00:00,07139,20.9093715366788,"07037,07240,07149",3
2023-09-30 15:00:00+00:00,07314,21.784945886023316,"07222,07240,07335",3
2023-09-30 18:00:00+00:00,07139,17.56956997194189,"07037,07240,07149",3
2023-09-30 21:00:00+00:00,07139,14.212167003893045,"07037,07240,07149",3
2023-10-01 00:00:00+00:00,07139,12.829564875606831,"07037,07240,07149",3
2023-10-01 03:00:00+00:00,07139,11.641138503735066,"07037,07240,07149",3
2023-10-01 06:00:00+00:00,07139,11.055146985827674,"07037,07240,07149",3
2023-10-01 09:00:00+00:00,07139,18.495505597651494,"07037,07240,07149",3
2023-10-01 12:00:00+00:00,07139,24.014672124285816,"07037,07240,07149",3
2023-10-01 15:00:00+00:00,07139,26.69260500143025,"07037,07240,07149",3
2023-10-01 18:00:00+00:00,07139,21.26071980732463,"07037,07240,07149",3
2023-10-01 21:00:00+00:00,07139,18.124117425253566,"07037,07240,07149",3
2023-10-02 00:00:00+00:00,07139,15.857811587478094,"07037,07240,07149",3
2023-10-02 03:00:00+00:00,07139,14.424238656983526,"07037,07240,07149",3
2023-10-02 06:00:00+00:00,07139,13.006833207977657,"07037,07240,07149",3
2023-10-02 06:00:00+00:00,07643,15.301935203270228,"07650,07747,07577",3
2023-10-02 09:00:00+00:00,07139,19.91860380868131,"07037,07240,07149",3
2023-10-02 12:00:00+00:00,07314,25.182329629463837,"07222,07240,07335",3
2023-10-02 15:00:00+00:00,07314,26.000830037731667,"07222,07240,07335",3
2023-10-03 03:00:00+00:00,07643,19.833999686540505,"07650,07747,07577",3
2023-10-03 12:00:00+00:00,07577,26.592486678795755,"07481,07650,07280",3
2023-10-04 09:00:00+00:00,07020,15.151004842220809,"07117,07027,07005",3
2023-10-04 12:00:00+00:00,07020,16.97853453186033,"07117,07027,07005",3
2023-10-04 15:00:00+00:00,07020,16.701029737062257,"07117,07027,07005",3
2023-10-04 18:00:00+00:00,07020,14.623269612767922,"07117,07027,07005",3
2023-10-04 21:00:00+00:00,07020,13.742442264315734,"07117,07027,07005",3
2023-10-05 00:00:00+00:00,07020,13.171734609537411,"07117,07027,07005",3
2023-10-05 03:00:00+00:00,07020,12.995166805230541,"07117,07027,07005",3
2023-10-05 03:00:00+00:00,07643,13.8261175241174,"07650,07747,07577",3
2023-10-05 06:00:00+00:00,07020,12.433072943734535,"07117,07027,07005",3
2023-10-05 06:00:00+00:00,07314,10.805526800956088,"07222,07240,07335",3
2023-10-05 15:00:00+00:00,07314,20.08895534806375,"07222,07240",2
2023-10-05 15:00:00+00:00,07335,21.259056604161792,"07240,07255,07222",3
2023-10-06 00:00:00+00:00,07643,15.14312168613152,"07650,07747,07577",3
2023-10-06 12:00:00+00:00,07027,18.992639648814542,"07037,07139,07005",3
2023-10-06 15:00:00+00:00,07314,21.90717009373813,"07222,07240,07335",3
2023-10-07 12:00:00+00:00,07643,24.34795830850186,"07650,07747,07577",3
2023-10-08 09:00:00+00:00,07314,18.501783025192367,"07222,07240,07335",3
2023-10-08 12:00:00+00:00,07314,24.211966974704325,"07222,07240,07335",3
2023-10-08 21:00:00+00:00,07314,16.634157729846187,"07222,07240,07335",3
2023-10-09 03:00:00+00:00,07314,14.07547128531438,"07222,07240,07335",3
2023-10-09 06:00:00+00:00,07643,12.956703064065561,"07650,07747,07577",3
2023-10-09 18:00:00+00:00,07314,20.6586296813742,"07222,07240,07335",3
2023-10-10 12:00:00+00:00,07314,23.862962913200974,"07222,07240,07335",3
2023-10-10 18:00:00+00:00,07314,19.29339781208309,"07222,07240,07335",3
2023-10-11 15:00:00+00:00,07314,23.797012062905196,"07222,07240,07335",3
2023-10-12 00:00:00+00:00,07643,18.325311551702114,"07650,07747,07577",3
2023-10-12 12:00:00+00:00,07314,21.780733747248853,"07222,07240,07335",3
2023-10-12 15:00:00+00:00,07314,22.06619977809185,"07222,07240,07335",3
2023-10-13 12:00:00+00:00,07314,22.003879106421245,"07222,07240,07335",3
2023-10-13 21:00:00+00:00,07314,17.887662890842577,"07222,07240,07335",3
2023-10-14 12:00:00+00:00,07314,16.574853736304327,"07222,07240,07335",3
2023-10-14 15:00:00+00:00,07643,25.18353136580881,"07650,07747,07577",3
2023-10-14 21:00:00+00:00,07314,13.034431078020685,"07222,07240,07335",3
2023-10-15 00:00:00+00:00,07314,12.420928760158283,"07222,07240,07335",3
2023-10-15 15:00:00+00:00,07761,22.854966794926035,"07790,07690,07650",3
2023-10-15 15:00:00+00:00,07643,19.893216424695538,"07650,07747,07577",3
2023-10-15 21:00:00+00:00,07314,12.425834052455354,"07222,07240,07335",3
2023-10-16 18:00:00+00:00,07314,13.503290324291468,"07222,07240,07335",3
2023-10-16 18:00:00+00:00,07643,17.984939132882598,"07650,07747,07577",3
2023-10-16 21:00:00+00:00,07314,12.296913173654374,"07222,07240,07335",3
2023-10-17 09:00:00+00:00,07314,14.749292765652482,"07222,07240,07335",3
2023-10-17 15:00:00+00:00,07314,20.826901948166938,"07222,07240,07335",3
2023-10-17 18:00:00+00:00,07314,19.499974757586536,"07222,07240,07335",3
2023-10-17 21:00:00+00:00,07314,18.962021129870536,"07222,07240,07335",3
2023-10-17 21:00:00+00:00,07643,18.739299961961514,"07650,07747,07577",3
2023-10-18 09:00:00+00:00,07314,17.91922540012589,"07222,07240,07335",3
2023-10-19 00:00:00+00:00,07643,20.25441130733702,"07650,07747,07577",3
2023-10-19 06:00:00+00:00,07314,16.099324033282358,"07222,07240,07335",3
2023-10-19 12:00:00+00:00,07643,22.81928456362317,"07650,07747,07577",3
2023-10-20 09:00:00+00:00,07314,15.344885861141972,"07222,07240,07335",3
2023-10-20 12:00:00+00:00,07314,15.62282295801464,"07222,07240,07335",3
2023-10-20 18:00:00+00:00,07130,14.299089023940052,"07222,07139,07027",3
2023-10-20 21:00:00+00:00,07130,13.605759601475993,"07222,07139,07027",3
2023-10-20 21:00:00+00:00,07643,18.179469292966765,"07650,07747,07577",3
2023-10-21 00:00:00+00:00,07130,12.274116083933091,"07222,07139,07027",3
2023-10-21 03:00:00+00:00,07130,12.234110181770992,"07222,07139,07027",3
2023-10-21 06:00:00+00:00,07130,12.63426514349529,"07222,07139,07027",3
2023-10-21 09:00:00+00:00,07130,13.950120254312834,"07222,07139,07027",3
2023-10-21 12:00:00+00:00,07130,14.868317386373544,"07222,07139,07027",3
2023-10-21 15:00:00+00:00,07130,13.865940357025723,"07222,07139,07027",3
2023-10-21 18:00:00+00:00,07130,13.567340069890617,"07222,07139,07027",3
2023-10-21 21:00:00+00:00,07130,13.005123904429215,"07222,07139,07027",3
2023-10-22 00:00:00+00:00,07130,11.653608626616819,"07222,07139,07027",3
2023-10-22 03:00:00+00:00,07130,10.50847866245247,"07222,07139,07027",3
2023-10-22 06:00:00+00:00,07130,9.808700534365254,"07222,07139,07027",3
2023-10-22 09:00:00+00:00,07130,12.73015009396353,"07222,07139,07027",3
2023-10-22 12:00:00+00:00,07130,16.870612310050618,"07222,07139,07027",3
2023-10-22 12:00:00+00:00,07643,18.750795237296195,"07650,07747,07577",3
2023-10-22 15:00:00+00:00,07130,16.540585324250856,"07222,07139,07027",3
2023-10-22 15:00:00+00:00,07314,17.022876377102804,"07222,07240,07335",3
2023-10-22 18:00:00+00:00,07130,12.732928822605471,"07222,07139,07027",3
2023-10-22 21:00:00+00:00,07130,11.10007576812294,"07222,07139,07027",3
2023-10-23 00:00:00+00:00,07130,10.307369060413782,"07222,07139,07027",3
2023-10-23 03:00:00+00:00,07130,9.96183541356314,"07222,07139,07027",3
2023-10-23 06:00:00+00:00,07130,10.139882030281333,"07222,07139,07027",3
2023-10-23 09:00:00+00:00,07314,12.942095211817636,"07222,07240,07335",3
2023-10-23 15:00:00+00:00,07314,15.502920573252704,"07222,07240,07335",3
2023-10-23 18:00:00+00:00,07314,14.151341990871972,"07222,07240,07335",3
2023-10-24 00:00:00+00:00,07037,9.717836722410059,"07005,07139,07149",3
2023-10-24 03:00:00+00:00,07037,9.866714673394231,"07005,07139,07149",3
2023-10-24 06:00:00+00:00,07314,11.76006571155472,"07222,07240,07335",3
2023-10-24 09:00:00+00:00,07314,14.214468711091802,"07222,07240,07335",3
2023-10-24 12:00:00+00:00,07314,16.299057257988164,"07222,07240,07335",3
2023-10-24 15:00:00+00:00,07314,15.108168569738607,"07222,07240,07335",3
2023-10-25 00:00:00+00:00,07117,12.39550841449242,"07020,07110,07027",3
2023-10-25 03:00:00+00:00,07117,12.318681048023985,"07020,07110,07027",3
2023-10-25 06:00:00+00:00,07117,12.183609299106474,"07020,07110,07027",3
2023-10-25 09:00:00+00:00,07761,18.511016915766803,"07790,07690,07650",3
2023-10-25 21:00:00+00:00,07190,12.953030755415574,"07299,07280,07181",3
2023-10-25 21:00:00+00:00,07314,15.441159963387303,"07222,07240,07335",3
2023-10-27 18:00:00+00:00,07314,13.82409779440767,"07222,07240,07335",3
2023-10-27 18:00:00+00:00,07643,15.97375241722154,"07650,07747,07577",3
2023-10-28 21:00:00+00:00,07314,15.334773457827444,"07222,07240,07335",3
2023-10-29 12:00:00+00:00,07110,13.052898029386496,"07130,07117,07027",3
2023-10-29 12:00:00+00:00,07314,16.58329197184733,"07222,07240,07335",3
2023-10-29 15:00:00+00:00,07110,13.51986743303136,"07130,07117,07027",3
2023-10-29 15:00:00+00:00,07314,16.333342345977233,"07222,07240,07335",3
2023-10-29 21:00:00+00:00,07314,13.452255618237078,"07222,07240,07335",3
2023-10-30 09:00:00+00:00,07314,12.97162205722108,"07222,07240,07335",3
2023-10-30 15:00:00+00:00,07314,14.515305993304793,"07222,07240,07335",3
2023-10-30 21:00:00+00:00,07314,12.867934530369704,"07222,07240,07335",3
2023-11-01 09:00:00+00:00,07314,13.634794672436657,"07222,07240,07335",3
2023-11-02 00:00:00+00:00,07643,14.100071477707901,"07650,07747,07577",3
2023-11-02 03:00:00+00:00,07117,11.816864063403068,"07020,07110,07027",3
2023-11-02 15:00:00+00:00,07314,13.150473178113314,"07222,07240,07335",3
2023-11-03 12:00:00+00:00,07020,13.051428567214469,"07117,07027,07005",3
2023-11-03 15:00:00+00:00,07020,11.601208873581482,"07117,07027,07005",3
2023-11-03 18:00:00+00:00,07020,11.027480546394884,"07117,07027,07005",3
2023-11-03 21:00:00+00:00,07020,10.459398391554,"07117,07027,07005",3
2023-11-04 00:00:00+00:00,07020,10.04471165072484,"07117,07027,07005",3
2023-11-04 03:00:00+00:00,07020,10.004053972465844,"07117,07027,07005",3
2023-11-04 06:00:00+00:00,07020,11.491125446265517,"07117,07027,07005",3
2023-11-04 06:00:00+00:00,07643,9.498001549594429,"07650,07747,07577",3
2023-11-04 09:00:00+00:00,07020,10.908530743655028,"07117,07027,07005",3
2023-11-04 12:00:00+00:00,07020,12.890954000560608,"07117,07027,07005",3
2023-11-04 15:00:00+00:00,07020,12.629619184128828,"07117,07027,07005",3
2023-11-04 18:00:00+00:00,07020,11.506606740033906,"07117,07027,07005",3
2023-11-04 21:00:00+00:00,07020,11.11456486521514,"07117,07027,07005",3
2023-11-05 00:00:00+00:00,07020,12.081770607145781,"07117,07027,07005",3
2023-11-05 03:00:00+00:00,07020,12.164873186445506,"07117,07027,07005",3
2023-11-05 06:00:00+00:00,07020,12.237615679666725,"07117,07027,07005",3
2023-11-05 09:00:00+00:00,07020,12.558663913689381,"07117,07027,07005",3
2023-11-05 12:00:00+00:00,07020,13.703316667068053,"07117,07027,07005",3
2023-11-05 15:00:00+00:00,07020,13.005001926653215,"07117,07027,07005",3
2023-11-05 18:00:00+00:00,07020,11.86126931040122,"07117,07027,07005",3
2023-11-05 18:00:00+00:00,07314,13.315921314830067,"07222,07240,07335",3
2023-11-05 21:00:00+00:00,07020,10.780270784148394,"07117,07027,07005",3
2023-11-06 00:00:00+00:00,07020,10.293410004368297,"07117,07027,07005",3
2023-11-06 03:00:00+00:00,07020,10.081563430891539,"07117,07027,07005",3
2023-11-06 06:00:00+00:00,07020,9.857607918911201,"07117,07027,07005",3
2023-11-06 06:00:00+00:00,07643,8.364517942219763,"07650,07747,07577",3
2023-11-06 09:00:00+00:00,07020,10.930522735795304,"07117,07027,07005",3
2023-11-06 12:00:00+00:00,07020,12.474383495863654,"07117,07027,07005",3
2023-11-06 15:00:00+00:00,07020,12.317753197658723,"07117,07027,07005",3
2023-11-06 18:00:00+00:00,07020,9.859491682779005,"07117,07027,07005",3
2023-11-06 18:00:00+00:00,07314,12.060616834694667,"07222,07240,07335",3
2023-11-06 18:00:00+00:00,07149,10.091883151406037,"07240,07037,07139",3
2023-11-06 21:00:00+00:00,07020,10.169257133967553,"07117,07027,07005",3
2023-11-07 00:00:00+00:00,07020,9.6497840149405,"07117,07027,07005",3
2023-11-07 03:00:00+00:00,07020,10.202262086056498,"07117,07027,07005",3
2023-11-07 06:00:00+00:00,07020,9.467839861173388,"07117,07027,07005",3
2023-11-07 09:00:00+00:00,07020,10.3431559487226,"07117,07027,07005",3
2023-11-07 12:00:00+00:00,07020,12.98528375159389,"07117,07027,07005",3
2023-11-07 15:00:00+00:00,07020,11.907912722376226,"07117,07027,07005",3
2023-11-07 18:00:00+00:00,07020,10.665909545555968,"07117,07027,07005",3
2023-11-07 21:00:00+00:00,07020,10.291485310514966,"07117,07027,07005",3
2023-11-08 00:00:00+00:00,07020,10.067178115678136,"07117,07027,07005",3
2023-11-08 03:00:00+00:00,07020,10.762648025112927,"07117,07027,07005",3
2023-11-08 03:00:00+00:00,07643,5.731312402099277,"07650,07747,07577",3
2023-11-08 06:00:00+00:00,07020,11.431669730073919,"07117,07027,07005",3
2023-11-08 09:00:00+00:00,07020,13.044777838142148,"07117,07027,07005",3
2023-11-08 12:00:00+00:00,07020,13.865364244718785,"07117,07027,07005",3
2023-11-08 15:00:00+00:00,07020,11.226259673884604,"07117,07027,07005",3
2023-11-08 15:00:00+00:00,07314,14.412349177967393,"07222,07240,07335",3
2023-11-08 18:00:00+00:00,07020,11.85244130533403,"07117,07027,07005",3
2023-11-08 21:00:00+00:00,07020,11.148097341588786,"07117,07027,07005",3
2023-11-09 00:00:00+00:00,07020,9.978484975133213,"07117,07027,07005",3
2023-11-09 03:00:00+00:00,07020,10.372273142748217,"07117,07027,07005",3
2023-11-09 06:00:00+00:00,07020,10.124928469059023,"07117,07027,07005",3
2023-11-09 09:00:00+00:00,07020,10.180012392516947,"07117,07027,07005",3
2023-11-10 21:00:00+00:00,07314,11.050467881505659,"07222,07240,07335",3
2023-11-11 00:00:00+00:00,07314,10.261265914250401,"07222,07240,07335",3
2023-11-17 15:00:00+00:00,07761,16.480530466068508,"07790,07690,07650",3
2023-11-23 12:00:00+00:00,07643,12.491964136819776,"07650,07747,07577",3
2023-11-24 03:00:00+00:00,07643,7.526175546794864,"07650,07747,07577",3
2023-11-26 03:00:00+00:00,07643,4.994235438136051,"07650,07747,07577",3
2023-11-26 09:00:00+00:00,07591,0.3108811383571295,"07577,07650,07558",3
2023-11-27 12:00:00+00:00,07314,11.755825656792087,"07222,07240,07335",3
2023-11-28 21:00:00+00:00,07314,8.314699796526675,"07222,07240,07335",3
2023-11-29 06:00:00+00:00,07643,5.070149255003983,"07650,07747,07577",3
2023-11-29 12:00:00+00:00,07591,4.169877111841059,"07577,07650,07558",3
2023-12-02 18:00:00+00:00,07643,5.715129615344261,"07650,07747,07577",3
2023-12-05 06:00:00+00:00,07643,7.744364555457815,"07650,07747,07577",3
2023-12-06 09:00:00+00:00,07510,4.732824091109432,"07607,07535,07335",3
2023-12-06 12:00:00+00:00,07510,10.026773416235104,"07607,07535,07335",3
2023-12-06 15:00:00+00:00,07510,8.838575507842819,"07607,07535,07335",3
2023-12-07 06:00:00+00:00,07535,0.29056102746156753,"07630,07434,07510",3
2023-12-07 09:00:00+00:00,07535,2.992633986130306,"07630,07434,07510",3
2023-12-07 12:00:00+00:00,07535,8.1854432328732,"07630,07434,07510",3
2023-12-13 00:00:00+00:00,07747,12.960061762940372,"07643,07650,07577",3
2023-12-13 03:00:00+00:00,07747,12.923062219835336,"07643,07650,07577",3
2023-12-14 00:00:00+00:00,07643,8.1142469507451,"07650,07747,07577",3
2023-12-15 09:00:00+00:00,07314,10.941896960701238,"07222,07240,07335",3
2023-12-15 15:00:00+00:00,07314,12.528496768369774,"07222,07240,07335",3
2023-12-16 00:00:00+00:00,07643,6.160175779196633,"07650,07747,07577",3
2023-12-19 06:00:00+00:00,07027,6.9544740615446035,"07037,07139,07005",3
2023-12-22 18:00:00+00:00,07027,10.279376619573641,"07037,07139,07005",3
2023-12-22 21:00:00+00:00,07643,13.055569007031913,"07650,07747,07577",3
2023-12-23 12:00:00+00:00,07643,14.184807447053768,"07650,07747,07577",3
2023-12-24 21:00:00+00:00,07240,10.241907318880562,"07335,07255,07139",3
2023-12-25 00:00:00+00:00,07240,10.058687758606508,"07335,07255,07139",3
2023-12-25 03:00:00+00:00,07240,9.990034226916704,"07335,07255,07139",3
2023-12-25 06:00:00+00:00,07240,10.013490072711388,"07335,07255,07139",3
2023-12-25 06:00:00+00:00,07643,4.998874568648529,"07650,07747,07577",3
2023-12-25 09:00:00+00:00,07240,10.018304521945936,"07335,07255,07139",3
2023-12-25 12:00:00+00:00,07240,10.3333107830335,"07335,07255,07139",3
2023-12-25 15:00:00+00:00,07240,10.602438833711727,"07335,07255,07139",3
2023-12-25 18:00:00+00:00,07240,10.245141708693804,"07335,07255,07139",3
2023-12-25 21:00:00+00:00,07240,10.112321526700228,"07335,07255,07139",3
2023-12-26 00:00:00+00:00,07240,10.058334801940703,"07335,07255,07139",3
2023-12-26 03:00:00+00:00,07240,9.823712219857235,"07335,07255,07139",3
2023-12-26 06:00:00+00:00,07240,9.377406160895024,"07335,07255,07139",3
2023-12-26 15:00:00+00:00,07630,9.836074909895526,"07535,07558,07607",3
2024-01-01 18:00:00+00:00,07027,9.075480938534723,"07037,07139,07005",3
2024-01-04 21:00:00+00:00,07314,11.636713439879506,"07222,07240,07335",3
2024-01-05 06:00:00+00:00,07240,6.075598836936585,"07335,07255,07139",3
2024-01-06 09:00:00+00:00,07643,8.75874654244688,"07650,07747,07577",3
2024-01-07 09:00:00+00:00,07643,6.93659479029039,"07650,07747,07577",3
2024-01-07 12:00:00+00:00,07643,7.984914395285566,"07650,07747,07577",3
2024-01-08 09:00:00+00:00,07643,5.285862318750362,"07650,07747,07577",3
2024-01-08 12:00:00+00:00,07643,6.642765752954722,"07650,07747,07577",3
2024-01-08 18:00:00+00:00,07643,3.7823808885417387,"07650,07747,07577",3
2024-01-09 00:00:00+00:00,07027,-0.4506160105879793,"07037,07139,07005",3
2024-01-10 00:00:00+00:00,07630,-0.2815930751876117,"07535,07558,07607",3
2024-01-10 03:00:00+00:00,07630,0.09235952499335154,"07535,07558,07607",3
2024-01-12 03:00:00+00:00,07630,1.1854954347719127,"07535,07558,07607",3
2024-01-12 06:00:00+00:00,07630,0.9357515175912501,"07535,07558,07607",3
2024-01-12 06:00:00+00:00,07643,3.134097685840121,"07650,07747,07577",3
2024-01-12 09:00:00+00:00,07630,1.2664190349454243,"07535,07558,07607",3
2024-01-12 21:00:00+00:00,07630,0.04788259883213497,"07535,07558,07607",3
2024-01-13 09:00:00+00:00,07630,0.19645673526320273,"07535,07558,07607",3
2024-01-15 15:00:00+00:00,07690,14.978548815858332,"07790,07650,07643",3
2024-01-17 12:00:00+00:00,07643,13.63118849962205,"07650,07747,07577",3
2024-01-18 21:00:00+00:00,07558,1.106041112669571,"07630,07434,07535",3
2024-01-20 00:00:00+00:00,07630,-1.3260345011381043,"07535,07558,07607",3
2024-01-20 03:00:00+00:00,07630,-2.5523811010270694,"07535,07558,07607",3
2024-01-20 21:00:00+00:00,07630,0.34865308836916675,"07535,07558,07607",3
2024-01-21 00:00:00+00:00,07630,1.2613302779519318,"07535,07558,07607",3
2024-01-21 03:00:00+00:00,07630,2.341195394636972,"07535,07558,07607",3
2024-01-21 06:00:00+00:00,07630,2.1700426192775666,"07535,07558,07607",3
2024-01-22 18:00:00+00:00,07643,9.822426938003858,"07650,07747,07577",3
2024-01-23 09:00:00+00:00,07643,10.583893432729397,"07650,07747,07577",3
2024-01-23 15:00:00+00:00,07643,14.452890906635977,"07650,07747,07577",3
2024-01-24 18:00:00+00:00,07314,14.181061384328201,"07222,07240,07335",3
2024-01-25 03:00:00+00:00,07280,9.52522715481728,"07181,07299,07190",3
2024-01-25 12:00:00+00:00,07643,17.95589561401939,"07650,07747,07577",3
2024-01-27 06:00:00+00:00,07643,9.510559478718838,"07650,07747,07577",3
2024-01-28 06:00:00+00:00,07630,9.07020021734849,"07535,07558,07607",3
2024-01-28 09:00:00+00:00,07630,11.7769937716405,"07535,07558,07607",3
2024-01-29 03:00:00+00:00,07630,10.626959724183415,"07535,07558,07607",3
2024-01-29 06:00:00+00:00,07630,10.660461892569941,"07535,07558,07607",3
2024-01-30 00:00:00+00:00,07643,7.483276235227045,"07650,07747,07577",3
2024-01-30 03:00:00+00:00,07643,6.617203042107528,"07650,07747,07577",3
2024-01-31 09:00:00+00:00,07630,6.692135951781092,"07535,07558,07607",3
2024-02-01 00:00:00+00:00,07643,9.257764315253544,"07650,07747,07577",3
2024-02-01 09:00:00+00:00,07630,8.475191438540126,"07535,07558,07607",3
2024-02-02 00:00:00+00:00,07630,10.161348571179435,"07535,07558,07607",3
2024-02-02 03:00:00+00:00,07630,10.14935310094946,"07535,07558,07607",3
2024-02-02 06:00:00+00:00,07630,9.745403287140787,"07535,07558,07607",3
2024-02-02 09:00:00+00:00,07630,10.160293706513109,"07535,07558,07607",3
2024-02-02 15:00:00+00:00,07630,14.638979412980849,"07535,07558,07607",3
2024-02-03 03:00:00+00:00,07280,4.261692396086381,"07181,07299,07190",3
2024-02-03 06:00:00+00:00,07280,5.019070085306717,"07181,07299,07190",3
2024-02-03 09:00:00+00:00,07280,6.321751561059859,"07181,07299,07190",3
2024-02-03 12:00:00+00:00,07280,9.139662754924032,"07181,07299,07190",3
2024-02-03 15:00:00+00:00,07280,9.035473440743694,"07181,07299,07190",3
2024-02-03 18:00:00+00:00,07280,7.112538048132565,"07181,07299,07190",3
2024-02-03 21:00:00+00:00,07280,6.787323221479331,"07181,07299,07190",3
2024-02-04 00:00:00+00:00,07280,6.740031809228088,"07181,07299,07190",3
2024-02-04 03:00:00+00:00,07280,6.471247083121588,"07181,07299,07190",3
2024-02-04 06:00:00+00:00,07280,6.592802214408562,"07181,07299,07190",3
2024-02-04 09:00:00+00:00,07280,7.797255577550362,"07181,07299,07190",3
2024-02-04 12:00:00+00:00,07280,9.187784209044793,"07181,07299,07190",3
2024-02-04 15:00:00+00:00,07280,8.783748815762543,"07181,07299,07190",3
2024-02-04 18:00:00+00:00,07280,7.803991246311515,"07181,07299,07190",3
2024-02-04 21:00:00+00:00,07280,7.075240359155345,"07181,07299,07190",3
2024-02-04 21:00:00+00:00,07643,11.817113360171524,"07650,07747,07577",3
2024-02-05 00:00:00+00:00,07280,6.4870649156723745,"07181,07299,07190",3
2024-02-05 03:00:00+00:00,07280,6.535404979700117,"07181,07299,07190",3
2024-02-05 06:00:00+00:00,07280,6.548601182809558,"07181,07299,07190",3
2024-02-05 09:00:00+00:00,07460,,,0
2024-02-05 09:00:00+00:00,07471,,,0
2024-02-05 09:00:00+00:00,07481,,,0
2024-02-05 09:00:00+00:00,07577,,,0
2024-02-05 09:00:00+00:00,07280,,,0
2024-02-05 09:00:00+00:00,07110,,,0
2024-02-05 09:00:00+00:00,07117,,,0
2024-02-05 09:00:00+00:00,07130,,,0
2024-02-05 09:00:00+00:00,07240,,,0
2024-02-05 09:00:00+00:00,07255,,,0
2024-02-05 09:00:00+00:00,07761,,,0
2024-02-05 09:00:00+00:00,07790,,,0
2024-02-05 09:00:00+00:00,07072,,,0
2024-02-05 09:00:00+00:00,07168,,,0
2024-02-05 09:00:00+00:00,07181,,,0
2024-02-05 09:00:00+00:00,07190,,,0
2024-02-05 09:00:00+00:00,07299,,,0
2024-02-05 09:00:00+00:00,07005,,,0
2024-02-05 09:00:00+00:00,07015,,,0
2024-02-05 09:00:00+00:00,07020,,,0
2024-02-05 09:00:00+00:00,07027,,,0
2024-02-05 09:00:00+00:00,07037,,,0
2024-02-05 09:00:00+00:00,07139,,,0
2024-02-05 09:00:00+00:00,07314,,,0
2024-02-05 09:00:00+00:00,07335,,,0
2024-02-05 09:00:00+00:00,07434,,,0
2024-02-05 09:00:00+00:00,07510,,,0
2024-02-05 09:00:00+00:00,07607,,,0
2024-02-05 09:00:00+00:00,07535,,,0
2024-02-05 09:00:00+00:00,07558,,,0
2024-02-05 09:00:00+00:00,07621,,,0
2024-02-05 09:00:00+00:00,07627,,,0
2024-02-05 09:00:00+00:00,07630,,,0
2024-02-05 09:00:00+00:00,07643,,,0
2024-02-05 09:00:00+00:00,07747,,,0
2024-02-05 09:00:00+00:00,07222,,,0
2024-02-05 09:00:00+00:00,07591,,,0
2024-02-05 09:00:00+00:00,07650,,,0
2024-02-05 09:00:00+00:00,07690,,,0
2024-02-05 09:00:00+00:00,07149,,,0
2024-02-07 06:00:00+00:00,07643,3.9877573921705083,"07650,07747,07577",3
2024-02-08 18:00:00+00:00,07643,13.68154450689431,"07650,07747,07577",3
2024-02-09 03:00:00+00:00,07280,10.776671802688483,"07181,07299,07190",3
2024-02-09 12:00:00+00:00,07577,12.733713591081068,"07481,07650,07280",3
2024-02-09 12:00:00+00:00,07643,13.110672146224589,"07650,07747",2
2024-02-09 15:00:00+00:00,07335,12.29912734171667,"07240,07255,07222",3
2024-02-11 18:00:00+00:00,07630,8.71386041213547,"07535,07558,07607",3
2024-02-12 12:00:00+00:00,07630,9.72440808062316,"07535,07558,07607",3
2024-02-17 03:00:00+00:00,07314,9.005030234198312,"07222,07240,07335",3
2024-02-18 09:00:00+00:00,07643,11.809142218675346,"07650,07747,07577",3
2024-02-19 12:00:00+00:00,07643,16.21796553925087,"07650,07747,07577",3
2024-02-20 00:00:00+00:00,07130,8.932940912066838,"07222,07139,07027",3
2024-02-20 03:00:00+00:00,07130,8.724856961004924,"07222,07139,07027",3
2024-02-20 06:00:00+00:00,07130,7.411583572573488,"07222,07139,07027",3
2024-02-22 15:00:00+00:00,07643,13.495028814128835,"07650,07747,07577",3
2024-02-22 21:00:00+00:00,07627,6.376058366511489,"07621,07630,07607",3
2024-02-23 00:00:00+00:00,07627,5.298350794815798,"07621,07630,07607",3
2024-02-23 03:00:00+00:00,07627,4.3123838410237285,"07621,07630,07607",3
2024-02-23 06:00:00+00:00,07627,4.833918488785468,"07621,07630,07607",3
2024-02-24 00:00:00+00:00,07627,3.705349170665369,"07621,07630,07607",3
2024-02-24 00:00:00+00:00,07643,6.929536958997114,"07650,07747,07577",3
2024-02-24 03:00:00+00:00,07627,2.6872694516860722,"07621,07630,07607",3
2024-02-24 06:00:00+00:00,07627,3.2408927693474805,"07621,07630,07607",3
2024-02-24 09:00:00+00:00,07627,4.378142963960398,"07621,07630,07607",3
2024-02-24 21:00:00+00:00,07627,4.937712598293174,"07621,07630,07607",3
2024-02-25 09:00:00+00:00,07627,7.213746580081247,"07621,07630,07607",3
2024-02-25 12:00:00+00:00,07627,9.215291837155275,"07621,07630,07607",3
2024-02-25 18:00:00+00:00,07643,10.175967793166924,"07650,07747,07577",3
2024-02-26 00:00:00+00:00,07643,10.41603196310468,"07650,07747,07577",3
2024-02-26 15:00:00+00:00,07643,12.800389605380426,"07650,07747,07577",3
2024-02-27 03:00:00+00:00,07627,4.023034779021344,"07621,07630,07607",3
2024-02-27 06:00:00+00:00,07627,3.2859045802508593,"07621,07630,07607",3
2024-02-28 00:00:00+00:00,07643,9.275514637973751,"07650,07747,07577",3
2024-02-29 15:00:00+00:00,07643,16.739449768265928,"07650,07747,07577",3
2024-02-29 21:00:00+00:00,07643,11.021757081793238,"07650,07747,07577",3
2024-03-02 09:00:00+00:00,07630,10.04809756984833,"07535,07558,07607",3
2024-03-04 00:00:00+00:00,07747,9.286938988057004,"07643,07650,07577",3
2024-03-04 03:00:00+00:00,07747,9.47359844069285,"07643,07650,07577",3
2024-03-04 06:00:00+00:00,07747,8.892366813667152,"07643,07650,07577",3
2024-03-04 09:00:00+00:00,07630,6.512629639618513,"07535,07558,07607",3
2024-03-06 12:00:00+00:00,07335,10.136452234449647,"07240,07255,07222",3
2024-03-07 06:00:00+00:00,07643,3.5000520277923237,"07650,07747,07577",3
2024-03-08 09:00:00+00:00,07314,10.492804010624514,"07222,07240,07335",3
2024-03-08 12:00:00+00:00,07627,11.287904478547516,"07621,07630,07607",3
2024-03-08 15:00:00+00:00,07627,11.654354021352917,"07621,07630,07607",3
2024-03-08 18:00:00+00:00,07627,9.18896477294898,"07621,07630,07607",3
2024-03-08 21:00:00+00:00,07627,7.656475144865224,"07621,07630,07607",3
2024-03-10 06:00:00+00:00,07280,6.492364699060908,"07181,07299,07190",3
2024-03-10 12:00:00+00:00,07314,12.180567332135606,"07222,07240,07335",3
2024-03-11 12:00:00+00:00,07314,13.421954264631589,"07222,07240,07335",3
2024-03-13 18:00:00+00:00,07643,13.84716578794742,"07650,07747,07577",3
2024-03-14 12:00:00+00:00,07314,17.21994647943822,"07222,07240,07335",3
2024-03-14 21:00:00+00:00,07591,7.068915321754513,"07577,07650,07558",3
2024-03-16 15:00:00+00:00,07607,20.308508737824177,"07510,07621,07630",3
2024-03-16 18:00:00+00:00,07314,15.05275901555095,"07222,07240,07335",3
2024-03-18 12:00:00+00:00,07535,14.16881861465458,"07630,07434,07510",3
2024-03-18 15:00:00+00:00,07535,17.647455006663183,"07630,07434,07510",3
2024-03-18 18:00:00+00:00,07535,15.116079034521313,"07630,07434,07510",3
2024-03-21 06:00:00+00:00,07280,10.572432206756563,"07181,07299,07190",3
2024-03-21 09:00:00+00:00,07643,14.00256103517811,"07650,07747,07577",3
2024-03-22 06:00:00+00:00,07558,7.995252934511193,"07630,07434,07535",3
2024-03-24 00:00:00+00:00,07643,11.534616336270515,"07650,07747,07577",3
2024-03-26 06:00:00+00:00,07027,8.64264195731975,"07037,07139,07005",3
2024-03-27 12:00:00+00:00,07643,12.826802934488734,"07650,07747,07577",3
2024-03-27 15:00:00+00:00,07314,12.903016024904847,"07222,07240,07335",3
2024-03-27 18:00:00+00:00,07643,11.915816041237818,"07650,07747,07577",3
2024-03-28 03:00:00+00:00,07643,13.36867218450982,"07650,07747,07577",3
2024-03-29 06:00:00+00:00,07643,15.621538440427194,"07650,07747,07577",3
2024-04-01 06:00:00+00:00,07591,3.1211963808161114,"07577,07650,07558",3
2024-04-02 03:00:00+00:00,07072,7.099170030114734,"07168,07149,07181",3
2024-04-02 06:00:00+00:00,07072,7.135672539506064,"07168,07149,07181",3
2024-04-02 06:00:00+00:00,07027,8.666179426282353,"07037,07139,07005",3
2024-04-03 12:00:00+00:00,07621,18.59236888718645,"07627,07607,07630",3
2024-04-04 12:00:00+00:00,07591,17.048173390951202,"07577,07650,07558",3
2024-04-05 06:00:00+00:00,07643,13.312123667960009,"07650,07747,07577",3
2024-04-08 12:00:00+00:00,07643,22.45662365424991,"07650,07747,07577",3
2024-04-09 03:00:00+00:00,07110,8.240756106602676,"07130,07117,07027",3
2024-04-09 18:00:00+00:00,07643,13.065896157367114,"07650,07747,07577",3
2024-04-11 15:00:00+00:00,07643,20.89973289523205,"07650,07747,07577",3
2024-04-13 21:00:00+00:00,07314,16.15025718796653,"07222,07240,07335",3
2024-04-14 21:00:00+00:00,07314,15.554413789742085,"07222,07240,07335",3
2024-04-15 12:00:00+00:00,07110,11.205824154610397,"07130,07117,07027",3
2024-04-16 03:00:00+00:00,07037,6.874477395222967,"07005,07139,07149",3
2024-04-16 06:00:00+00:00,07037,7.437269566322427,"07005,07139,07149",3
2024-04-16 09:00:00+00:00,07037,8.960447814722945,"07005,07139,07149",3
2024-04-16 12:00:00+00:00,07037,10.067955332936293,"07005,07139,07149",3
2024-04-17 12:00:00+00:00,07314,14.316061117727958,"07222,07240,07335",3
2024-04-17 15:00:00+00:00,07314,14.64487622894035,"07222,07240,07335",3
2024-04-17 18:00:00+00:00,07314,12.848520088280788,"07222,07240,07335",3
2024-04-17 21:00:00+00:00,07314,10.706418926631617,"07222,07240,07335",3
2024-04-18 00:00:00+00:00,07314,9.301333362225686,"07222,07240,07335",3
2024-04-18 03:00:00+00:00,07314,9.791644416118457,"07222,07240,07335",3
2024-04-18 06:00:00+00:00,07314,9.59325370176984,"07222,07240,07335",3
2024-04-18 06:00:00+00:00,07643,9.574516463899064,"07650,07747,07577",3
2024-04-18 09:00:00+00:00,07314,12.112825103050735,"07222,07240,07335",3
2024-04-18 12:00:00+00:00,07314,14.078819620857464,"07222,07240,07335",3
2024-04-18 15:00:00+00:00,07314,14.852044776596234,"07222,07240,07335",3
2024-04-18 18:00:00+00:00,07314,14.382365523782124,"07222,07240,07335",3
2024-04-18 21:00:00+00:00,07314,10.449987076072173,"07222,07240,07335",3
2024-04-18 21:00:00+00:00,07643,10.618129345188468,"07650,07747,07577",3
2024-04-19 00:00:00+00:00,07314,9.465470528932428,"07222,07240,07335",3
2024-04-19 00:00:00+00:00,07650,8.57501832591683,"07643,07577,07690",3
2024-04-19 03:00:00+00:00,07314,8.086791878777767,"07222,07240,07335",3
2024-04-19 06:00:00+00:00,07314,8.425262584522905,"07222,07240,07335",3
2024-04-19 09:00:00+00:00,07314,14.035299890779335,"07222,07240,07335",3
2024-04-19 12:00:00+00:00,07314,15.997628373622758,"07222,07240,07335",3
2024-04-19 15:00:00+00:00,07314,16.3147601667725,"07222,07240,07335",3
2024-04-19 15:00:00+00:00,07643,18.890450041839415,"07650,07747,07577",3
2024-04-19 18:00:00+00:00,07314,14.975307753242122,"07222,07240,07335",3
2024-04-19 21:00:00+00:00,07314,12.867455823243883,"07222,07240,07335",3
2024-04-20 00:00:00+00:00,07314,11.764506254720088,"07222,07240,07335",3
2024-04-20 03:00:00+00:00,07314,10.461809503496372,"07222,07240,07335",3
2024-04-20 06:00:00+00:00,07314,10.522124349981109,"07222,07240,07335",3
2024-04-20 09:00:00+00:00,07314,13.226683481435153,"07222,07240,07335",3
2024-04-20 12:00:00+00:00,07314,14.12413867007461,"07222,07240,07335",3
2024-04-20 15:00:00+00:00,07314,14.617090947993734,"07222,07240,07335",3
2024-04-20 18:00:00+00:00,07314,13.494794334066308,"07222,07240,07335",3
2024-04-20 21:00:00+00:00,07314,10.865362940314988,"07222,07240,07335",3
2024-04-21 00:00:00+00:00,07314,9.42956902785398,"07222,07240,07335",3
2024-04-21 03:00:00+00:00,07314,7.849822582986228,"07222,07240,07335",3
2024-04-21 06:00:00+00:00,07314,7.676289766484847,"07222,07240,07335",3
2024-04-21 09:00:00+00:00,07314,12.121831340748912,"07222,07240,07335",3
2024-04-21 12:00:00+00:00,07314,12.846720769141788,"07222,07240,07335",3
2024-04-21 15:00:00+00:00,07314,14.132997858061282,"07222,07240,07335",3
2024-04-21 18:00:00+00:00,07314,12.861716566409394,"07222,07240,07335",3
2024-04-21 21:00:00+00:00,07314,10.581710186605092,"07222,07240,07335",3
2024-04-22 00:00:00+00:00,07314,8.630586314698508,"07222,07240,07335",3
2024-04-22 03:00:00+00:00,07314,7.479515465225617,"07222,07240,07335",3
2024-04-22 06:00:00+00:00,07314,7.555032615024828,"07222,07240,07335",3
2024-04-22 09:00:00+00:00,07314,11.60161798735029,"07222,07240,07335",3
2024-04-22 12:00:00+00:00,07314,13.254536159067085,"07222,07240,07335",3
2024-04-22 15:00:00+00:00,07314,12.94177751239738,"07222,07240,07335",3
2024-04-22 18:00:00+00:00,07314,12.515617989661404,"07222,07240,07335",3
2024-04-22 21:00:00+00:00,07314,10.89501493708594,"07222,07240,07335",3
2024-04-23 00:00:00+00:00,07314,9.383725773169719,"07222,07240,07335",3
2024-04-23 00:00:00+00:00,07643,8.627394697172239,"07650,07747,07577",3
2024-04-23 03:00:00+00:00,07314,8.523572350648074,"07222,07240,07335",3
2024-04-23 06:00:00+00:00,07314,7.761130853402479,"07222,07240,07335",3
2024-04-23 09:00:00+00:00,07314,11.517891006398962,"07222,07240,07335",3
2024-04-23 12:00:00+00:00,07314,13.106850195011749,"07222,07240,07335",3
2024-04-25 09:00:00+00:00,07627,11.587749344304166,"07621,07630,07607",3
2024-04-26 21:00:00+00:00,07020,9.307406224505058,"07117,07027,07005",3
2024-04-27 00:00:00+00:00,07020,9.086685596717881,"07117,07027,07005",3
2024-04-27 03:00:00+00:00,07020,8.441269824879525,"07117,07027,07005",3
2024-04-27 12:00:00+00:00,07591,13.202842478546401,"07577,07650,07558",3
2024-05-02 06:00:00+00:00,07643,10.710524243264311,"07650,07747,07577",3
2024-05-08 00:00:00+00:00,07627,10.281007051758401,"07621,07630,07607",3
2024-05-08 21:00:00+00:00,07314,14.810870469468238,"07222,07240,07335",3
2024-05-08 21:00:00+00:00,07643,18.03587212405458,"07650,07747,07577",3
2024-05-09 00:00:00+00:00,07314,13.403107824697834,"07222,07240,07335",3
2024-05-09 00:00:00+00:00,07643,15.442128413308344,"07650,07747,07577",3
2024-05-09 03:00:00+00:00,07314,11.670142664987132,"07222,07240,07335",3
2024-05-09 06:00:00+00:00,07314,12.071593041240584,"07222,07240,07335",3
2024-05-09 06:00:00+00:00,07643,14.977341651709192,"07650,07747,07577",3
2024-05-11 00:00:00+00:00,07314,16.117425803708038,"07222,07240,07335",3
2024-05-11 03:00:00+00:00,07314,14.776048919671194,"07222,07240,07335",3
2024-05-11 06:00:00+00:00,07314,15.414923698844772,"07222,07240,07335",3
2024-05-15 12:00:00+00:00,07643,17.774846495765615,"07650,07747,07577",3
2024-05-15 15:00:00+00:00,07643,18.778593628184165,"07650,07747,07577",3
2024-05-15 18:00:00+00:00,07643,16.041007736232217,"07650,07747,07577",3
2024-05-16 00:00:00+00:00,07627,8.30736909201381,"07621,07630,07607",3
2024-05-16 15:00:00+00:00,07643,17.7891446325377,"07650,07747,07577",3
2024-05-21 21:00:00+00:00,07643,16.55386699070952,"07650,07747,07577",3
2024-05-23 06:00:00+00:00,07643,15.675086917599444,"07650,07747,07577",3
2024-05-23 12:00:00+00:00,07434,15.774983892064478,"07535,07335,07255",3
2024-05-26 06:00:00+00:00,07643,16.367351297944044,"07650,07747,07577",3
2024-05-28 00:00:00+00:00,07747,16.5180381680808,"07643,07650,07577",3
2024-05-30 15:00:00+00:00,07558,17.09549961872415,"07630,07434,07535",3
2024-05-30 18:00:00+00:00,07558,14.560988276965661,"07630,07434,07535",3
2024-05-31 21:00:00+00:00,07790,17.53506433894161,"07761,07690,07650",3
2024-06-01 03:00:00+00:00,07790,14.437065043294703,"07761,07690,07650",3
2024-06-01 09:00:00+00:00,07591,14.443602084814199,"07577,07650,07558",3
2024-06-02 21:00:00+00:00,07790,17.501238811457576,"07761,07690,07650",3
2024-06-03 00:00:00+00:00,07790,16.03340715372002,"07761,07690,07650",3
2024-06-03 09:00:00+00:00,07790,21.26227372584705,"07761,07690,07650",3
2024-06-05 12:00:00+00:00,07643,24.979275152826187,"07650,07747,07577",3
2024-06-10 12:00:00+00:00,07790,24.229680990048287,"07761,07690,07650",3
2024-06-10 15:00:00+00:00,07790,24.09743824678127,"07761,07690,07650",3
2024-06-11 15:00:00+00:00,07558,16.995578051046657,"07630,07434,07535",3
2024-06-12 00:00:00+00:00,07790,18.84534468023683,"07761,07690,07650",3
2024-06-12 03:00:00+00:00,07790,16.843984860269774,"07761,07690,07650",3
2024-06-13 18:00:00+00:00,07790,21.10723485509905,"07761,07690,07650",3
2024-06-17 09:00:00+00:00,07790,23.685526726478354,"07761,07690,07650",3
2024-06-19 12:00:00+00:00,07460,25.992661550854375,"07471,07481,07255",3
2024-06-21 09:00:00+00:00,07130,20.1636617641362,"07222,07139,07027",3
2024-06-23 12:00:00+00:00,07790,23.65547032486442,"07761,07690,07650",3
2024-06-25 00:00:00+00:00,07627,15.186549883961602,"07621,07630,07607",3
2024-06-25 03:00:00+00:00,07790,16.789513821135806,"07761,07690,07650",3
2024-06-26 00:00:00+00:00,07190,18.421778276115294,"07299,07280,07181",3
2024-06-27 09:00:00+00:00,07643,25.027823513091256,"07650,07747,07577",3
2024-06-28 03:00:00+00:00,07643,21.448251155798317,"07650,07747,07577",3
2024-07-03 00:00:00+00:00,07627,13.728095101570736,"07621,07630,07607",3
2024-07-03 15:00:00+00:00,07607,22.257278063269855,"07510,07621,07630",3
2024-07-03 18:00:00+00:00,07607,20.889678676374245,"07510,07621,07630",3
2024-07-03 21:00:00+00:00,07607,17.92405480460493,"07510,07621,07630",3
2024-07-04 00:00:00+00:00,07607,16.94681337019551,"07510,07621,07630",3
2024-07-04 03:00:00+00:00,07607,16.282166176613732,"07510,07621,07630",3
2024-07-04 06:00:00+00:00,07607,16.820018336897142,"07510,07621,07630",3
2024-07-05 00:00:00+00:00,07627,16.108866920714107,"07621,07630,07607",3
2024-07-06 15:00:00+00:00,07591,20.711618193578172,"07577,07650,07558",3
2024-07-06 18:00:00+00:00,07591,19.164500162198156,"07577,07650,07558",3
2024-07-07 00:00:00+00:00,07627,12.947203799745552,"07621,07630,07607",3
2024-07-07 09:00:00+00:00,07643,21.970509546653265,"07650,07747,07577",3
2024-07-08 00:00:00+00:00,07790,22.396081621453156,"07761,07690,07650",3
2024-07-08 03:00:00+00:00,07790,20.54157797951481,"07761,07690,07650",3
2024-07-08 06:00:00+00:00,07790,23.10406968768709,"07761,07690,07650",3
2024-07-10 00:00:00+00:00,07643,20.35939275660521,"07650,07747,07577",3
2024-07-10 18:00:00+00:00,07591,26.58248227496598,"07577,07650,07558",3
2024-07-11 03:00:00+00:00,07643,21.133244116051994,"07650,07747,07577",3
2024-07-11 09:00:00+00:00,07117,16.575304183123485,"07020,07110,07027",3
2024-07-11 12:00:00+00:00,07117,17.681896129719213,"07020,07110,07027",3
2024-07-11 15:00:00+00:00,07643,32.57079322114784,"07650,07747,07577",3
2024-07-11 18:00:00+00:00,07117,16.45289556665623,"07020,07110,07027",3
2024-07-15 15:00:00+00:00,07314,20.912976053721607,"07222,07240,07335",3
2024-07-15 18:00:00+00:00,07314,19.68132005279363,"07222,07240,07335",3
2024-07-15 21:00:00+00:00,07314,17.80326465471267,"07222,07240,07335",3
2024-07-16 00:00:00+00:00,07314,16.605405392644762,"07222,07240,07335",3
2024-07-16 03:00:00+00:00,07314,16.339935764039943,"07222,07240,07335",3
2024-07-16 06:00:00+00:00,07314,16.832570342538823,"07222,07240,07335",3
2024-07-16 18:00:00+00:00,07314,19.080011300466875,"07222,07240,07335",3
2024-07-16 21:00:00+00:00,07314,16.518308177806347,"07222,07240,07335",3
2024-07-17 00:00:00+00:00,07314,15.10082254181787,"07222,07240,07335",3
2024-07-17 03:00:00+00:00,07314,14.351245865286524,"07222,07240,07335",3
2024-07-17 09:00:00+00:00,07643,26.236076925871338,"07650,07747,07577",3
2024-07-19 09:00:00+00:00,07643,26.823888459939596,"07650,07747,07577",3
2024-07-19 21:00:00+00:00,07314,19.487576387657224,"07222,07240,07335",3
2024-07-20 00:00:00+00:00,07314,17.816814688599624,"07222,07240,07335",3
2024-07-20 03:00:00+00:00,07314,16.813223297135217,"07222,07240,07335",3
2024-07-20 06:00:00+00:00,07314,17.611534755112093,"07222,07240,07335",3
2024-07-20 18:00:00+00:00,07790,27.912155222356265,"07761,07690,07650",3
2024-07-22 09:00:00+00:00,07130,19.28464466126558,"07222,07139,07027",3
2024-07-22 09:00:00+00:00,07558,15.900467523439906,"07630,07434,07535",3
2024-07-22 12:00:00+00:00,07130,19.640428621609114,"07222,07139,07027",3
2024-07-22 18:00:00+00:00,07558,19.76799796441177,"07630,07434,07535",3
2024-07-23 00:00:00+00:00,07558,15.202021000682551,"07630,07434,07535",3
2024-07-23 21:00:00+00:00,07643,28.011699607577913,"07650,07747,07577",3
2024-07-24 03:00:00+00:00,07643,23.912863997556038,"07650,07747,07577",3
2024-07-24 15:00:00+00:00,07643,31.5086415442644,"07650,07747,07577",3
2024-07-24 21:00:00+00:00,07643,26.091210515446868,"07650,07747,07577",3
2024-07-25 21:00:00+00:00,07643,26.385034651530944,"07650,07747,07577",3
2024-07-27 00:00:00+00:00,07627,20.510580877366312,"07621,07630,07607",3
2024-07-27 18:00:00+00:00,07643,25.986604209773546,"07650,07747,07577",3
2024-07-28 15:00:00+00:00,07643,31.289904720324166,"07650,07747,07577",3
2024-07-31 00:00:00+00:00,07627,20.574671194781285,"07621,07630,07607",3
2024-08-05 12:00:00+00:00,07558,26.39249479456514,"07630,07434,07535",3
2024-08-06 15:00:00+00:00,07643,32.21160331728749,"07650,07747,07577",3
2024-08-07 15:00:00+00:00,07643,32.66725532092184,"07650,07747,07577",3
2024-08-12 09:00:00+00:00,07020,19.38260412856755,"07117,07027,07005",3
2024-08-14 00:00:00+00:00,07643,25.181300587019606,"07650,07747,07577",3
2024-08-15 18:00:00+00:00,07643,22.74114922391461,"07650,07747,07577",3
2024-08-16 00:00:00+00:00,07627,17.511690269409904,"07621,07630,07607",3
2024-08-22 00:00:00+00:00,07627,13.267807128886714,"07621,07630,07607",3
2024-08-22 03:00:00+00:00,07790,21.589495881833184,"07761,07690,07650",3
2024-08-25 03:00:00+00:00,07643,21.8650857533176,"07650,07747,07577",3
2024-08-26 09:00:00+00:00,07577,21.351870625467892,"07481,07650,07280",3
2024-08-27 18:00:00+00:00,07627,27.371001294154805,"07621,07630,07607",3
2024-08-27 18:00:00+00:00,07591,25.33574647661639,"07577,07650,07558",3
2024-08-27 21:00:00+00:00,07643,23.797204760615504,"07650,07747,07577",3
2024-08-30 00:00:00+00:00,07627,19.33608011578284,"07621,07630,07607",3
2024-08-30 15:00:00+00:00,07643,28.581189128998474,"07650,07747,07577",3
2024-08-30 18:00:00+00:00,07643,25.848180222171692,"07650,07747,07577",3
2024-09-01 00:00:00+00:00,07627,18.371840998524714,"07621,07630,07607",3
2024-09-01 12:00:00+00:00,07643,27.55040345649787,"07650,07747,07577",3
2024-09-01 21:00:00+00:00,07643,22.41829152530418,"07650,07747,07577",3
2024-09-03 00:00:00+00:00,07627,19.043702457894284,"07621,07630,07607",3
2024-09-05 00:00:00+00:00,07627,13.692291347349014,"07621,07630,07607",3
2024-09-05 03:00:00+00:00,07790,20.63920249849805,"07761,07690,07650",3
2024-09-05 06:00:00+00:00,07790,20.127937443300247,"07761,07690,07650",3
2024-09-07 00:00:00+00:00,07627,14.841717302589142,"07621,07630,07607",3
2024-09-08 00:00:00+00:00,07577,20.794171353179543,"07481,07650,07280",3
2024-09-08 03:00:00+00:00,07577,20.25544592860258,"07481,07650,07280",3
2024-09-08 06:00:00+00:00,07577,19.54059305408068,"07481,07650,07280",3
2024-09-08 09:00:00+00:00,07577,19.84329804933792,"07481,07650,07280",3
2024-09-09 00:00:00+00:00,07627,12.488717810386609,"07621,07630,07607",3
2024-09-10 18:00:00+00:00,07643,21.779301441215942,"07650,07747,07577",3
2024-09-11 00:00:00+00:00,07627,14.109038417166074,"07621,07630,07607",3
2024-09-15 00:00:00+00:00,07627,7.458302481353684,"07621,07630,07607",3
2024-09-15 09:00:00+00:00,07643,18.085069416109715,"07650,07747,07577",3
2024-09-16 12:00:00+00:00,07747,24.79261771089422,"07643,07650,07577",3
2024-09-17 09:00:00+00:00,07627,15.116622332391055,"07621,07630,07607",3
2024-09-17 09:00:00+00:00,07591,15.09889836895903,"07577,07650,07558",3
2024-09-17 18:00:00+00:00,07314,18.89036256308743,"07222,07240,07335",3
2024-09-17 21:00:00+00:00,07314,17.21948967065643,"07222,07240,07335",3
2024-09-18 00:00:00+00:00,07314,16.00058729706935,"07222,07240,07335",3
2024-09-18 03:00:00+00:00,07790,14.572145226828479,"07761,07690,07650",3
2024-09-18 03:00:00+00:00,07314,15.374944852362487,"07222,07240,07335",3
2024-09-18 06:00:00+00:00,07790,14.775623059822193,"07761,07690,07650",3
2024-09-19 00:00:00+00:00,07627,11.612872341222696,"07621,07630,07607",3
2024-09-20 03:00:00+00:00,07643,15.977569551540778,"07650,07747,07577",3
2024-09-20 06:00:00+00:00,07643,15.744558311644761,"07650,07747,07577",3
2024-09-21 00:00:00+00:00,07627,15.65858436824862,"07621,07630,07607",3
2024-09-23 00:00:00+00:00,07627,13.975485043843504,"07621,07630,07607",3
2024-09-25 00:00:00+00:00,07627,12.48050322214196,"07621,07630,07607",3
2024-09-25 06:00:00+00:00,07591,8.876523158482218,"07577,07650,07558",3
2024-09-26 00:00:00+00:00,07558,16.895559608085886,"07630,07434,07535",3
2024-09-26 03:00:00+00:00,07558,16.546333423828116,"07630,07434,07535",3
2024-09-27 00:00:00+00:00,07627,14.684278696260396,"07621,07630,07607",3
2024-09-29 00:00:00+00:00,07627,7.33405688846258,"07621,07630,07607",3
2024-09-30 06:00:00+00:00,07110,13.961614756763575,"07130,07117,07027",3
2024-10-01 00:00:00+00:00,07627,12.74456842896452,"07621,07630,07607",3
2024-10-01 18:00:00+00:00,07643,20.19819460855957,"07650,07747,07577",3
2024-10-01 21:00:00+00:00,07643,19.23171695129701,"07650,07747,07577",3
2024-10-02 00:00:00+00:00,07643,19.279957607326754,"07650,07747,07577",3
2024-10-02 03:00:00+00:00,07643,19.368905220706054,"07650,07747,07577",3
2024-10-03 00:00:00+00:00,07627,10.042175716955356,"07621,07630,07607",3
2024-10-04 09:00:00+00:00,07643,15.977247536271497,"07650,07747,07577",3
2024-10-07 00:00:00+00:00,07627,15.594984191798476,"07621,07630,07607",3
2024-10-09 00:00:00+00:00,07627,14.48125111567909,"07621,07630,07607",3
2024-10-11 00:00:00+00:00,07627,9.685056499854742,"07621,07630,07607",3
2024-10-11 06:00:00+00:00,07790,13.901423100524998,"07761,07690,07650",3
2024-10-15 00:00:00+00:00,07627,16.427594188082274,"07621,07630,07607",3
2024-10-15 03:00:00+00:00,07643,16.785027103941992,"07650,07747,07577",3
2024-10-15 09:00:00+00:00,07747,19.617903685095,"07643,07650,07577",3
2024-10-16 00:00:00+00:00,07110,17.18397735831474,"07130,07117,07027",3
2024-10-17 00:00:00+00:00,07627,16.392023577984627,"07621,07630,07607",3
2024-10-19 00:00:00+00:00,07627,9.192054503346696,"07621,07630,07607",3
2024-10-20 06:00:00+00:00,07643,12.398194372188,"07650,07747,07577",3
2024-10-21 00:00:00+00:00,07627,13.230789706040278,"07621,07630,07607",3
2024-10-22 03:00:00+00:00,07510,14.742061617288396,"07607,07535,07335",3
2024-10-23 00:00:00+00:00,07627,11.972702022857218,"07621,07630,07607",3
2024-10-23 12:00:00+00:00,07643,21.353971607739506,"07650,07747,07577",3
2024-10-25 00:00:00+00:00,07627,13.108124346272312,"07621,07630,07607",3
2024-10-25 03:00:00+00:00,07240,14.441115821180679,"07335,07255,07139",3
2024-10-25 21:00:00+00:00,07240,13.257763309916806,"07335,07255,07139",3
2024-10-26 00:00:00+00:00,07240,12.887026480724145,"07335,07255,07139",3
2024-10-26 03:00:00+00:00,07240,12.845445978959296,"07335,07255,07139",3
2024-10-26 06:00:00+00:00,07240,12.297367357558382,"07335,07255,07139",3
2024-10-26 09:00:00+00:00,07240,13.51151419149928,"07335,07255,07139",3
2024-10-26 12:00:00+00:00,07240,14.96580841892363,"07335,07255,07139",3
2024-10-26 15:00:00+00:00,07240,14.998053303582793,"07335,07255,07139",3
2024-10-27 00:00:00+00:00,07627,9.601003290006922,"07621,07630,07607",3
2024-10-29 00:00:00+00:00,07627,12.171008106743061,"07621,07630,07607",3
2024-10-29 09:00:00+00:00,07005,12.2459479905947,"07037,07015,07027",3
2024-10-31 00:00:00+00:00,07627,11.88424569023719,"07621,07630,07607",3
2024-11-03 21:00:00+00:00,07643,14.296976466195863,"07650,07747,07577",3
2024-11-06 00:00:00+00:00,07627,10.094286621214192,"07621,07630,07607",3
2024-11-07 09:00:00+00:00,07643,16.60428078867207,"07650,07747,07577",3
2024-11-07 21:00:00+00:00,07535,13.18274216456017,"07630,07434,07510",3
2024-11-08 00:00:00+00:00,07535,12.337923511982464,"07630,07434,07510",3
2024-11-08 00:00:00+00:00,07627,10.57579934553092,"07621,07630,07607",3
2024-11-08 03:00:00+00:00,07535,11.444502024037003,"07630,07434,07510",3
2024-11-08 06:00:00+00:00,07535,10.580728328758338,"07630,07434,07510",3
2024-11-08 09:00:00+00:00,07535,14.073101596717603,"07630,07434,07510",3
2024-11-08 12:00:00+00:00,07535,18.115210272924948,"07630,07434,07510",3
2024-11-08 18:00:00+00:00,07535,14.953725469225283,"07630,07434,07510",3
2024-11-09 00:00:00+00:00,07535,13.47605300054003,"07630,07434,07510",3
2024-11-09 03:00:00+00:00,07535,12.789767861528098,"07630,07434,07510",3
2024-11-09 06:00:00+00:00,07535,12.034871139751743,"07630,07434,07510",3
2024-11-09 09:00:00+00:00,07535,14.15021993548012,"07630,07434,07510",3
2024-11-09 12:00:00+00:00,07535,15.506205862023048,"07630,07434,07510",3
2024-11-09 15:00:00+00:00,07535,15.997693413032145,"07630,07434,07510",3
2024-11-09 21:00:00+00:00,07535,13.150304118454452,"07630,07434,07510",3
2024-11-10 00:00:00+00:00,07535,13.284006373687948,"07630,07434,07510",3
2024-11-10 00:00:00+00:00,07627,11.91618799582614,"07621,07630,07607",3
2024-11-10 03:00:00+00:00,07535,13.0840751801122,"07630,07434,07510",3
2024-11-10 06:00:00+00:00,07535,12.405040465347218,"07630,07434,07510",3
2024-11-10 09:00:00+00:00,07535,12.540503175728338,"07630,07434,07510",3
2024-11-10 21:00:00+00:00,07535,12.19246539280467,"07630,07434,07510",3
2024-11-11 00:00:00+00:00,07535,10.855084122037269,"07630,07434,07510",3
2024-11-11 03:00:00+00:00,07535,9.929218611385007,"07630,07434,07510",3
2024-11-11 06:00:00+00:00,07535,9.753076924647988,"07630,07434,07510",3
2024-11-12 00:00:00+00:00,07535,9.228783010804468,"07630,07434,07510",3
2024-11-12 00:00:00+00:00,07627,9.933906198812663,"07621,07630,07607",3
2024-11-12 03:00:00+00:00,07535,8.419470436721618,"07630,07434,07510",3
2024-11-12 06:00:00+00:00,07535,6.389278282950451,"07630,07434,07510",3
2024-11-12 18:00:00+00:00,07535,6.831477610624784,"07630,07434,07510",3
2024-11-12 21:00:00+00:00,07535,5.873910687324123,"07630,07434,07510",3
2024-11-13 03:00:00+00:00,07535,4.9477853275249135,"07630,07434,07510",3
2024-11-13 06:00:00+00:00,07535,5.017743779818955,"07630,07434,07510",3
2024-11-13 09:00:00+00:00,07535,6.556771430420453,"07630,07434,07510",3
2024-11-13 12:00:00+00:00,07535,9.556207786860245,"07630,07434,07510",3
2024-11-13 12:00:00+00:00,07591,9.26754838624765,"07577,07650,07558",3
2024-11-13 15:00:00+00:00,07535,10.634724618845922,"07630,07434,07510",3
2024-11-13 21:00:00+00:00,07535,4.820557570792886,"07630,07434,07510",3
2024-11-14 06:00:00+00:00,07535,3.466383344887893,"07630,07434,07510",3
2024-11-14 18:00:00+00:00,07535,7.622813694807721,"07630,07434,07510",3
2024-11-15 00:00:00+00:00,07535,4.585721125511853,"07630,07434,07510",3
2024-11-15 03:00:00+00:00,07535,4.463418370696107,"07630,07434,07510",3
2024-11-15 06:00:00+00:00,07535,3.5124677291657775,"07630,07434,07510",3
2024-11-15 09:00:00+00:00,07535,5.459909791806194,"07630,07434,07510",3
2024-11-15 21:00:00+00:00,07535,5.508609141553514,"07630,07434,07510",3
2024-11-16 00:00:00+00:00,07643,7.375462909732946,"07650,07747,07577",3
2024-11-16 03:00:00+00:00,07535,3.1492377331800396,"07630,07434,07510",3
2024-11-16 09:00:00+00:00,07535,6.499960980489627,"07630,07434,07510",3
2024-11-16 15:00:00+00:00,07535,15.016065180543645,"07630,07434,07510",3
2024-11-16 21:00:00+00:00,07535,7.059030315971752,"07630,07434,07510",3
2024-11-17 03:00:00+00:00,07535,6.210651460810656,"07630,07434,07510",3
2024-11-17 06:00:00+00:00,07535,6.15339410957483,"07630,07434,07510",3
2024-11-17 09:00:00+00:00,07535,6.5753641329937995,"07630,07434,07510",3
2024-11-17 21:00:00+00:00,07535,6.882786138254062,"07630,07434,07510",3
2024-11-18 03:00:00+00:00,07535,6.600823557201625,"07630,07434,07510",3
2024-11-18 06:00:00+00:00,07535,6.823502506122636,"07630,07434,07510",3
2024-11-18 06:00:00+00:00,07643,10.100717219123036,"07650,07747,07577",3
2024-11-18 09:00:00+00:00,07535,8.127144130143854,"07630,07434,07510",3
2024-11-18 12:00:00+00:00,07535,10.734693203934313,"07630,07434,07510",3
2024-11-18 15:00:00+00:00,07535,11.001837865254423,"07630,07434,07510",3
2024-11-18 18:00:00+00:00,07535,9.703064021058065,"07630,07434,07510",3
2024-11-18 21:00:00+00:00,07535,8.006771141844126,"07630,07434,07510",3
2024-11-19 00:00:00+00:00,07535,7.078121354354014,"07630,07434,07510",3
2024-11-19 03:00:00+00:00,07535,6.648306056499511,"07630,07434,07510",3
2024-11-19 06:00:00+00:00,07535,6.182990656751273,"07630,07434,07510",3
2024-11-19 09:00:00+00:00,07255,11.695079267845566,"07240,07335,07149",3
2024-11-19 15:00:00+00:00,07535,13.274406620705946,"07630,07434,07510",3
2024-11-19 18:00:00+00:00,07535,12.559159076994195,"07630,07434,07510",3
2024-11-19 21:00:00+00:00,07535,12.540509152329408,"07630,07434,07510",3
2024-11-20 00:00:00+00:00,07535,11.275191199327985,"07630,07434,07510",3
2024-11-20 00:00:00+00:00,07627,12.383906137154304,"07621,07630,07607",3
2024-11-20 03:00:00+00:00,07535,10.034354117733397,"07630,07434,07510",3
2024-11-20 06:00:00+00:00,07535,7.659026523754498,"07630,07434,07510",3
2024-11-20 18:00:00+00:00,07535,7.106494885466386,"07630,07434,07510",3
2024-11-20 21:00:00+00:00,07535,6.638790864694951,"07630,07434,07510",3
2024-11-21 00:00:00+00:00,07535,6.00147687777941,"07630,07434,07510",3
2024-11-21 03:00:00+00:00,07535,5.48755266606234,"07630,07434,07510",3
2024-11-21 06:00:00+00:00,07535,5.681217964793182,"07630,07434,07510",3
2024-11-22 00:00:00+00:00,07627,8.008345685081599,"07621,07630,07607",3
2024-11-26 00:00:00+00:00,07627,6.620051598385373,"07621,07630,07607",3
2024-11-26 03:00:00+00:00,07790,12.380228828008573,"07761,07690,07650",3
2024-12-03 03:00:00+00:00,07643,10.426748175347967,"07650,07747,07577",3
2024-12-04 09:00:00+00:00,07643,8.022794377660695,"07650,07747,07577",3
2024-12-09 15:00:00+00:00,07761,9.422256903028563,"07790,07690,07650",3
2024-12-09 18:00:00+00:00,07761,8.51474622290381,"07790,07690,07650",3
2024-12-09 21:00:00+00:00,07761,8.232611504828592,"07790,07690,07650",3
2024-12-10 00:00:00+00:00,07761,7.83469530971033,"07790,07690,07650",3
2024-12-10 00:00:00+00:00,07627,3.476793439428919,"07621,07630,07607",3
2024-12-10 03:00:00+00:00,07761,6.705809445035177,"07790,07690,07650",3
2024-12-10 03:00:00+00:00,07535,2.5818762219574642,"07630,07434,07510",3
2024-12-10 03:00:00+00:00,07558,1.7313213107895487,"07630,07434",2
2024-12-10 06:00:00+00:00,07761,7.454701947806856,"07790,07690,07650",3
2024-12-10 06:00:00+00:00,07535,2.771081349880256,"07630,07434,07510",3
2024-12-10 06:00:00+00:00,07558,1.6684871963820993,"07630,07434",2
2024-12-10 09:00:00+00:00,07761,8.311506462292442,"07790,07690,07650",3
2024-12-10 09:00:00+00:00,07535,2.7920686500778693,"07630,07434,07510",3
2024-12-10 12:00:00+00:00,07535,3.3108093961295175,"07630,07434,07510",3
2024-12-10 15:00:00+00:00,07535,3.281529920191373,"07630,07434,07510",3
2024-12-12 00:00:00+00:00,07627,0.25876265573999624,"07621,07630,07607",3
2024-12-13 00:00:00+00:00,07643,6.073838750566096,"07650,07747,07577",3
2024-12-13 12:00:00+00:00,07790,14.643408799486146,"07761,07690,07650",3
2024-12-13 12:00:00+00:00,07643,11.205508491526116,"07650,07747,07577",3
2024-12-13 15:00:00+00:00,07790,13.209254413412006,"07761,07690,07650",3
2024-12-13 18:00:00+00:00,07790,10.76919961223985,"07761,07690,07650",3
2024-12-13 21:00:00+00:00,07790,9.787388840089493,"07761,07690,07650",3
2024-12-14 00:00:00+00:00,07790,9.049200749929438,"07761,07690,07650",3
2024-12-14 00:00:00+00:00,07627,4.006984868395914,"07621,07630,07607",3
2024-12-14 03:00:00+00:00,07790,8.887662100065894,"07761,07690,07650",3
2024-12-14 06:00:00+00:00,07790,8.618369015037038,"07761,07690,07650",3
2024-12-14 09:00:00+00:00,07790,9.939919898651716,"07761,07690,07650",3
2024-12-14 12:00:00+00:00,07790,13.75851742062666,"07761,07690,07650",3
2024-12-14 15:00:00+00:00,07790,13.794280904556413,"07761,07690,07650",3
2024-12-14 18:00:00+00:00,07790,10.353704057178406,"07761,07690,07650",3
2024-12-14 21:00:00+00:00,07790,8.254641414137836,"07761,07690,07650",3
2024-12-15 00:00:00+00:00,07790,8.202540113043318,"07761,07690,07650",3
2024-12-15 03:00:00+00:00,07790,9.48836434801912,"07761,07690,07650",3
2024-12-15 06:00:00+00:00,07790,7.664992415610228,"07761,07690,07650",3
2024-12-15 09:00:00+00:00,07790,9.723372555696432,"07761,07690,07650",3
2024-12-15 12:00:00+00:00,07790,14.795660965783886,"07761,07690,07650",3
2024-12-15 15:00:00+00:00,07790,14.955767111377211,"07761,07690,07650",3
2024-12-15 18:00:00+00:00,07790,8.89710610646949,"07761,07690,07650",3
2024-12-15 21:00:00+00:00,07790,7.757131778680073,"07761,07690,07650",3
2024-12-16 00:00:00+00:00,07790,6.639926010097823,"07761,07690,07650",3
2024-12-16 00:00:00+00:00,07627,-0.8463120891598802,"07621,07630,07607",3
2024-12-16 03:00:00+00:00,07790,6.070495375134928,"07761,07690,07650",3
2024-12-16 06:00:00+00:00,07790,5.144624981679659,"07761,07690,07650",3
2024-12-16 09:00:00+00:00,07790,9.221198944056043,"07761,07690,07650",3
2024-12-16 12:00:00+00:00,07790,15.488502576806981,"07761,07690,07650",3
2024-12-16 12:00:00+00:00,07434,6.739319516966917,"07535,07335,07255",3
2024-12-20 15:00:00+00:00,07643,9.258706640244997,"07650,07747,07577",3
2024-12-30 18:00:00+00:00,07020,7.818445867579841,"07117,07027,07005",3
2024-12-30 21:00:00+00:00,07020,7.375210386995304,"07117,07027,07005",3
2024-12-31 00:00:00+00:00,07020,6.173120592735574,"07117,07027,07005",3
2024-12-31 03:00:00+00:00,07020,7.1399337218242,"07117,07027,07005",3
2024-12-31 06:00:00+00:00,07020,7.44716765453253,"07117,07027,07005",3
2024-12-31 09:00:00+00:00,07020,8.187534683146122,"07117,07027,07005",3
2025-01-01 03:00:00+00:00,07643,5.354651257686154,"07650,07747,07577",3
2025-01-08 06:00:00+00:00,07643,5.794481307126373,"07650,07747,07577",3
2025-01-09 15:00:00+00:00,07510,11.425404577549703,"07607,07535,07335",3
2025-01-09 15:00:00+00:00,07747,16.164563177335026,"07643,07650,07577",3
2025-01-09 18:00:00+00:00,07747,14.493055345690836,"07643,07650,07577",3
2025-01-09 21:00:00+00:00,07747,12.229976044994816,"07643,07650,07577",3
2025-01-10 03:00:00+00:00,07747,9.417238170292219,"07643,07650,07577",3
2025-01-10 06:00:00+00:00,07747,7.6816982723463845,"07643,07650,07577",3
2025-01-10 09:00:00+00:00,07747,9.637715800065774,"07643,07650,07577",3
2025-01-11 12:00:00+00:00,07558,4.5503233412810085,"07630,07434,07535",3
2025-01-13 12:00:00+00:00,07643,7.20100516516792,"07650,07747,07577",3
2025-01-14 06:00:00+00:00,07643,-1.70575235126246,"07650,07747,07577",3
2025-01-14 09:00:00+00:00,07643,2.454520973200575,"07650,07747,07577",3
2025-01-14 18:00:00+00:00,07643,3.808910037917423,"07650,07747,07577",3
2025-01-15 00:00:00+00:00,07168,-1.409313078863563,"07072,07181,07149",3
2025-01-15 03:00:00+00:00,07168,0.11468075496744853,"07072,07181,07149",3
2025-01-15 03:00:00+00:00,07643,-1.1814076239535525,"07650,07747,07577",3
2025-01-15 06:00:00+00:00,07168,0.5332121719553906,"07072,07181,07149",3
2025-01-15 09:00:00+00:00,07168,1.4566589852826046,"07072,07181,07149",3
2025-01-16 00:00:00+00:00,07643,1.8465502181343623,"07650,07747,07577",3
2025-01-16 03:00:00+00:00,07643,1.1726466677291147,"07650,07747,07577",3
2025-01-16 09:00:00+00:00,07460,1.7979738337626876,"07471,07481,07255",3
2025-01-16 09:00:00+00:00,07643,4.268182390651483,"07650,07747,07577",3
2025-01-16 21:00:00+00:00,07643,3.4315323685208754,"07650,07747,07577",3
2025-01-17 03:00:00+00:00,07643,1.9668540333933655,"07650,07747,07577",3
2025-01-17 06:00:00+00:00,07643,1.1403773094803114,"07650,07747,07577",3
2025-01-17 21:00:00+00:00,07630,3.8564369163955785,"07535,07558,07607",3
2025-01-18 06:00:00+00:00,07643,0.9052989454158075,"07650,07747,07577",3
2025-01-18 09:00:00+00:00,07643,3.089789591676333,"07650,07747,07577",3
2025-01-19 00:00:00+00:00,07643,6.337157849586095,"07650,07747,07577",3
2025-01-19 03:00:00+00:00,07168,-3.6145284197411476,"07072,07181,07149",3
2025-01-19 06:00:00+00:00,07168,-3.9528942777141296,"07072,07181,07149",3
2025-01-19 09:00:00+00:00,07168,-2.861656267583597,"07072,07181,07149",3
2025-01-19 12:00:00+00:00,07168,-0.9955444067776544,"07072,07181,07149",3
2025-01-19 12:00:00+00:00,07643,10.043183051759259,"07650,07747,07577",3
2025-01-19 15:00:00+00:00,07168,-0.7699040592857584,"07072,07181,07149",3
2025-01-19 18:00:00+00:00,07168,-1.3836452265814019,"07072,07181,07149",3
2025-01-19 21:00:00+00:00,07168,-1.5488030327645412,"07072,07181,07149",3
2025-01-20 00:00:00+00:00,07168,-1.8533450935904336,"07072,07181,07149",3
2025-01-20 03:00:00+00:00,07168,-1.8874221605184023,"07072,07181,07149",3
2025-01-20 06:00:00+00:00,07168,-2.4349689057307122,"07072,07181,07149",3
2025-01-20 09:00:00+00:00,07168,-2.449994877793001,"07072,07181,07149",3
2025-01-20 12:00:00+00:00,07168,-1.1286930602870384,"07072,07181,07149",3
2025-01-20 15:00:00+00:00,07168,-0.5534327357823502,"07072,07181,07149",3
2025-01-20 15:00:00+00:00,07314,7.484963236974841,"07222,07240,07335",3
2025-01-20 15:00:00+00:00,07643,12.479531437745147,"07650,07747,07577",3
2025-01-20 18:00:00+00:00,07168,-0.799198697291116,"07072,07181,07149",3
2025-01-20 18:00:00+00:00,07314,5.699936858619569,"07222,07240,07335",3
2025-01-20 21:00:00+00:00,07168,-0.9922790933169499,"07072,07181,07149",3
2025-01-20 21:00:00+00:00,07314,4.826300798896275,"07222,07240,07335",3
2025-01-21 00:00:00+00:00,07168,-1.7337077999049042,"07072,07181,07149",3
2025-01-21 00:00:00+00:00,07314,4.665736056132577,"07222,07240,07335",3
2025-01-21 03:00:00+00:00,07168,-1.9570294665851307,"07072,07181,07149",3
2025-01-21 03:00:00+00:00,07314,4.466320530846993,"07222,07240,07335",3
2025-01-21 06:00:00+00:00,07168,-3.4164320090323557,"07072,07181,07149",3
2025-01-21 06:00:00+00:00,07314,4.640663711888569,"07222,07240,07335",3
2025-01-21 09:00:00+00:00,07168,-2.0888060719318613,"07072,07181,07149",3
2025-01-21 12:00:00+00:00,07168,1.8231145723841615,"07072,07181,07149",3
2025-01-21 12:00:00+00:00,07643,12.484709520307018,"07650,07747,07577",3
2025-01-21 15:00:00+00:00,07168,3.665159323641425,"07072,07181,07149",3
2025-01-21 18:00:00+00:00,07577,7.5558924505213385,"07481,07650,07280",3
2025-01-21 18:00:00+00:00,07168,0.32950957973024436,"07072,07181,07149",3
2025-01-21 18:00:00+00:00,07643,11.103541888556235,"07650,07747",2
2025-01-21 21:00:00+00:00,07168,-0.12554296827608755,"07072,07181,07149",3
2025-01-22 00:00:00+00:00,07168,0.2416109881404656,"07072,07181,07149",3
2025-01-22 03:00:00+00:00,07168,0.6337369307475877,"07072,07181,07149",3
2025-01-22 06:00:00+00:00,07168,2.079441290064598,"07072,07181,07149",3
2025-01-22 09:00:00+00:00,07168,4.143120950030958,"07072,07181,07149",3
2025-01-22 09:00:00+00:00,07643,10.177665067712779,"07650,07747,07577",3
2025-01-22 12:00:00+00:00,07168,7.073915388097811,"07072,07181,07149",3
2025-01-22 15:00:00+00:00,07168,8.789010222161528,"07072,07181,07149",3
2025-01-22 18:00:00+00:00,07168,7.699648296531971,"07072,07181,07149",3
2025-01-22 18:00:00+00:00,07643,11.280374358358927,"07650,07747,07577",3
2025-01-22 21:00:00+00:00,07168,8.94643249254644,"07072,07181,07149",3
2025-01-23 00:00:00+00:00,07168,6.792700311498414,"07072,07181,07149",3
2025-01-23 03:00:00+00:00,07168,5.531249112460767,"07072,07181,07149",3
2025-01-23 06:00:00+00:00,07168,4.530715230272915,"07072,07181,07149",3
2025-01-23 15:00:00+00:00,07643,14.33955376249437,"07650,07747,07577",3
2025-01-23 18:00:00+00:00,07643,9.727229178490607,"07650,07747,07577",3
2025-01-23 21:00:00+00:00,07643,7.976111455093088,"07650,07747,07577",3
2025-01-24 12:00:00+00:00,07643,12.192784345239781,"07650,07747,07577",3
2025-01-26 15:00:00+00:00,07643,13.223036513497027,"07650,07747,07577",3
2025-01-26 18:00:00+00:00,07027,8.885090228255573,"07037,07139,07005",3
2025-01-26 18:00:00+00:00,07643,11.926450895808316,"07650,07747,07577",3
2025-01-27 12:00:00+00:00,07577,14.061639472337022,"07481,07650,07280",3
2025-01-27 12:00:00+00:00,07314,12.090372084489033,"07222,07240,07335",3
2025-01-27 15:00:00+00:00,07314,10.731505228869738,"07222,07240,07335",3
2025-01-27 15:00:00+00:00,07643,16.415303462023935,"07650,07747,07577",3
2025-01-27 18:00:00+00:00,07314,10.14835770330404,"07222,07240,07335",3
2025-01-27 21:00:00+00:00,07314,10.426374453202875,"07222,07240,07335",3
2025-01-27 21:00:00+00:00,07643,12.958746467417685,"07650,07747,07577",3
2025-01-28 00:00:00+00:00,07314,10.233973298423717,"07222,07240,07335",3
2025-01-28 03:00:00+00:00,07577,9.227436002639452,"07481,07650,07280",3
2025-01-28 03:00:00+00:00,07314,10.327673573328012,"07222,07240,07335",3
2025-01-28 03:00:00+00:00,07643,10.11401332242948,"07650,07747",2
2025-01-28 06:00:00+00:00,07314,10.590922930350146,"07222,07240,07335",3
2025-01-28 09:00:00+00:00,07314,10.891156354069839,"07222,07240,07335",3
2025-01-28 12:00:00+00:00,07314,12.79528700898776,"07222,07240,07335",3
2025-01-28 15:00:00+00:00,07314,12.724349511715463,"07222,07240,07335",3
2025-01-28 18:00:00+00:00,07314,11.877303272293062,"07222,07240,07335",3
2025-01-28 21:00:00+00:00,07314,11.298175337449074,"07222,07240,07335",3
2025-01-29 00:00:00+00:00,07314,10.481098794217829,"07222,07240,07335",3
2025-01-29 03:00:00+00:00,07314,9.516143738878505,"07222,07240,07335",3
2025-01-29 06:00:00+00:00,07027,6.661830606994308,"07037,07139,07005",3
2025-01-29 06:00:00+00:00,07314,9.69092977070775,"07222,07240,07335",3
2025-01-29 06:00:00+00:00,07643,7.212322474847956,"07650,07747,07577",3
2025-01-29 09:00:00+00:00,07314,10.741375269799295,"07222,07240,07335",3
2025-01-29 09:00:00+00:00,07643,8.935632397575118,"07650,07747,07577",3
2025-01-29 12:00:00+00:00,07314,10.75004190973318,"07222,07240,07335",3
2025-01-29 15:00:00+00:00,07314,10.827654179747611,"07222,07240,07335",3
2025-01-29 18:00:00+00:00,07314,10.649224011299061,"07222,07240,07335",3
2025-01-29 18:00:00+00:00,07643,11.234648071816729,"07650,07747,07577",3
2025-01-29 21:00:00+00:00,07314,10.119059262291476,"07222,07240,07335",3
2025-01-30 00:00:00+00:00,07314,9.467534108800429,"07222,07240,07335",3
2025-01-30 03:00:00+00:00,07314,8.988995667999658,"07222,07240,07335",3
2025-01-30 06:00:00+00:00,07314,8.88801676185994,"07222,07240,07335",3
2025-01-30 09:00:00+00:00,07314,8.981435193682131,"07222,07240,07335",3
2025-01-31 09:00:00+00:00,07643,9.289192465023657,"07650,07747,07577",3
2025-01-31 12:00:00+00:00,07643,11.071098816183623,"07650,07747,07577",3
2025-01-31 21:00:00+00:00,07643,7.76808594214457,"07650,07747,07577",3
2025-02-01 03:00:00+00:00,07643,6.772564766018815,"07650,07747,07577",3
2025-02-02 00:00:00+00:00,07643,7.558161468179205,"07650,07747,07577",3
2025-02-02 09:00:00+00:00,07643,7.9992125320576415,"07650,07747,07577",3
2025-02-02 12:00:00+00:00,07643,10.883486946309024,"07650,07747,07577",3
2025-02-03 09:00:00+00:00,07643,7.976140077160948,"07650,07747,07577",3
2025-02-04 00:00:00+00:00,07643,5.63847515995588,"07650,07747,07577",3
2025-02-04 12:00:00+00:00,07643,11.148430825429946,"07650,07747,07577",3
2025-02-04 15:00:00+00:00,07481,6.537162438104113,"07280,07460,07577",3
2025-02-04 15:00:00+00:00,07643,12.618109277464685,"07650,07747,07577",3
2025-02-05 09:00:00+00:00,07643,8.401772713621174,"07650,07747,07577",3
2025-02-05 12:00:00+00:00,07643,12.154158823092684,"07650,07747,07577",3
2025-02-05 18:00:00+00:00,07643,9.891590627813851,"07650,07747,07577",3
2025-02-06 00:00:00+00:00,07643,5.748336397333005,"07650,07747,07577",3
2025-02-06 15:00:00+00:00,07643,13.24075782142867,"07650,07747,07577",3
2025-02-06 21:00:00+00:00,07643,5.403824828924966,"07650,07747,07577",3
2025-02-07 06:00:00+00:00,07643,5.3210840358572025,"07650,07747,07577",3
2025-02-07 09:00:00+00:00,07020,6.784702697186646,"07117,07027,07005",3
2025-02-07 12:00:00+00:00,07020,7.061422266300729,"07117,07027,07005",3
2025-02-07 15:00:00+00:00,07020,5.54764232699912,"07117,07027,07005",3
2025-02-07 15:00:00+00:00,07535,8.655049492061037,"07630,07434,07510",3
2025-02-07 18:00:00+00:00,07020,5.485259919856449,"07117,07027,07005",3
2025-02-07 18:00:00+00:00,07643,11.744853415722767,"07650,07747,07577",3
2025-02-07 21:00:00+00:00,07020,5.701521775681204,"07117,07027,07005",3
2025-02-08 00:00:00+00:00,07020,6.339988187062475,"07117,07027,07005",3
2025-02-08 03:00:00+00:00,07020,6.140426393517595,"07117,07027,07005",3
2025-02-08 06:00:00+00:00,07020,6.491417977235382,"07117,07027,07005",3
2025-02-08 09:00:00+00:00,07020,7.320223004623454,"07117,07027,07005",3
2025-02-08 12:00:00+00:00,07020,7.073490274818821,"07117,07027,07005",3
2025-02-08 15:00:00+00:00,07020,7.629246719742375,"07117,07027,07005",3
2025-02-08 15:00:00+00:00,07643,10.213520859021257,"07650,07747,07577",3
2025-02-08 18:00:00+00:00,07020,7.223563825408635,"07117,07027,07005",3
2025-02-08 21:00:00+00:00,07020,7.274229906889701,"07117,07027,07005",3
2025-02-09 00:00:00+00:00,07020,7.122014891032802,"07117,07027,07005",3
2025-02-09 03:00:00+00:00,07020,7.345006776272062,"07117,07027,07005",3
2025-02-09 03:00:00+00:00,07643,4.648079330787107,"07650,07747,07577",3
2025-02-09 06:00:00+00:00,07020,7.007653652440377,"07117,07027,07005",3
2025-02-09 09:00:00+00:00,07130,2.66728539086772,"07222,07139,07027",3
2025-02-09 09:00:00+00:00,07020,7.272876226935476,"07117,07027,07005",3
2025-02-09 12:00:00+00:00,07130,4.895827067931927,"07222,07139,07027",3
2025-02-09 12:00:00+00:00,07020,8.412586173681408,"07117,07027,07005",3
2025-02-09 15:00:00+00:00,07130,5.544071882880307,"07222,07139,07027",3
2025-02-09 15:00:00+00:00,07020,8.780277819679068,"07117,07027,07005",3
2025-02-09 15:00:00+00:00,07643,11.97971088103074,"07650,07747,07577",3
2025-02-09 18:00:00+00:00,07577,7.49889662218146,"07481,07650,07280",3
2025-02-09 18:00:00+00:00,07130,4.518265383118805,"07222,07139,07027",3
2025-02-09 18:00:00+00:00,07020,8.138533034490246,"07117,07027,07005",3
2025-02-09 18:00:00+00:00,07643,9.805096515581413,"07650,07747",2
2025-02-09 21:00:00+00:00,07130,4.521588239058302,"07222,07139,07027",3
2025-02-09 21:00:00+00:00,07020,7.290537356327598,"07117,07027,07005",3
2025-02-10 00:00:00+00:00,07130,4.406657401292517,"07222,07139,07027",3
2025-02-10 00:00:00+00:00,07020,6.654956705911877,"07117,07027,07005",3
2025-02-10 03:00:00+00:00,07130,4.344367495312101,"07222,07139,07027",3
2025-02-10 03:00:00+00:00,07020,6.433142659198618,"07117,07027,07005",3
2025-02-10 03:00:00+00:00,07643,7.986799045268482,"07650,07747,07577",3
2025-02-10 06:00:00+00:00,07130,4.326992718010023,"07222,07139,07027",3
2025-02-10 06:00:00+00:00,07020,6.460202807557035,"07117,07027,07005",3
2025-02-10 09:00:00+00:00,07020,6.294390261799564,"07117,07027,07005",3
2025-02-10 12:00:00+00:00,07643,12.922145136337257,"07650,07747,07577",3
2025-02-10 21:00:00+00:00,07643,11.01547831359134,"07650,07747,07577",3
2025-02-11 09:00:00+00:00,07643,12.077778712412883,"07650,07577",2
2025-02-11 09:00:00+00:00,07747,12.650078482065304,"07650,07577",2
2025-02-11 12:00:00+00:00,07643,13.95924980474916,"07650,07577",2
2025-02-11 12:00:00+00:00,07747,14.504651652891036,"07650,07577",2
2025-02-12 09:00:00+00:00,07577,10.868310230350476,"07481,07650,07280",3
2025-02-12 09:00:00+00:00,07643,11.491756040100293,"07650,07747",2
2025-02-12 12:00:00+00:00,07643,13.473177766391062,"07650,07747,07577",3
2025-02-13 12:00:00+00:00,07577,11.346338431140872,"07481,07650,07280",3
2025-02-13 12:00:00+00:00,07110,7.0116879609313125,"07130,07117,07027",3
2025-02-13 12:00:00+00:00,07643,14.539621786671182,"07650,07747",2
2025-02-13 21:00:00+00:00,07643,9.885470612981209,"07650,07747,07577",3
2025-02-14 15:00:00+00:00,07643,11.554275029790016,"07650,07747,07577",3
2025-02-14 18:00:00+00:00,07643,9.378769797907541,"07650,07747,07577",3
2025-02-15 15:00:00+00:00,07643,11.563010923343672,"07650,07747,07577",3
2025-02-15 18:00:00+00:00,07643,7.835937457340463,"07650,07747,07577",3
2025-02-16 09:00:00+00:00,07643,8.24553625791177,"07650,07747,07577",3
2025-02-16 12:00:00+00:00,07643,11.503039235634276,"07650,07747,07577",3
2025-02-16 15:00:00+00:00,07643,14.207124952396079,"07650,07747,07577",3
2025-02-17 00:00:00+00:00,07020,6.339147350277935,"07117,07027,07005",3
2025-02-17 03:00:00+00:00,07020,6.0528529207692845,"07117,07027,07005",3
2025-02-17 06:00:00+00:00,07020,6.025616930982636,"07117,07027,07005",3
2025-02-17 09:00:00+00:00,07020,6.48039289580055,"07117,07027,07005",3
2025-02-17 12:00:00+00:00,07020,9.020795922867748,"07117,07027,07005",3
2025-02-17 12:00:00+00:00,07621,13.763176228540354,"07627,07607,07630",3
2025-02-17 15:00:00+00:00,07020,10.010473249009385,"07117,07027,07005",3
2025-02-17 15:00:00+00:00,07643,14.422251229739679,"07650,07747,07577",3
2025-02-17 18:00:00+00:00,07020,9.019524102884542,"07117,07027,07005",3
2025-02-17 21:00:00+00:00,07020,8.323875792392624,"07117,07027,07005",3
2025-02-17 21:00:00+00:00,07643,8.977916300672248,"07650,07747,07577",3
2025-02-18 00:00:00+00:00,07020,8.039286725694726,"07117,07027,07005",3
2025-02-18 00:00:00+00:00,07643,7.5292141645771915,"07650,07747,07577",3
2025-02-18 03:00:00+00:00,07020,7.6444914417242495,"07117,07027,07005",3
2025-02-18 03:00:00+00:00,07643,6.8569353942729165,"07650,07747,07577",3
2025-02-18 06:00:00+00:00,07020,7.118288293282719,"07117,07027,07005",3
2025-02-18 09:00:00+00:00,07020,6.28616652173043,"07117,07027,07005",3
2025-02-18 12:00:00+00:00,07020,8.918546182407766,"07117,07027,07005",3
2025-02-18 15:00:00+00:00,07020,10.633027383423602,"07117,07027,07005",3
2025-02-18 18:00:00+00:00,07020,9.246717058686905,"07117,07027,07005",3
2025-02-18 21:00:00+00:00,07020,8.444711918629146,"07117,07027,07005",3
2025-02-19 00:00:00+00:00,07020,8.18796822597362,"07117,07027,07005",3
2025-02-19 03:00:00+00:00,07020,8.931611068765935,"07117,07027,07005",3
2025-02-19 06:00:00+00:00,07020,8.757184729726148,"07117,07027,07005",3
2025-02-19 09:00:00+00:00,07020,9.94756075795314,"07117,07027,07005",3
2025-02-19 12:00:00+00:00,07020,12.132776249997134,"07117,07027,07005",3
2025-02-19 15:00:00+00:00,07577,14.341882227543724,"07481,07650,07280",3
2025-02-19 15:00:00+00:00,07020,13.72210258351449,"07117,07027,07005",3
2025-02-19 15:00:00+00:00,07643,14.022561341343673,"07650,07747",2
2025-02-19 18:00:00+00:00,07020,11.855230525213534,"07117,07027,07005",3
2025-02-19 21:00:00+00:00,07020,11.430881944761106,"07117,07027,07005",3
2025-02-20 00:00:00+00:00,07020,11.914724611761791,"07117,07027,07005",3
2025-02-20 03:00:00+00:00,07117,12.01962546303041,"07110,07027",2
2025-02-20 03:00:00+00:00,07020,10.744389959590315,"07027,07005",2
2025-02-20 03:00:00+00:00,07643,10.000312754980019,"07650,07747,07577",3
2025-02-20 06:00:00+00:00,07117,11.944152057360377,"07110,07027",2
2025-02-20 06:00:00+00:00,07020,10.9835959631148,"07027,07005",2
2025-02-20 09:00:00+00:00,07117,12.95516471702468,"07110,07027",2
2025-02-20 09:00:00+00:00,07020,12.544286490898296,"07027,07005",2
2025-02-20 12:00:00+00:00,07460,,,0
2025-02-20 12:00:00+00:00,07471,,,0
2025-02-20 12:00:00+00:00,07481,,,0
2025-02-20 12:00:00+00:00,07577,,,0
2025-02-20 12:00:00+00:00,07280,,,0
2025-02-20 12:00:00+00:00,07110,,,0
2025-02-20 12:00:00+00:00,07117,,,0
2025-02-20 12:00:00+00:00,07130,,,0
2025-02-20 12:00:00+00:00,07240,,,0
2025-02-20 12:00:00+00:00,07255,,,0
2025-02-20 12:00:00+00:00,07761,,,0
2025-02-20 12:00:00+00:00,07790,,,0
2025-02-20 12:00:00+00:00,07072,,,0
2025-02-20 12:00:00+00:00,07168,,,0
2025-02-20 12:00:00+00:00,07181,,,0
2025-02-20 12:00:00+00:00,07190,,,0
2025-02-20 12:00:00+00:00,07299,,,0
2025-02-20 12:00:00+00:00,07005,,,0
2025-02-20 12:00:00+00:00,07015,,,0
2025-02-20 12:00:00+00:00,07020,,,0
2025-02-20 12:00:00+00:00,07027,,,0
2025-02-20 12:00:00+00:00,07037,,,0
2025-02-20 12:00:00+00:00,07139,,,0
2025-02-20 12:00:00+00:00,07314,,,0
2025-02-20 12:00:00+00:00,07335,,,0
2025-02-20 12:00:00+00:00,07434,,,0
2025-02-20 12:00:00+00:00,07510,,,0
2025-02-20 12:00:00+00:00,07607,,,0
2025-02-20 12:00:00+00:00,07535,,,0
2025-02-20 12:00:00+00:00,07558,,,0
2025-02-20 12:00:00+00:00,07621,,,0
2025-02-20 12:00:00+00:00,07627,,,0
2025-02-20 12:00:00+00:00,07630,,,0
2025-02-20 12:00:00+00:00,07643,,,0
2025-02-20 12:00:00+00:00,07747,,,0
2025-02-20 12:00:00+00:00,07222,,,0
2025-02-20 12:00:00+00:00,07591,,,0
2025-02-20 12:00:00+00:00,07650,,,0
2025-02-20 12:00:00+00:00,07690,,,0
2025-02-20 12:00:00+00:00,07149,,,0
2025-02-20 15:00:00+00:00,07117,12.973604458346738,"07020,07110,07027",3
2025-02-20 18:00:00+00:00,07117,12.726153224128016,"07020,07110,07027",3
2025-02-20 18:00:00+00:00,07643,11.667876945065135,"07650,07747,07577",3
2025-02-20 21:00:00+00:00,07117,12.45359312301202,"07020,07110,07027",3
2025-02-20 21:00:00+00:00,07643,10.782505498266318,"07650,07747,07577",3
2025-02-20 21:00:00+00:00,07222,13.395308833533225,"07130,07335,07240",3
2025-02-21 00:00:00+00:00,07117,12.40890222305348,"07020,07110,07027",3
2025-02-21 03:00:00+00:00,07117,12.654852691495549,"07020,07110,07027",3
2025-02-21 06:00:00+00:00,07117,12.88038175176384,"07020,07110,07027",3
2025-02-21 06:00:00+00:00,07643,8.70096720895576,"07650,07747,07577",3
2025-02-21 09:00:00+00:00,07117,13.804641949218333,"07020,07110,07027",3
2025-02-21 21:00:00+00:00,07643,13.373095317517327,"07650,07747,07577",3
2025-02-22 12:00:00+00:00,07577,15.140626247860117,"07481,07650,07280",3
2025-02-24 00:00:00+00:00,07643,9.471713057815213,"07650,07747,07577",3
2025-02-24 06:00:00+00:00,07577,7.603406088312714,"07481,07650,07280",3
2025-02-24 06:00:00+00:00,07222,11.29503439453675,"07130,07335,07240",3
2025-02-24 09:00:00+00:00,07020,11.83591708448238,"07117,07027,07005",3
2025-02-24 12:00:00+00:00,07020,13.602810659775482,"07117,07027,07005",3
2025-02-25 00:00:00+00:00,07643,9.900677551425344,"07650,07747,07577",3
2025-02-25 03:00:00+00:00,07643,10.683158786661478,"07650,07747,07577",3
2025-02-25 06:00:00+00:00,07643,11.344475785874407,"07650,07747,07577",3
2025-02-25 09:00:00+00:00,07643,13.28777256176866,"07650,07747,07577",3
2025-02-25 12:00:00+00:00,07110,10.183305256177096,"07130,07117,07027",3
2025-02-25 12:00:00+00:00,07643,14.319447823655828,"07650,07747,07577",3
2025-02-25 18:00:00+00:00,07314,10.793879339231568,"07222,07240,07335",3
2025-02-25 21:00:00+00:00,07314,9.75076591006668,"07222,07240,07335",3
2025-02-26 00:00:00+00:00,07314,8.63313824369552,"07222,07240,07335",3
2025-02-26 03:00:00+00:00,07314,7.537042037972519,"07222,07240,07335",3
2025-02-26 06:00:00+00:00,07314,7.143197634377853,"07222,07240,07335",3
2025-02-26 09:00:00+00:00,07314,10.659094052228617,"07222,07240,07335",3
2025-02-26 09:00:00+00:00,07643,10.79803445197973,"07650,07747,07577",3
2025-02-26 12:00:00+00:00,07314,13.542436907889561,"07222,07240,07335",3
2025-02-26 12:00:00+00:00,07643,12.906457429254637,"07650,07747,07577",3
2025-02-26 15:00:00+00:00,07314,12.915998056636642,"07222,07240,07335",3
2025-02-26 18:00:00+00:00,07314,11.860109101786826,"07222,07240,07335",3
2025-02-26 21:00:00+00:00,07314,10.637473296551098,"07222,07240,07335",3
2025-02-27 00:00:00+00:00,07314,9.609105361918889,"07222,07240,07335",3
2025-02-27 03:00:00+00:00,07314,7.8771650131451425,"07222,07240,07335",3
2025-02-27 06:00:00+00:00,07314,6.770956404107611,"07222,07240,07335",3
2025-02-27 09:00:00+00:00,07314,9.233058987323759,"07222,07240,07335",3
2025-02-27 12:00:00+00:00,07314,12.618110055867074,"07222,07240,07335",3
2025-02-27 15:00:00+00:00,07314,12.590110328523648,"07222,07240,07335",3
2025-02-27 15:00:00+00:00,07643,15.190367281564884,"07650,07747,07577",3
2025-02-27 18:00:00+00:00,07314,11.340692154934246,"07222,07240,07335",3
2025-02-27 21:00:00+00:00,07314,9.633860006742664,"07222,07240,07335",3
2025-02-28 00:00:00+00:00,07314,8.40266081459647,"07222,07240,07335",3
2025-02-28 03:00:00+00:00,07314,7.024196610838638,"07222,07240,07335",3
2025-02-28 03:00:00+00:00,07643,8.43144144345813,"07650,07747,07577",3
2025-02-28 06:00:00+00:00,07314,6.904459679321467,"07240,07335",2
2025-02-28 06:00:00+00:00,07222,0.5765992545627973,"07130,07335,07240",3
2025-02-28 09:00:00+00:00,07314,9.112222788307426,"07222,07240,07335",3
2025-02-28 12:00:00+00:00,07314,11.599751271525975,"07222,07240,07335",3
2025-02-28 12:00:00+00:00,07643,13.434845637445333,"07650,07747,07577",3
2025-02-28 15:00:00+00:00,07314,12.037979208430137,"07222,07240,07335",3
2025-02-28 18:00:00+00:00,07314,10.86095825348777,"07222,07240,07335",3
2025-02-28 18:00:00+00:00,07643,10.572696451847621,"07650,07747,07577",3
2025-02-28 21:00:00+00:00,07314,9.507955806070424,"07222,07240,07335",3
2025-02-28 21:00:00+00:00,07643,8.848141401145218,"07650,07747,07577",3
2025-03-01 00:00:00+00:00,07314,8.25673831334203,"07222,07240,07335",3
2025-03-01 03:00:00+00:00,07314,7.363280817080206,"07222,07240,07335",3
2025-03-01 06:00:00+00:00,07314,6.875861289948734,"07222,07240,07335",3
2025-03-01 09:00:00+00:00,07314,8.520341226122532,"07222,07240,07335",3
2025-03-01 12:00:00+00:00,07314,11.208059742828677,"07222,07240,07335",3
2025-03-01 15:00:00+00:00,07314,11.325702590077102,"07240,07335",2
2025-03-01 15:00:00+00:00,07643,11.357249712503792,"07650,07747,07577",3
2025-03-01 15:00:00+00:00,07222,9.66260832896579,"07130,07335,07240",3
2025-03-01 18:00:00+00:00,07314,10.133052146966156,"07222,07240,07335",3
2025-03-01 21:00:00+00:00,07314,8.808152679915668,"07222,07240,07335",3
2025-03-02 00:00:00+00:00,07314,7.70738752663641,"07222,07240,07335",3
2025-03-02 03:00:00+00:00,07314,6.846666101959596,"07222,07240,07335",3
2025-03-02 06:00:00+00:00,07314,6.137296676301434,"07222,07240,07335",3
2025-03-02 09:00:00+00:00,07314,7.835408745867894,"07222,07240,07335",3
2025-03-02 12:00:00+00:00,07314,11.315288153275901,"07222,07240,07335",3
2025-03-02 12:00:00+00:00,07643,11.911090105246545,"07650,07747,07577",3
2025-03-02 15:00:00+00:00,07314,12.452012562315744,"07222,07240,07335",3
2025-03-02 18:00:00+00:00,07314,11.15662598267465,"07222,07240,07335",3
2025-03-02 18:00:00+00:00,07643,11.234667284102203,"07650,07747,07577",3
2025-03-02 21:00:00+00:00,07314,9.287098115166044,"07222,07240,07335",3
2025-03-03 00:00:00+00:00,07314,7.504614821471238,"07240,07335",2
2025-03-03 00:00:00+00:00,07643,5.714807600074998,"07650,07747,07577",3
2025-03-03 00:00:00+00:00,07222,3.143182451715567,"07130,07335,07240",3
2025-03-03 03:00:00+00:00,07314,6.938146105281212,"07222,07240,07335",3
2025-03-03 06:00:00+00:00,07314,6.427838649150264,"07222,07240,07335",3
2025-03-03 15:00:00+00:00,07643,14.086278223111272,"07650,07747,07577",3
2025-03-04 03:00:00+00:00,07577,4.5965904547756695,"07481,07650,07280",3
2025-03-04 03:00:00+00:00,07643,8.189470412075384,"07650,07747",2
2025-03-04 06:00:00+00:00,07643,6.4446393573078575,"07650,07747,07577",3
2025-03-04 12:00:00+00:00,07110,10.930053325694653,"07130,07117,07027",3
2025-03-04 12:00:00+00:00,07643,14.463530662458021,"07650,07747,07577",3
2025-03-04 15:00:00+00:00,07643,15.487210669312018,"07650,07747,07577",3
2025-03-05 03:00:00+00:00,07577,4.546632833254279,"07481,07650,07280",3
2025-03-05 03:00:00+00:00,07643,7.368441136206394,"07650,07747",2
2025-03-05 09:00:00+00:00,07643,11.274855048242323,"07650,07747,07577",3
2025-03-05 12:00:00+00:00,07117,13.843297121660935,"07020,07110,07027",3
2025-03-05 12:00:00+00:00,07643,15.842900552870828,"07650,07747,07577",3
2025-03-05 15:00:00+00:00,07117,14.065428840125065,"07020,07110,07027",3
2025-03-05 18:00:00+00:00,07222,15.399637168366993,"07130,07335,07240",3
2025-03-06 09:00:00+00:00,07577,12.846171688045246,"07481,07650,07280",3
2025-03-06 09:00:00+00:00,07643,14.977393535555395,"07650,07747",2
2025-03-06 15:00:00+00:00,07643,15.561826622599762,"07650,07747,07577",3
2025-03-07 06:00:00+00:00,07643,8.77394367838794,"07650,07747,07577",3
2025-03-07 12:00:00+00:00,07643,14.08863874048116,"07650,07747,07577",3
2025-03-07 18:00:00+00:00,07643,13.42935534211725,"07650,07747,07577",3
2025-03-08 15:00:00+00:00,07577,17.263119158898423,"07481,07650,07280",3
2025-03-08 15:00:00+00:00,07643,15.002176658351862,"07650,07747",2
2025-03-08 18:00:00+00:00,07643,13.549404188745843,"07650,07747,07577",3
2025-03-09 12:00:00+00:00,07535,11.326194608921082,"07630,07434,07510",3
2025-03-09 12:00:00+00:00,07643,14.873153576566365,"07650,07747,07577",3
2025-03-09 15:00:00+00:00,07643,13.529774117294226,"07650,07747,07577",3
2025-03-09 15:00:00+00:00,07222,12.409513932649979,"07130,07335,07240",3
2025-03-09 18:00:00+00:00,07535,10.584095502582546,"07630,07434,07510",3
2025-03-09 21:00:00+00:00,07535,8.919923598236034,"07630,07434,07510",3
2025-03-10 00:00:00+00:00,07535,7.566733901733166,"07630,07434,07510",3
2025-03-10 00:00:00+00:00,07643,10.288449417795892,"07650,07747,07577",3
2025-03-10 03:00:00+00:00,07535,5.817106213994367,"07630,07434,07510",3
2025-03-10 06:00:00+00:00,07535,4.755783969562052,"07630,07434,07510",3
2025-03-10 06:00:00+00:00,07643,8.940022007263195,"07650,07747,07577",3
2025-03-10 12:00:00+00:00,07535,15.115309085376879,"07630,07434,07510",3
2025-03-10 15:00:00+00:00,07535,16.014945222676907,"07630,07434,07510",3
2025-03-10 15:00:00+00:00,07643,14.34649126498941,"07650,07747,07577",3
2025-03-11 06:00:00+00:00,07643,9.224269041314956,"07650,07747,07577",3
2025-03-11 12:00:00+00:00,07535,13.15886211994296,"07630,07434,07510",3
2025-03-11 15:00:00+00:00,07577,13.351176591456635,"07481,07650,07280",3
2025-03-11 15:00:00+00:00,07643,14.675082678702145,"07650,07747",2
2025-03-11 21:00:00+00:00,07535,10.184239092032126,"07630,07434,07510",3
2025-03-11 21:00:00+00:00,07643,10.93455947856471,"07650,07747,07577",3
2025-03-12 03:00:00+00:00,07643,11.515899967742472,"07650,07747,07577",3
2025-03-12 09:00:00+00:00,07643,12.427680235118737,"07650,07747,07577",3
2025-03-12 12:00:00+00:00,07471,7.443245163562011,"07460,07481,07558",3
2025-03-12 12:00:00+00:00,07643,14.168937265785619,"07650,07747,07577",3
2025-03-12 15:00:00+00:00,07535,9.445914768534676,"07630,07434,07510",3
2025-03-12 18:00:00+00:00,07643,12.921202811345774,"07650,07747,07577",3
2025-03-12 21:00:00+00:00,07535,5.345564211689425,"07630,07434,07510",3
2025-03-13 00:00:00+00:00,07535,3.4033070001121777,"07630,07434,07510",3
2025-03-13 03:00:00+00:00,07535,2.8318083659209616,"07630,07434,07510",3
2025-03-13 03:00:00+00:00,07643,9.085840152461534,"07650,07747,07577",3
2025-03-13 06:00:00+00:00,07535,2.361262846220261,"07630,07434,07510",3
2025-03-13 15:00:00+00:00,07535,6.432645021764637,"07630,07434,07510",3
2025-03-13 15:00:00+00:00,07643,11.157811142242831,"07650,07747,07577",3
2025-03-13 21:00:00+00:00,07535,3.587689617099376,"07630,07434,07510",3
2025-03-14 00:00:00+00:00,07790,10.99120826168606,"07761,07690,07650",3
2025-03-14 00:00:00+00:00,07643,8.94820463773348,"07650,07747,07577",3
2025-03-14 03:00:00+00:00,07790,12.723488570666817,"07761,07690,07650",3
2025-03-14 03:00:00+00:00,07535,1.3603565231913792,"07630,07434,07510",3
2025-03-14 06:00:00+00:00,07790,12.488772241122332,"07761,07690,07650",3
2025-03-14 06:00:00+00:00,07535,-0.22934551256270785,"07630,07434,07510",3
2025-03-14 09:00:00+00:00,07535,3.687606956697441,"07630,07434,07510",3
2025-03-14 12:00:00+00:00,07255,6.3332942582574,"07240,07335,07149",3
2025-03-14 18:00:00+00:00,07110,7.219112061547438,"07130,07117,07027",3
2025-03-14 18:00:00+00:00,07535,5.837051762698483,"07630,07434,07510",3
2025-03-14 18:00:00+00:00,07643,7.3592465996585075,"07650,07747,07577",3
2025-03-14 21:00:00+00:00,07535,3.5776429628123516,"07630,07434,07510",3
2025-03-15 00:00:00+00:00,07535,1.784222997439289,"07630,07434,07510",3
2025-03-15 03:00:00+00:00,07535,0.5488818615451787,"07630,07434,07510",3
2025-03-15 06:00:00+00:00,07535,0.509187414591364,"07630,07434,07510",3
2025-03-15 09:00:00+00:00,07535,3.3290517117774456,"07630,07434,07510",3
2025-03-15 12:00:00+00:00,07535,5.188999756927834,"07630,07434,07510",3
2025-03-15 15:00:00+00:00,07535,4.73463097969128,"07630,07434,07510",3
2025-03-15 18:00:00+00:00,07535,3.803326745429951,"07630,07434,07510",3
2025-03-16 00:00:00+00:00,07535,1.764893661408603,"07630,07434,07510",3
2025-03-16 03:00:00+00:00,07535,0.5240565798139984,"07630,07434,07510",3
2025-03-16 03:00:00+00:00,07643,3.7733521483412016,"07650,07747,07577",3
2025-03-16 06:00:00+00:00,07535,-0.8274691759208952,"07630,07434,07510",3
2025-03-16 06:00:00+00:00,07643,2.558194756385515,"07650,07747,07577",3
2025-03-16 09:00:00+00:00,07535,3.2787729824395253,"07630,07434,07510",3
2025-03-16 12:00:00+00:00,07535,6.2727133931788615,"07630,07434,07510",3
2025-03-16 15:00:00+00:00,07535,6.420973718997758,"07630,07434,07510",3
2025-03-16 18:00:00+00:00,07535,5.137748451389996,"07630,07434,07510",3
2025-03-16 21:00:00+00:00,07535,3.51979673798912,"07630,07434,07510",3
2025-03-17 00:00:00+00:00,07535,2.8710320051654543,"07630,07434,07510",3
2025-03-17 06:00:00+00:00,07535,0.6919573363008311,"07630,07434,07510",3
2025-03-17 09:00:00+00:00,07535,5.21766899679362,"07630,07434,07510",3
2025-03-17 12:00:00+00:00,07643,12.781543105551066,"07650,07747,07577",3
2025-03-17 15:00:00+00:00,07577,12.057587218055305,"07481,07650,07280",3
2025-03-17 15:00:00+00:00,07535,11.196946547894546,"07630,07434,07510",3
2025-03-17 15:00:00+00:00,07643,13.910225598420912,"07650,07747",2
2025-03-17 18:00:00+00:00,07535,9.183948981676702,"07630,07434,07510",3
2025-03-17 18:00:00+00:00,07643,10.529489436044498,"07650,07747,07577",3
2025-03-17 21:00:00+00:00,07577,6.892764465375323,"07481,07650,07280",3
2025-03-17 21:00:00+00:00,07643,6.274849399092625,"07650,07747",2
2025-03-18 00:00:00+00:00,07643,5.424276896569825,"07650,07747,07577",3
2025-03-18 09:00:00+00:00,07255,6.640246531803669,"07240,07335,07149",3
2025-03-18 12:00:00+00:00,07535,14.031755162197946,"07630,07434,07510",3
2025-03-18 15:00:00+00:00,07535,16.392014585593937,"07630,07434,07510",3
2025-03-18 21:00:00+00:00,07643,10.478147624124453,"07650,07747,07577",3
2025-03-19 00:00:00+00:00,07577,8.194291280244009,"07481,07650,07280",3
2025-03-19 00:00:00+00:00,07643,9.501127685039878,"07650,07747",2
2025-03-19 03:00:00+00:00,07535,9.198778854611167,"07630,07434,07510",3
2025-03-19 03:00:00+00:00,07643,7.056979963222165,"07650,07747,07577",3
2025-03-19 09:00:00+00:00,07037,10.273711862976802,"07005,07139,07149",3
2025-03-19 09:00:00+00:00,07643,12.124130046136168,"07650,07747,07577",3
2025-03-19 12:00:00+00:00,07535,16.309666126878952,"07630,07434,07510",3
2025-03-19 15:00:00+00:00,07535,16.418497831492047,"07630,07434,07510",3
2025-03-19 15:00:00+00:00,07643,13.126728265840697,"07650,07747,07577",3
2025-03-19 18:00:00+00:00,07535,13.533434394255028,"07630,07434,07510",3
2025-03-19 21:00:00+00:00,07535,10.887006091544407,"07630,07434,07510",3
2025-03-20 00:00:00+00:00,07535,9.88988650455879,"07630,07434,07510",3
2025-03-20 03:00:00+00:00,07535,9.765823294595423,"07630,07434,07510",3
2025-03-20 06:00:00+00:00,07535,9.74929018860477,"07630,07434,07510",3
2025-03-20 06:00:00+00:00,07643,11.749079370790085,"07650,07747,07577",3
2025-03-20 09:00:00+00:00,07535,12.402709066415458,"07630,07434,07510",3
2025-03-20 09:00:00+00:00,07643,14.272130280332073,"07650,07747,07577",3
2025-03-20 21:00:00+00:00,07535,12.225118019168093,"07630,07434,07510",3
2025-03-21 03:00:00+00:00,07643,12.220443195044018,"07650,07747,07577",3
2025-03-21 06:00:00+00:00,07535,12.686703904964542,"07630,07434,07510",3
2025-03-21 06:00:00+00:00,07643,12.494315244407248,"07650,07747,07577",3
2025-03-21 09:00:00+00:00,07110,11.558450322027666,"07130,07117,07027",3
2025-03-21 09:00:00+00:00,07643,15.895184689782361,"07650,07747,07577",3
2025-03-21 15:00:00+00:00,07643,16.05534919882683,"07650,07747,07577",3
2025-03-22 03:00:00+00:00,07535,9.901240736087306,"07630,07434,07510",3
2025-03-22 06:00:00+00:00,07535,9.946431128741562,"07630,07434,07510",3
2025-03-22 12:00:00+00:00,07535,11.318672382325005,"07630,07434,07510",3
2025-03-22 15:00:00+00:00,07535,11.751754717928835,"07630,07434,07510",3
2025-03-22 18:00:00+00:00,07535,9.493493782212127,"07630,07434,07510",3
2025-03-22 21:00:00+00:00,07535,8.982003460407492,"07630,07434,07510",3
2025-03-23 00:00:00+00:00,07535,8.373974926031162,"07630,07434,07510",3
2025-03-23 03:00:00+00:00,07577,8.738503013546055,"07481,07650,07280",3
2025-03-23 03:00:00+00:00,07535,7.846942004239045,"07630,07434,07510",3
2025-03-23 06:00:00+00:00,07535,7.1610192053546715,"07630,07434,07510",3
2025-03-23 06:00:00+00:00,07643,8.44622525012023,"07650,07747,07577",3
2025-03-23 09:00:00+00:00,07535,9.483130056686761,"07630,07434,07510",3
2025-03-23 12:00:00+00:00,07535,10.610228361555237,"07630,07434,07510",3
2025-03-23 15:00:00+00:00,07535,11.533297642167472,"07630,07434,07510",3
2025-03-23 18:00:00+00:00,07535,9.659957131390787,"07630,07434,07510",3
2025-03-23 21:00:00+00:00,07577,10.286481866655047,"07481,07650,07280",3
2025-03-23 21:00:00+00:00,07535,8.606298896823391,"07630,07434,07510",3
2025-03-23 21:00:00+00:00,07643,9.517655532406012,"07650,07747",2
2025-03-24 00:00:00+00:00,07535,7.816264413280896,"07630,07434,07510",3
2025-03-24 06:00:00+00:00,07535,7.6252988302104825,"07630,07434,07510",3
2025-03-24 06:00:00+00:00,07643,8.799593040880145,"07650,07747,07577",3
2025-03-24 09:00:00+00:00,07168,11.502952180441923,"07072,07181,07149",3
2025-03-24 12:00:00+00:00,07535,13.102419986740784,"07630,07434,07510",3
2025-03-24 12:00:00+00:00,07643,12.602570913968872,"07650,07747,07577",3
2025-03-24 21:00:00+00:00,07471,6.135349350204432,"07460,07481,07558",3
2025-03-25 09:00:00+00:00,07643,11.095507559231454,"07650,07747,07577",3
2025-03-25 12:00:00+00:00,07535,13.28850583678417,"07630,07434,07510",3
2025-03-25 12:00:00+00:00,07627,12.115940892460786,"07621,07630,07607",3
2025-03-25 18:00:00+00:00,07535,10.756145335240177,"07630,07434,07510",3
2025-03-25 21:00:00+00:00,07535,9.521115293983339,"07630,07434,07510",3
2025-03-26 00:00:00+00:00,07535,9.013049368094308,"07630,07434,07510",3
2025-03-26 03:00:00+00:00,07535,8.103722940033789,"07630,07434,07510",3
2025-03-26 03:00:00+00:00,07643,9.476703218385483,"07650,07747,07577",3
2025-03-26 06:00:00+00:00,07535,7.277831991071009,"07630,07434,07510",3
2025-03-26 09:00:00+00:00,07643,13.667876089626823,"07650,07747,07577",3
2025-03-26 12:00:00+00:00,07643,17.112909186830468,"07650,07747,07577",3
2025-03-26 21:00:00+00:00,07535,8.872718877888325,"07630,07434,07510",3
2025-03-26 21:00:00+00:00,07643,12.902385326304989,"07650,07747,07577",3
2025-03-27 00:00:00+00:00,07535,8.389738082877402,"07630,07434,07510",3
2025-03-27 03:00:00+00:00,07535,8.388385236746633,"07630,07434,07510",3
2025-03-27 06:00:00+00:00,07535,7.493921997307675,"07630,07434,07510",3
2025-03-27 18:00:00+00:00,07643,14.510040520622521,"07650,07747,07577",3
2025-03-28 03:00:00+00:00,07643,10.757514870067274,"07650,07747,07577",3
2025-03-29 12:00:00+00:00,07643,12.901409477994077,"07650,07747,07577",3
2025-03-29 15:00:00+00:00,07643,13.919243258210626,"07650,07747,07577",3
2025-03-31 03:00:00+00:00,07643,13.122343557404156,"07650,07747,07577",3
2025-03-31 06:00:00+00:00,07110,7.5493691914976155,"07130,07117,07027",3
2025-03-31 06:00:00+00:00,07643,12.563931080787814,"07650,07747,07577",3
2025-03-31 12:00:00+00:00,07643,19.58211332474727,"07650,07747,07577",3
2025-03-31 15:00:00+00:00,07643,20.385796675931118,"07650,07747,07577",3
2025-03-31 18:00:00+00:00,07577,14.575567219389578,"07481,07650,07280",3
2025-03-31 18:00:00+00:00,07643,17.52471803591219,"07650,07747",2
2025-04-01 15:00:00+00:00,07020,13.305684231004124,"07117,07027,07005",3
2025-04-01 18:00:00+00:00,07020,11.844181754537038,"07117,07027,07005",3
2025-04-01 18:00:00+00:00,07643,13.813050204286641,"07650,07747,07577",3
2025-04-01 21:00:00+00:00,07020,10.84728524505284,"07117,07027,07005",3
2025-04-02 00:00:00+00:00,07020,10.500489612640495,"07117,07027,07005",3
2025-04-02 00:00:00+00:00,07591,5.649150291775925,"07577,07650,07558",3
2025-04-02 03:00:00+00:00,07020,9.654416068702314,"07117,07027,07005",3
2025-04-02 03:00:00+00:00,07643,10.756399480672632,"07650,07747,07577",3
2025-04-02 06:00:00+00:00,07020,9.388625039936976,"07117,07027,07005",3
2025-04-02 15:00:00+00:00,07577,16.823890071110004,"07481,07650,07280",3
2025-04-02 18:00:00+00:00,07577,14.951172404613303,"07481,07650,07280",3
2025-04-02 21:00:00+00:00,07577,12.176791451166205,"07481,07650,07280",3
2025-04-03 00:00:00+00:00,07577,11.09431628330403,"07481,07650,07280",3
2025-04-03 03:00:00+00:00,07577,9.985213074222825,"07481,07650,07280",3
2025-04-03 06:00:00+00:00,07577,9.63543641911344,"07481,07650,07280",3
2025-04-03 06:00:00+00:00,07643,11.52974241463365,"07650,07747",2
2025-04-03 09:00:00+00:00,07577,16.759335039499557,"07481,07650,07280",3
2025-04-03 12:00:00+00:00,07577,19.265198242178904,"07481,07650,07280",3
2025-04-03 15:00:00+00:00,07643,17.976948779100944,"07650,07747,07577",3
2025-04-03 21:00:00+00:00,07643,13.266575347072486,"07650,07747,07577",3
2025-04-04 03:00:00+00:00,07643,10.019798384096356,"07650,07747,07577",3
2025-04-04 21:00:00+00:00,07643,13.104588726153084,"07650,07747,07577",3
2025-04-05 12:00:00+00:00,07643,19.318650176112712,"07650,07747,07577",3
2025-04-05 15:00:00+00:00,07643,19.344905144572515,"07650,07747,07577",3
2025-04-05 21:00:00+00:00,07643,12.409632010666249,"07650,07747,07577",3
2025-04-06 03:00:00+00:00,07643,11.895392595660846,"07650,07747,07577",3
2025-04-06 06:00:00+00:00,07149,9.055836516733104,"07240,07037,07139",3
2025-04-06 18:00:00+00:00,07643,18.567793875866165,"07650,07747,07577",3
2025-04-06 21:00:00+00:00,07643,16.243157853920927,"07650,07747,07577",3
2025-04-07 09:00:00+00:00,07005,10.892687153681448,"07037,07015,07027",3
2025-04-07 12:00:00+00:00,07005,13.815843932103993,"07037,07015,07027",3
2025-04-07 12:00:00+00:00,07643,17.866212263371192,"07650,07747,07577",3
2025-04-07 18:00:00+00:00,07643,14.997952472723263,"07650,07747,07577",3
2025-04-07 21:00:00+00:00,07643,12.200822926095487,"07650,07747,07577",3
2025-04-08 03:00:00+00:00,07630,9.39918374665732,"07535,07558,07607",3
2025-04-08 03:00:00+00:00,07643,8.291421297823193,"07650,07747,07577",3
2025-04-08 12:00:00+00:00,07643,18.000376772586332,"07650,07747,07577",3
2025-04-08 15:00:00+00:00,07643,17.638398318322547,"07650,07747,07577",3
2025-04-10 00:00:00+00:00,07481,7.234851999042651,"07280,07460,07577",3
2025-04-10 00:00:00+00:00,07643,11.03104079062418,"07650,07747,07577",3
2025-04-10 06:00:00+00:00,07558,8.702334214251449,"07630,07434,07535",3
2025-04-10 15:00:00+00:00,07643,18.255412124623252,"07650,07747,07577",3
2025-04-10 18:00:00+00:00,07643,15.910348148570163,"07650,07747,07577",3
2025-04-11 06:00:00+00:00,07643,11.955835642226317,"07650,07747,07577",3
2025-04-11 12:00:00+00:00,07643,18.10754567482123,"07650,07747,07577",3
2025-04-11 15:00:00+00:00,07643,18.705246916408708,"07650,07747,07577",3
2025-04-11 18:00:00+00:00,07643,16.06653186867467,"07650,07747,07577",3
2025-04-11 21:00:00+00:00,07643,13.403768517733049,"07650,07747,07577",3
2025-04-12 03:00:00+00:00,07643,12.493084427465927,"07650,07747,07577",3
2025-04-12 12:00:00+00:00,07643,19.63051763539776,"07650,07747,07577",3
2025-04-12 18:00:00+00:00,07643,16.881499006219098,"07650,07747,07577",3
2025-04-13 00:00:00+00:00,07643,15.368099246423371,"07650,07747,07577",3
2025-04-13 03:00:00+00:00,07643,14.91668750889029,"07650,07747,07577",3
2025-04-13 12:00:00+00:00,07643,16.465409555751126,"07650,07747,07577",3
2025-04-13 15:00:00+00:00,07643,16.064757744986885,"07650,07747,07577",3
2025-04-14 06:00:00+00:00,07643,14.11207216005572,"07650,07577",2
2025-04-14 06:00:00+00:00,07747,14.95979903382994,"07650,07577",2
2025-04-14 09:00:00+00:00,07460,,,0
2025-04-14 09:00:00+00:00,07471,,,0
2025-04-14 09:00:00+00:00,07481,,,0
2025-04-14 09:00:00+00:00,07577,,,0
2025-04-14 09:00:00+00:00,07280,,,0
2025-04-14 09:00:00+00:00,07110,,,0
2025-04-14 09:00:00+00:00,07117,,,0
2025-04-14 09:00:00+00:00,07130,,,0
2025-04-14 09:00:00+00:00,07240,,,0
2025-04-14 09:00:00+00:00,07255,,,0
2025-04-14 09:00:00+00:00,07761,,,0
2025-04-14 09:00:00+00:00,07790,,,0
2025-04-14 09:00:00+00:00,07072,,,0
2025-04-14 09:00:00+00:00,07168,,,0
2025-04-14 09:00:00+00:00,07181,,,0
2025-04-14 09:00:00+00:00,07190,,,0
2025-04-14 09:00:00+00:00,07299,,,0
2025-04-14 09:00:00+00:00,07005,,,0
2025-04-14 09:00:00+00:00,07015,,,0
2025-04-14 09:00:00+00:00,07020,,,0
2025-04-14 09:00:00+00:00,07027,,,0
2025-04-14 09:00:00+00:00,07037,,,0
2025-04-14 09:00:00+00:00,07139,,,0
2025-04-14 09:00:00+00:00,07314,,,0
2025-04-14 09:00:00+00:00,07335,,,0
2025-04-14 09:00:00+00:00,07434,,,0
2025-04-14 09:00:00+00:00,07510,,,0
2025-04-14 09:00:00+00:00,07607,,,0
2025-04-14 09:00:00+00:00,07535,,,0
2025-04-14 09:00:00+00:00,07558,,,0
2025-04-14 09:00:00+00:00,07621,,,0
2025-04-14 09:00:00+00:00,07627,,,0
2025-04-14 09:00:00+00:00,07630,,,0
2025-04-14 09:00:00+00:00,07643,,,0
2025-04-14 09:00:00+00:00,07747,,,0
2025-04-14 09:00:00+00:00,07222,,,0
2025-04-14 09:00:00+00:00,07591,,,0
2025-04-14 09:00:00+00:00,07650,,,0
2025-04-14 09:00:00+00:00,07690,,,0
2025-04-14 09:00:00+00:00,07149,,,0
2025-04-14 15:00:00+00:00,07643,17.658311980472504,"07650,07747,07577",3
2025-04-14 21:00:00+00:00,07643,14.633243258746282,"07650,07747,07577",3
2025-04-15 03:00:00+00:00,07643,13.041102707108244,"07650,07747,07577",3
2025-04-15 21:00:00+00:00,07643,13.40481686048882,"07650,07747,07577",3
2025-04-16 12:00:00+00:00,07643,13.05493438627579,"07650,07747,07577",3
2025-04-17 00:00:00+00:00,07643,11.18503705776196,"07650,07747,07577",3
2025-04-17 03:00:00+00:00,07643,10.641850731875229,"07650,07747,07577",3
2025-04-17 09:00:00+00:00,07643,12.464617892502382,"07650,07747,07577",3
2025-04-18 12:00:00+00:00,07643,17.057629911792937,"07650,07747,07577",3
2025-04-18 15:00:00+00:00,07643,17.85691424350629,"07650,07747,07577",3
2025-04-19 03:00:00+00:00,07643,12.948520433595258,"07650,07747,07577",3
2025-04-19 15:00:00+00:00,07643,18.706771126551395,"07650,07747,07577",3
2025-04-20 12:00:00+00:00,07643,18.75267988727916,"07650,07747,07577",3
2025-04-20 15:00:00+00:00,07643,19.2529669015981,"07650,07747,07577",3
2025-04-20 18:00:00+00:00,07643,16.30816808310846,"07650,07747,07577",3
2025-04-21 00:00:00+00:00,07643,12.327943915051277,"07650,07747,07577",3
2025-04-21 06:00:00+00:00,07643,11.207215022020533,"07650,07747,07577",3
2025-04-21 18:00:00+00:00,07643,17.70153330730954,"07650,07747,07577",3
2025-04-21 21:00:00+00:00,07643,15.073967406103918,"07650,07747,07577",3
2025-04-22 09:00:00+00:00,07643,17.089860845470778,"07650,07747,07577",3
2025-04-22 15:00:00+00:00,07643,19.127389335070465,"07650,07747,07577",3
2025-04-23 12:00:00+00:00,07643,19.603628046181825,"07650,07747,07577",3
2025-04-23 18:00:00+00:00,07643,16.521376187149684,"07650,07747,07577",3
2025-04-23 21:00:00+00:00,07643,16.179599886985713,"07650,07747,07577",3
2025-04-24 12:00:00+00:00,07643,19.687368954931365,"07650,07747,07577",3
2025-04-24 15:00:00+00:00,07643,20.330156961053362,"07650,07747,07577",3
2025-04-24 21:00:00+00:00,07643,15.264074433180602,"07650,07747,07577",3
2025-04-25 06:00:00+00:00,07643,13.60314004135519,"07650,07747,07577",3
2025-04-25 09:00:00+00:00,07643,18.129666002223367,"07650,07747,07577",3
2025-04-25 12:00:00+00:00,07643,21.10821996453353,"07650,07747,07577",3
2025-04-26 00:00:00+00:00,07643,12.185904479601204,"07650,07747,07577",3
2025-04-26 06:00:00+00:00,07643,12.654455639914675,"07650,07747,07577",3
2025-04-26 15:00:00+00:00,07643,18.273460349075744,"07650,07747,07577",3
2025-04-26 21:00:00+00:00,07643,15.996262199252447,"07650,07747,07577",3
2025-04-27 06:00:00+00:00,07643,14.015114063051005,"07650,07747,07577",3
2025-04-28 00:00:00+00:00,07643,14.8127011202185,"07650,07747,07577",3
2025-04-28 03:00:00+00:00,07643,13.36215275871147,"07650,07747,07577",3
2025-04-29 00:00:00+00:00,07535,13.658681138980693,"07630,07434,07510",3
2025-04-29 06:00:00+00:00,07643,13.864098623005296,"07650,07747,07577",3
2025-04-29 09:00:00+00:00,07643,19.471180023798034,"07650,07747,07577",3
2025-04-29 21:00:00+00:00,07643,15.501797298033926,"07650,07747,07577",3
2025-04-30 00:00:00+00:00,07643,12.816413638766248,"07650,07747,07577",3
2025-04-30 03:00:00+00:00,07643,11.812565389834926,"07650,07747,07577",3
2025-04-30 12:00:00+00:00,07643,22.135058764134264,"07650,07747,07577",3
2025-04-30 15:00:00+00:00,07643,22.785058453667208,"07650,07747,07577",3
2025-04-30 21:00:00+00:00,07643,15.757601910659174,"07650,07747,07577",3
2025-05-01 18:00:00+00:00,07643,20.406854742264212,"07650,07747,07577",3
2025-05-01 21:00:00+00:00,07535,18.23482526528238,"07630,07434,07510",3
2025-05-02 00:00:00+00:00,07535,15.836115773481602,"07630,07434,07510",3
2025-05-02 00:00:00+00:00,07643,16.343649123542757,"07650,07747,07577",3
2025-05-02 09:00:00+00:00,07643,23.118430831883707,"07650,07747,07577",3
2025-05-03 03:00:00+00:00,07535,13.964490448963243,"07630,07434,07510",3
2025-05-03 06:00:00+00:00,07535,14.712804204656347,"07630,07434,07510",3
2025-05-03 06:00:00+00:00,07643,15.681985995523512,"07650,07747,07577",3
2025-05-03 15:00:00+00:00,07643,22.860938747215716,"07650,07747,07577",3
2025-05-03 18:00:00+00:00,07535,21.660284206932378,"07630,07434,07510",3
2025-05-03 18:00:00+00:00,07643,20.4077970672557,"07650,07747,07577",3
2025-05-04 00:00:00+00:00,07643,17.960914943212032,"07650,07747,07577",3
2025-05-04 15:00:00+00:00,07643,19.824682454390135,"07650,07747,07577",3
2025-05-05 00:00:00+00:00,07643,15.408306222848937,"07650,07747,07577",3
2025-05-05 09:00:00+00:00,07535,11.853906942079114,"07630,07434,07510",3
2025-05-05 15:00:00+00:00,07643,17.183755840152354,"07650,07747,07577",3
2025-05-05 21:00:00+00:00,07643,13.543904090914708,"07650,07747,07577",3
2025-05-06 03:00:00+00:00,07643,11.98101364586242,"07650,07747,07577",3
2025-05-06 06:00:00+00:00,07643,12.292578302163685,"07650,07747,07577",3
2025-05-06 09:00:00+00:00,07181,12.530015170028872,"07168,07280,07190",3
2025-05-06 09:00:00+00:00,07535,11.104659902474262,"07630,07434,07510",3
2025-05-06 18:00:00+00:00,07535,12.212631498367545,"07630,07434,07510",3
2025-05-06 18:00:00+00:00,07643,15.075044370927571,"07650,07747,07577",3
2025-05-07 00:00:00+00:00,07535,9.319118527223782,"07630,07434,07510",3
2025-05-07 09:00:00+00:00,07643,14.896884373035542,"07650,07747,07577",3
2025-05-07 12:00:00+00:00,07643,17.914087578309175,"07650,07747,07577",3
2025-05-07 15:00:00+00:00,07181,15.490169210291661,"07168,07280,07190",3
2025-05-07 15:00:00+00:00,07643,16.861368953843503,"07650,07747,07577",3
2025-05-07 21:00:00+00:00,07643,13.246310654864722,"07650,07747,07577",3
2025-05-08 12:00:00+00:00,07643,17.885375877218298,"07650,07747,07577",3
2025-05-09 18:00:00+00:00,07643,16.529376343434443,"07650,07747,07577",3
2025-05-10 00:00:00+00:00,07535,12.566409501241186,"07630,07434,07510",3
2025-05-10 06:00:00+00:00,07630,14.055131697933312,"07535,07558,07607",3
2025-05-10 06:00:00+00:00,07643,14.750893163434041,"07650,07747,07577",3
2025-05-10 18:00:00+00:00,07535,17.250146930207997,"07630,07434,07510",3
2025-05-10 18:00:00+00:00,07643,18.47125982820181,"07650,07747,07577",3
2025-05-11 09:00:00+00:00,07643,19.237365999994292,"07650,07747,07577",3
2025-05-11 12:00:00+00:00,07535,15.174695208488977,"07630,07434,07510",3
2025-05-11 15:00:00+00:00,07535,15.198370271144881,"07630,07434,07510",3
2025-05-11 15:00:00+00:00,07643,19.39083817267107,"07650,07747,07577",3
2025-05-11 18:00:00+00:00,07535,15.338712714553047,"07630,07434,07510",3
2025-05-11 18:00:00+00:00,07643,17.2632564828006,"07650,07747,07577",3
2025-05-11 21:00:00+00:00,07535,11.984915458253255,"07630,07434,07510",3
2025-05-11 21:00:00+00:00,07643,15.537912959224402,"07650,07747,07577",3
2025-05-12 03:00:00+00:00,07535,10.541350953042862,"07630,07434,07510",3
2025-05-12 03:00:00+00:00,07643,13.282104300785884,"07650,07747,07577",3
2025-05-12 09:00:00+00:00,07535,14.444928886479989,"07630,07434,07510",3
2025-05-12 09:00:00+00:00,07643,18.533471704482828,"07650,07747,07577",3
2025-05-12 15:00:00+00:00,07535,18.486454665701014,"07630,07434,07510",3
2025-05-12 21:00:00+00:00,07535,12.894552980951046,"07630,07434,07510",3
2025-05-13 00:00:00+00:00,07535,10.980125884801634,"07630,07434,07510",3
2025-05-13 00:00:00+00:00,07643,13.478076766785465,"07650,07747,07577",3
2025-05-13 06:00:00+00:00,07535,11.315525765359551,"07630,07434,07510",3
2025-05-13 06:00:00+00:00,07643,14.549617777543489,"07650,07747,07577",3
2025-05-13 15:00:00+00:00,07558,19.414932896525006,"07630,07434,07535",3
2025-05-13 15:00:00+00:00,07643,21.38997674263479,"07650,07747,07577",3
2025-05-14 06:00:00+00:00,07535,12.011767020880034,"07630,07434,07510",3
2025-05-14 06:00:00+00:00,07643,13.989320650944192,"07650,07747,07577",3
2025-05-14 09:00:00+00:00,07335,20.418450480895988,"07240,07255,07222",3
2025-05-14 12:00:00+00:00,07335,23.1374427859665,"07240,07255,07222",3
2025-05-14 15:00:00+00:00,07335,23.11541276860499,"07240,07255,07222",3
2025-05-14 15:00:00+00:00,07643,20.99374806487803,"07650,07747,07577",3
2025-05-15 06:00:00+00:00,07643,16.13658514787122,"07650,07747,07577",3
2025-05-15 18:00:00+00:00,07643,23.613857270379185,"07650,07747,07577",3
2025-05-16 09:00:00+00:00,07643,19.457665458648233,"07650,07747,07577",3
2025-05-16 15:00:00+00:00,07643,22.628249522588963,"07650,07747,07577",3
2025-05-16 18:00:00+00:00,07535,19.57696584829292,"07630,07434,07510",3
2025-05-16 18:00:00+00:00,07643,20.37528705141037,"07650,07747,07577",3
2025-05-17 00:00:00+00:00,07643,17.152827671306202,"07650,07747,07577",3
2025-05-17 06:00:00+00:00,07643,15.543133974888072,"07650,07747,07577",3
2025-05-17 09:00:00+00:00,07643,20.114309257474787,"07650,07747,07577",3
2025-05-17 21:00:00+00:00,07643,16.45270757701213,"07650,07747,07577",3
2025-05-18 00:00:00+00:00,07643,14.31426033131154,"07650,07747,07577",3
2025-05-18 03:00:00+00:00,07558,7.937919587863824,"07630,07434,07535",3
2025-05-18 03:00:00+00:00,07643,12.739778395663336,"07650,07747,07577",3
2025-05-18 12:00:00+00:00,07643,22.00416357396105,"07650,07747,07577",3
2025-05-18 18:00:00+00:00,07643,20.264848830133573,"07650,07747,07577",3
2025-05-19 09:00:00+00:00,07558,16.270542589404382,"07630,07434,07535",3
2025-05-19 12:00:00+00:00,07535,19.785279755387677,"07630,07434,07510",3
2025-05-19 12:00:00+00:00,07643,23.23141243743663,"07650,07747,07577",3
2025-05-19 15:00:00+00:00,07643,23.414331894639393,"07650,07747,07577",3
2025-05-19 18:00:00+00:00,07535,16.503756964429876,"07630,07434,07510",3
2025-05-19 18:00:00+00:00,07643,21.40393365185211,"07650,07747,07577",3
2025-05-20 06:00:00+00:00,07558,11.96369227606049,"07630,07434,07535",3
2025-05-20 12:00:00+00:00,07535,20.420392362451686,"07630,07434,07510",3
2025-05-20 12:00:00+00:00,07643,21.78199377635815,"07650,07747,07577",3
2025-05-20 18:00:00+00:00,07535,19.36160052231141,"07630,07434,07510",3
2025-05-20 21:00:00+00:00,07643,19.86775483036109,"07650,07747,07577",3
2025-05-21 00:00:00+00:00,07643,17.861928671447416,"07650,07747,07577",3
2025-05-21 03:00:00+00:00,07643,16.601953794621604,"07650,07747,07577",3
2025-05-21 15:00:00+00:00,07643,23.646395908292376,"07650,07747,07577",3
2025-05-21 18:00:00+00:00,07643,20.900699333760542,"07650,07747,07577",3
2025-05-21 21:00:00+00:00,07643,19.84795659575785,"07650,07747,07577",3
2025-05-22 12:00:00+00:00,07535,15.74018182038116,"07630,07434,07510",3
2025-05-22 12:00:00+00:00,07643,19.0118884587785,"07650,07747,07577",3
2025-05-23 00:00:00+00:00,07643,15.117323372773194,"07650,07747,07577",3
2025-05-23 09:00:00+00:00,07643,19.256236220639998,"07650,07747,07577",3
2025-05-23 12:00:00+00:00,07558,16.751099650995346,"07630,07434,07535",3
2025-05-23 12:00:00+00:00,07643,22.063841868469076,"07650,07747,07577",3
2025-05-24 09:00:00+00:00,07643,19.211606111206933,"07650,07747,07577",3
2025-05-25 00:00:00+00:00,07643,16.779493482791462,"07650,07747,07577",3
2025-05-25 09:00:00+00:00,07643,21.32352420753181,"07650,07747,07577",3
2025-05-25 12:00:00+00:00,07643,25.01698207079817,"07650,07747,07577",3
2025-05-25 15:00:00+00:00,07643,24.59151759748959,"07650,07747,07577",3
2025-05-26 00:00:00+00:00,07643,17.74708162819708,"07650,07747,07577",3
2025-05-26 06:00:00+00:00,07643,18.5606497856486,"07650,07747,07577",3
2025-05-27 00:00:00+00:00,07643,18.702535368980975,"07650,07747,07577",3
2025-05-27 03:00:00+00:00,07643,17.09124551452979,"07650,07747,07577",3
2025-05-27 09:00:00+00:00,07643,21.484693733509587,"07650,07747,07577",3
2025-05-27 21:00:00+00:00,07591,15.482116351662299,"07577,07650,07558",3
2025-05-28 03:00:00+00:00,07643,16.76272881088521,"07650,07747,07577",3
2025-05-28 12:00:00+00:00,07643,28.31055738388862,"07650,07747,07577",3
2025-05-29 03:00:00+00:00,07643,20.25144969253045,"07650,07747,07577",3
2025-05-29 09:00:00+00:00,07643,25.12774720859579,"07650,07747,07577",3
2025-05-29 12:00:00+00:00,07643,28.23939812507986,"07650,07747,07577",3
2025-05-29 15:00:00+00:00,07643,29.228174075399238,"07650,07747,07577",3
2025-05-29 21:00:00+00:00,07643,23.02184350205993,"07650,07747,07577",3
2025-05-30 03:00:00+00:00,07072,10.746838891857323,"07168,07149,07181",3
2025-05-30 06:00:00+00:00,07072,16.362098005264475,"07168,07149,07181",3
2025-05-30 06:00:00+00:00,07643,20.936829305984922,"07650,07747,07577",3
2025-05-30 09:00:00+00:00,07643,26.063109321575105,"07650,07747,07577",3
2025-05-30 18:00:00+00:00,07690,23.07810218416967,"07790,07650,07643",3
2025-05-30 21:00:00+00:00,07643,19.647027338673606,"07650,07747,07577",3
2025-05-31 00:00:00+00:00,07643,19.024167305735464,"07650,07747,07577",3
2025-05-31 09:00:00+00:00,07643,24.44761272434203,"07650,07747,07577",3
2025-05-31 15:00:00+00:00,07643,26.40789056236818,"07650,07747,07577",3
2025-05-31 21:00:00+00:00,07643,19.206649320122235,"07650,07747,07577",3
2025-06-01 03:00:00+00:00,07643,17.975693848622598,"07650,07747,07577",3
2025-06-01 21:00:00+00:00,07643,21.25722101601567,"07650,07747,07577",3
2025-06-02 06:00:00+00:00,07643,20.32670026657435,"07650,07747,07577",3
2025-06-03 03:00:00+00:00,07460,13.430530131402332,07255,1
2025-06-03 03:00:00+00:00,07471,,,0
2025-06-03 03:00:00+00:00,07481,13.381815964442502,07280,1
2025-06-03 03:00:00+00:00,07577,16.253587322560715,"07650,07280",2
2025-06-03 03:00:00+00:00,07117,12.416300145452993,"07020,07110,07027",3
2025-06-03 03:00:00+00:00,07130,8.570858360886168,"07222,07139,07027",3
2025-06-03 03:00:00+00:00,07761,17.451093215776606,"07790,07650",2
2025-06-03 03:00:00+00:00,07181,11.244337451230106,"07168,07280,07190",3
2025-06-03 03:00:00+00:00,07314,11.854238864956137,"07222,07240",2
2025-06-03 03:00:00+00:00,07335,10.825508390789558,"07240,07255,07222",3
2025-06-03 03:00:00+00:00,07434,12.841509259952275,07255,1
2025-06-03 03:00:00+00:00,07535,14.389238838921836,"07630,07510",2
2025-06-03 03:00:00+00:00,07558,12.477614746077176,07630,1
2025-06-03 03:00:00+00:00,07643,17.997186156711493,"07650,07747",2
2025-06-03 03:00:00+00:00,07690,18.004571675006297,"07790,07650",2
2025-06-03 03:00:00+00:00,07149,10.760346573246736,"07240,07037,07139",3
2025-06-03 09:00:00+00:00,07643,23.732930268696883,"07650,07747,07577",3
2025-06-04 12:00:00+00:00,07643,22.981925017584228,"07650,07747,07577",3
2025-06-05 06:00:00+00:00,07591,14.33932214047228,"07577,07650,07558",3
2025-06-05 21:00:00+00:00,07255,16.539222501408442,"07240,07335,07149",3
2025-06-06 00:00:00+00:00,07255,16.063709976898384,"07240,07335,07149",3
2025-06-06 03:00:00+00:00,07255,15.135423865930942,"07240,07335,07149",3
2025-06-06 03:00:00+00:00,07643,16.527823511223836,"07650,07747,07577",3
2025-06-06 06:00:00+00:00,07255,14.833816308239836,"07240,07335,07149",3
2025-06-06 09:00:00+00:00,07255,17.89753571947347,"07240,07335,07149",3
2025-06-06 09:00:00+00:00,07643,23.67939610255857,"07650,07747,07577",3
2025-06-06 12:00:00+00:00,07255,19.63525658797739,"07240,07335,07149",3
2025-06-06 15:00:00+00:00,07255,21.945044370568727,"07240,07335,07149",3
2025-06-07 00:00:00+00:00,07643,19.993765331173805,"07650,07747,07577",3
2025-06-07 12:00:00+00:00,07255,19.815945293781567,"07240,07335,07149",3
2025-06-07 15:00:00+00:00,07255,19.631236243158806,"07240,07335,07149",3
2025-06-07 15:00:00+00:00,07643,25.086588497396356,"07650,07747,07577",3
2025-06-07 18:00:00+00:00,07255,18.049770204361607,"07240,07335,07149",3
2025-06-07 21:00:00+00:00,07255,15.031952015854351,"07240,07335,07149",3
2025-06-08 00:00:00+00:00,07255,14.705317810335305,"07240,07335,07149",3
2025-06-08 00:00:00+00:00,07643,20.4231480553144,"07650,07747,07577",3
2025-06-08 03:00:00+00:00,07255,13.46552108228849,"07240,07335,07149",3
2025-06-08 06:00:00+00:00,07255,13.416598557077716,"07240,07335,07149",3
2025-06-08 06:00:00+00:00,07643,19.662383227983835,"07650,07747,07577",3
2025-06-08 09:00:00+00:00,07255,16.73263243378349,"07240,07335,07149",3
2025-06-08 12:00:00+00:00,07255,19.69552119570655,"07240,07335,07149",3
2025-06-08 12:00:00+00:00,07643,25.844675300618633,"07650,07747,07577",3
2025-06-08 15:00:00+00:00,07255,20.975582812114418,"07240,07335,07149",3
2025-06-08 15:00:00+00:00,07643,26.753936297255812,"07650,07747,07577",3
2025-06-08 18:00:00+00:00,07255,20.400609247636073,"07240,07335,07149",3
2025-06-08 18:00:00+00:00,07643,24.9181161278318,"07650,07747,07577",3
2025-06-08 21:00:00+00:00,07255,13.724999388464346,"07240,07335,07149",3
2025-06-08 21:00:00+00:00,07643,21.854552015259845,"07650,07747,07577",3
2025-06-09 00:00:00+00:00,07255,11.620723824203232,"07240,07335,07149",3
2025-06-09 00:00:00+00:00,07643,19.956053511950277,"07650,07747,07577",3
2025-06-09 03:00:00+00:00,07255,9.128206006236919,"07240,07335,07149",3
2025-06-09 03:00:00+00:00,07643,17.746124992171666,"07650,07747,07577",3
2025-06-09 06:00:00+00:00,07255,12.274319557346896,"07240,07335,07149",3
2025-06-09 06:00:00+00:00,07643,18.264633295346226,"07650,07747,07577",3
2025-06-09 09:00:00+00:00,07255,19.030573845334303,"07240,07335,07149",3
2025-06-09 09:00:00+00:00,07643,23.827560454092847,"07650,07747,07577",3
2025-06-09 12:00:00+00:00,07255,23.07663393858922,"07240,07335,07149",3
2025-06-09 12:00:00+00:00,07643,27.33940162498816,"07650,07747,07577",3
2025-06-09 15:00:00+00:00,07255,24.992932769538704,"07240,07335,07149",3
2025-06-09 15:00:00+00:00,07643,28.210782639250212,"07650,07747,07577",3
2025-06-09 18:00:00+00:00,07255,24.091908236561583,"07240,07335,07149",3
2025-06-09 18:00:00+00:00,07643,26.382361528674213,"07650,07747,07577",3
2025-06-09 21:00:00+00:00,07255,17.443966225983797,"07240,07335,07149",3
2025-06-09 21:00:00+00:00,07643,21.621233071128497,"07650,07747,07577",3
2025-06-10 00:00:00+00:00,07255,12.879814841197291,"07240,07335,07149",3
2025-06-10 00:00:00+00:00,07643,17.98324675958829,"07650,07747,07577",3
2025-06-10 03:00:00+00:00,07255,10.184364133186019,"07240,07335,07149",3
2025-06-10 03:00:00+00:00,07643,15.878588181027684,"07650,07747,07577",3
2025-06-10 06:00:00+00:00,07255,14.846245916300582,"07240,07335,07149",3
2025-06-10 06:00:00+00:00,07643,19.17938948856299,"07650,07747,07577",3
2025-06-10 09:00:00+00:00,07255,23.575177019662064,"07240,07335,07149",3
2025-06-10 12:00:00+00:00,07255,26.581811022647123,"07240,07335,07149",3
2025-06-10 12:00:00+00:00,07643,29.691816825535884,"07650,07747,07577",3
2025-06-10 15:00:00+00:00,07255,28.247243945964765,"07240,07335,07149",3
2025-06-10 15:00:00+00:00,07643,29.25441963407663,"07650,07747,07577",3
2025-06-10 18:00:00+00:00,07255,26.692332061333868,"07240,07335,07149",3
2025-06-10 18:00:00+00:00,07643,26.709671528914534,"07650,07747,07577",3
2025-06-10 21:00:00+00:00,07255,20.710212256658682,"07240,07335,07149",3
2025-06-11 00:00:00+00:00,07255,16.569213763373067,"07240,07335,07149",3
2025-06-11 03:00:00+00:00,07255,14.214973315895717,"07240,07335,07149",3
2025-06-11 06:00:00+00:00,07255,17.156076943794503,"07240,07335,07149",3
2025-06-11 09:00:00+00:00,07255,24.219204556830167,"07240,07335,07149",3
2025-06-11 09:00:00+00:00,07643,27.068702679405632,"07650,07747,07577",3
2025-06-11 12:00:00+00:00,07471,26.245245814872295,"07460,07481,07558",3
2025-06-11 12:00:00+00:00,07255,28.959620025401758,"07240,07335,07149",3
2025-06-11 15:00:00+00:00,07643,29.233698286767403,"07650,07747,07577",3
2025-06-11 18:00:00+00:00,07643,24.778365108027405,"07650,07747,07577",3
2025-06-11 21:00:00+00:00,07643,22.30409831509543,"07650,07747,07577",3
2025-06-12 00:00:00+00:00,07255,21.62702256359372,"07240,07335,07149",3
2025-06-12 00:00:00+00:00,07643,20.18323773749433,"07650,07747,07577",3
2025-06-12 03:00:00+00:00,07255,19.289311017493805,"07240,07335,07149",3
2025-06-12 06:00:00+00:00,07255,19.46893126717604,"07240,07335,07149",3
2025-06-12 06:00:00+00:00,07643,21.284509623476605,"07650,07747,07577",3
2025-06-12 09:00:00+00:00,07643,25.852093571752135,"07650,07747,07577",3
2025-06-12 18:00:00+00:00,07643,24.86334173496978,"07650,07747,07577",3
2025-06-12 21:00:00+00:00,07643,21.93660545196658,"07650,07747,07577",3
2025-06-13 03:00:00+00:00,07481,18.288492255126528,"07280,07460,07577",3
2025-06-13 03:00:00+00:00,07643,19.815739973113942,"07650,07747,07577",3
2025-06-13 15:00:00+00:00,07591,28.12342321396666,"07577,07650,07558",3
2025-06-14 00:00:00+00:00,07643,20.89631462532402,"07650,07747,07577",3
2025-06-14 09:00:00+00:00,07643,27.549316689171132,"07650,07747,07577",3
2025-06-15 06:00:00+00:00,07280,20.04783905750742,"07181,07299,07190",3
2025-06-15 06:00:00+00:00,07643,23.190561037751838,"07650,07747,07577",3
2025-06-15 09:00:00+00:00,07280,21.672089121976434,"07181,07299,07190",3
2025-06-15 12:00:00+00:00,07280,22.86028184429397,"07181,07299,07190",3
2025-06-15 15:00:00+00:00,07280,20.43365359870454,"07181,07299,07190",3
2025-06-15 15:00:00+00:00,07643,29.38821880219995,"07650,07747,07577",3
2025-06-15 18:00:00+00:00,07280,17.438413002727703,"07181,07299,07190",3
2025-06-15 21:00:00+00:00,07280,15.88367619290317,"07181,07299,07190",3
2025-06-16 00:00:00+00:00,07280,15.325014117859745,"07181,07299,07190",3
2025-06-16 00:00:00+00:00,07643,22.317112899321323,"07650,07747,07577",3
2025-06-16 03:00:00+00:00,07280,14.77270047798143,"07181,07299,07190",3
2025-06-16 06:00:00+00:00,07280,16.374510090150164,"07181,07299,07190",3
2025-06-16 06:00:00+00:00,07643,21.37298136946892,"07650,07747,07577",3
2025-06-16 09:00:00+00:00,07643,24.83217796361251,"07650,07747,07577",3
2025-06-16 12:00:00+00:00,07117,17.989092512163744,"07020,07110,07027",3
2025-06-16 12:00:00+00:00,07255,25.088877753210582,"07240,07335,07149",3
2025-06-16 12:00:00+00:00,07072,22.177039999167636,"07168,07149",2
2025-06-16 12:00:00+00:00,07181,21.697789124753093,"07168,07280,07190",3
2025-06-16 12:00:00+00:00,07139,22.258765174996018,"07037,07240,07149",3
2025-06-16 12:00:00+00:00,07535,24.953807325097557,"07630,07434,07510",3
2025-06-16 12:00:00+00:00,07643,27.776976782102118,"07650,07747,07577",3
2025-06-16 15:00:00+00:00,07280,24.0731930729013,"07181,07299,07190",3
2025-06-16 15:00:00+00:00,07255,26.71657233683971,"07240,07335,07149",3
2025-06-16 15:00:00+00:00,07072,23.831240988826433,"07168,07149,07181",3
2025-06-16 15:00:00+00:00,07607,27.217249723556048,"07510,07621,07630",3
2025-06-16 15:00:00+00:00,07535,26.404939325793286,"07630,07434,07510",3
2025-06-16 15:00:00+00:00,07643,29.029091043726936,"07650,07747,07577",3
2025-06-16 18:00:00+00:00,07280,22.857897477644904,"07299,07190",2
2025-06-16 18:00:00+00:00,07255,25.45183744417329,"07240,07335,07149",3
2025-06-16 18:00:00+00:00,07072,22.97762617312723,"07168,07149",2
2025-06-16 18:00:00+00:00,07181,22.641459851314835,"07168,07190",2
2025-06-16 18:00:00+00:00,07139,22.579201183981365,"07037,07240,07149",3
2025-06-16 18:00:00+00:00,07535,25.878579838765972,"07630,07434,07510",3
2025-06-16 21:00:00+00:00,07280,17.73147342685054,"07181,07299,07190",3
2025-06-16 21:00:00+00:00,07139,17.781052638304175,"07037,07240,07149",3
2025-06-16 21:00:00+00:00,07535,20.649687593143007,"07630,07434,07510",3
2025-06-16 21:00:00+00:00,07643,24.3553381550644,"07650,07747,07577",3
2025-06-17 00:00:00+00:00,07280,14.547761081274654,"07181,07299,07190",3
2025-06-17 00:00:00+00:00,07535,17.947717125454925,"07630,07434,07510",3
2025-06-17 00:00:00+00:00,07643,22.027245438640165,"07650,07747,07577",3
2025-06-17 03:00:00+00:00,07280,12.308468827433469,"07181,07299,07190",3
2025-06-17 03:00:00+00:00,07535,15.30006599569382,"07630,07434,07510",3
2025-06-17 03:00:00+00:00,07643,20.4722156087889,"07650,07747,07577",3
2025-06-17 06:00:00+00:00,07280,16.439997361377543,"07181,07299,07190",3
2025-06-17 06:00:00+00:00,07535,17.539160930147165,"07630,07434,07510",3
2025-06-17 09:00:00+00:00,07535,23.924566763244467,"07630,07434,07510",3
2025-06-17 12:00:00+00:00,07535,27.631009733145873,"07630,07434,07510",3
2025-06-17 15:00:00+00:00,07535,29.861812491858732,"07630,07434,07510",3
2025-06-17 18:00:00+00:00,07535,28.660205026109704,"07630,07434,07510",3
2025-06-17 21:00:00+00:00,07535,23.193504817196185,"07630,07434,07510",3
2025-06-17 21:00:00+00:00,07643,23.39468261090228,"07650,07747,07577",3
2025-06-18 00:00:00+00:00,07535,18.629146437844174,"07630,07434,07510",3
2025-06-18 00:00:00+00:00,07643,20.920819583633033,"07650,07747,07577",3
2025-06-18 03:00:00+00:00,07535,16.753015673628525,"07630,07434,07510",3
2025-06-18 06:00:00+00:00,07535,19.64657989026262,"07630,07434,07510",3
2025-06-18 06:00:00+00:00,07643,22.082082369610166,"07650,07747,07577",3
2025-06-18 09:00:00+00:00,07434,24.927493869892736,"07335,07255",2
2025-06-18 09:00:00+00:00,07535,25.71535621353859,"07630,07510",2
2025-06-18 12:00:00+00:00,07535,29.562281029923213,"07630,07434,07510",3
2025-06-18 12:00:00+00:00,07643,30.64165013969041,"07650,07747,07577",3
2025-06-18 15:00:00+00:00,07535,31.31709356872524,"07630,07434,07510",3
2025-06-18 15:00:00+00:00,07643,30.327263409666315,"07650,07747,07577",3
2025-06-18 18:00:00+00:00,07535,30.332623837307448,"07630,07434,07510",3
2025-06-18 21:00:00+00:00,07535,24.46890274017169,"07630,07434,07510",3
2025-06-19 00:00:00+00:00,07577,21.10982691924686,"07481,07650,07280",3
2025-06-19 00:00:00+00:00,07535,20.338095149227048,"07630,07434,07510",3
2025-06-19 00:00:00+00:00,07643,21.117743297983523,"07650,07747",2
2025-06-19 03:00:00+00:00,07535,18.81555533572697,"07630,07434,07510",3
2025-06-19 21:00:00+00:00,07280,21.892015996454855,"07181,07299,07190",3
2025-06-19 21:00:00+00:00,07643,24.225895073309704,"07650,07747,07577",3
2025-06-20 00:00:00+00:00,07280,19.50494482879687,"07181,07299,07190",3
2025-06-20 03:00:00+00:00,07280,16.812340565052356,"07181,07299,07190",3
2025-06-20 06:00:00+00:00,07280,19.33767126292347,"07181,07299,07190",3
2025-06-20 09:00:00+00:00,07643,29.901467118585337,"07650,07747,07577",3
2025-06-20 15:00:00+00:00,07643,33.802969707085715,"07650,07747,07577",3
2025-06-20 21:00:00+00:00,07643,26.097999067075776,"07650,07747,07577",3
2025-06-21 15:00:00+00:00,07643,32.34362330663771,"07650,07747,07577",3
2025-06-21 18:00:00+00:00,07643,29.24221273501003,"07650,07747,07577",3
2025-06-21 21:00:00+00:00,07643,24.926034379889266,"07650,07747,07577",3
2025-06-22 03:00:00+00:00,07643,22.313035895120105,"07650,07747,07577",3
2025-06-22 06:00:00+00:00,07643,25.10714619008481,"07650,07747,07577",3
2025-06-22 12:00:00+00:00,07643,30.61810671865835,"07650,07747,07577",3
2025-06-23 03:00:00+00:00,07481,20.045243767854476,"07280,07460,07577",3
2025-06-23 03:00:00+00:00,07643,22.567282774283214,"07650,07747,07577",3
2025-06-23 09:00:00+00:00,07643,28.643223039624797,"07650,07747,07577",3
2025-06-23 12:00:00+00:00,07643,31.977202507080968,"07650,07747,07577",3
2025-06-23 15:00:00+00:00,07643,31.444107575184503,"07650,07747,07577",3
2025-06-23 21:00:00+00:00,07015,15.562045358691515,"07005,07037,07149",3
2025-06-23 21:00:00+00:00,07643,26.526304826392693,"07650,07747,07577",3
2025-06-24 00:00:00+00:00,07015,13.17028245611337,"07005,07037,07149",3
2025-06-24 03:00:00+00:00,07643,22.517638236909036,"07650,07747,07577",3
2025-06-24 06:00:00+00:00,07577,23.037766690170564,"07481,07650,07280",3
2025-06-24 06:00:00+00:00,07643,24.757018858271287,"07650,07747",2
2025-06-24 09:00:00+00:00,07643,30.091252130392764,"07650,07747,07577",3
2025-06-24 15:00:00+00:00,07643,33.44640019047723,"07650,07747,07577",3
2025-06-25 00:00:00+00:00,07643,23.924032356369924,"07650,07747,07577",3
2025-06-25 03:00:00+00:00,07314,18.41377650878129,"07222,07240,07335",3
2025-06-25 06:00:00+00:00,07314,19.15864838141826,"07222,07240,07335",3
2025-06-25 09:00:00+00:00,07314,23.733156332824592,"07222,07240,07335",3
2025-06-25 12:00:00+00:00,07314,27.035187531933317,"07222,07240,07335",3
2025-06-25 12:00:00+00:00,07643,30.85413230896583,"07650,07747,07577",3
2025-06-25 15:00:00+00:00,07314,28.094845774769887,"07222,07240,07335",3
2025-06-25 18:00:00+00:00,07481,32.57529711110734,"07280,07460,07577",3
2025-06-25 18:00:00+00:00,07314,22.971681891833796,"07222,07240,07335",3
2025-06-25 21:00:00+00:00,07240,22.066132952917126,"07335,07255,07139",3
2025-06-25 21:00:00+00:00,07314,20.17758779672693,"07222,07335",2
2025-06-26 00:00:00+00:00,07240,20.026477310971494,"07335,07255,07139",3
2025-06-26 00:00:00+00:00,07314,18.96642031983591,"07222,07335",2
2025-06-26 00:00:00+00:00,07643,24.40389141658104,"07650,07747,07577",3
2025-06-26 03:00:00+00:00,07240,19.357954892920493,"07335,07255,07139",3
2025-06-26 03:00:00+00:00,07314,18.222860131005763,"07222,07335",2
2025-06-26 03:00:00+00:00,07535,18.730132868021784,"07630,07434,07510",3
2025-06-26 03:00:00+00:00,07643,23.636496790990773,"07650,07747,07577",3
2025-06-26 06:00:00+00:00,07314,18.360108519050506,"07222,07240,07335",3
2025-06-26 06:00:00+00:00,07535,18.828697361489095,"07630,07434,07510",3
2025-06-26 09:00:00+00:00,07314,20.35655144017423,"07222,07240,07335",3
2025-06-26 12:00:00+00:00,07314,22.782511861580154,"07222,07240,07335",3
2025-06-26 15:00:00+00:00,07314,23.455022371908235,"07222,07240,07335",3
2025-06-26 18:00:00+00:00,07314,22.224929345378406,"07222,07240,07335",3
2025-06-26 18:00:00+00:00,07643,30.794324429711004,"07650,07747,07577",3
2025-06-26 21:00:00+00:00,07314,19.86241334361256,"07222,07240,07335",3
2025-06-27 00:00:00+00:00,07314,18.55913463223957,"07222,07240,07335",3
2025-06-27 03:00:00+00:00,07280,18.36903758613779,"07181,07299,07190",3
2025-06-27 03:00:00+00:00,07314,17.83311713988631,"07222,07240,07335",3
2025-06-27 06:00:00+00:00,07280,21.674080864634167,"07181,07299,07190",3
2025-06-27 06:00:00+00:00,07314,18.45023205402081,"07222,07240,07335",3
2025-06-27 06:00:00+00:00,07643,24.792278691422247,"07650,07747,07577",3
2025-06-27 09:00:00+00:00,07314,20.981943582146155,"07222,07240,07335",3
2025-06-27 12:00:00+00:00,07314,22.89434182289834,"07222,07240,07335",3
2025-06-27 15:00:00+00:00,07314,24.051380333596605,"07222,07240,07335",3
2025-06-27 15:00:00+00:00,07643,33.958961150501565,"07650,07747,07577",3
2025-06-27 18:00:00+00:00,07314,23.345690900895832,"07222,07240,07335",3
2025-06-27 21:00:00+00:00,07314,20.276164854416045,"07222,07240,07335",3
2025-06-28 00:00:00+00:00,07314,17.938210949421183,"07222,07240,07335",3
2025-06-28 03:00:00+00:00,07240,17.275525932939583,"07335,07255,07139",3
2025-06-28 03:00:00+00:00,07314,16.547469645712173,"07222,07335",2
2025-06-28 03:00:00+00:00,07643,23.769939873970923,"07650,07747,07577",3
2025-06-28 06:00:00+00:00,07314,18.51719977490363,"07222,07240,07335",3
2025-06-28 09:00:00+00:00,07314,21.680771711696174,"07222,07240,07335",3
2025-06-28 12:00:00+00:00,07314,24.71056921442861,"07222,07240,07335",3
2025-06-28 12:00:00+00:00,07643,34.715514333798744,"07650,07747,07577",3
2025-06-28 15:00:00+00:00,07314,27.310984010249477,"07222,07240,07335",3
2025-06-28 18:00:00+00:00,07314,26.740840414759617,"07222,07240,07335",3
2025-06-28 21:00:00+00:00,07314,22.388488867926817,"07222,07240,07335",3
2025-06-29 00:00:00+00:00,07314,20.767111307149307,"07222,07240,07335",3
2025-06-29 03:00:00+00:00,07314,18.89481706424688,"07222,07240,07335",3
2025-06-29 06:00:00+00:00,07314,19.85401096440767,"07222,07240,07335",3
2025-06-29 09:00:00+00:00,07314,24.034732266901514,"07222,07240,07335",3
2025-06-29 09:00:00+00:00,07643,32.30527196540651,"07650,07747,07577",3
2025-06-29 12:00:00+00:00,07314,27.201181772461204,"07222,07240,07335",3
2025-06-29 15:00:00+00:00,07314,28.64212333960431,"07222,07240,07335",3
2025-06-29 15:00:00+00:00,07643,34.55497001879473,"07650,07747,07577",3
2025-06-29 18:00:00+00:00,07314,28.22909289831164,"07222,07240,07335",3
2025-06-29 18:00:00+00:00,07643,32.03270758212656,"07650,07747,07577",3
2025-06-29 21:00:00+00:00,07314,24.521045628416623,"07222,07240,07335",3
2025-06-30 00:00:00+00:00,07314,22.047613282896187,"07222,07240,07335",3
2025-06-30 03:00:00+00:00,07314,20.299253271818237,"07222,07240,07335",3
2025-06-30 06:00:00+00:00,07314,22.038857347932925,"07222,07240,07335",3
2025-06-30 09:00:00+00:00,07314,27.129227404601878,"07222,07240,07335",3
2025-06-30 12:00:00+00:00,07005,29.552598321781673,"07037,07015,07027",3
2025-06-30 12:00:00+00:00,07314,29.770852363888856,"07222,07240,07335",3
2025-06-30 15:00:00+00:00,07005,30.754183352847747,"07037,07015,07027",3
2025-06-30 15:00:00+00:00,07314,30.919202336309198,"07222,07240,07335",3
2025-06-30 18:00:00+00:00,07005,29.819992415528795,"07037,07015,07027",3
2025-06-30 18:00:00+00:00,07314,29.036720353056964,"07222,07240,07335",3
2025-06-30 21:00:00+00:00,07005,24.312249462930485,"07037,07015,07027",3
2025-06-30 21:00:00+00:00,07314,23.387786765937378,"07222,07240,07335",3
2025-07-01 00:00:00+00:00,07005,22.542819864013644,"07037,07015,07027",3
2025-07-01 00:00:00+00:00,07314,20.628149737710025,"07222,07240,07335",3
2025-07-01 03:00:00+00:00,07005,20.552478599315435,"07037,07015,07027",3
2025-07-01 03:00:00+00:00,07314,19.353233951442007,"07222,07240,07335",3
2025-07-01 06:00:00+00:00,07005,22.852211473869364,"07037,07015,07027",3
2025-07-01 06:00:00+00:00,07314,20.25436913303886,"07222,07240,07335",3
2025-07-01 09:00:00+00:00,07314,24.181282226646488,"07222,07240,07335",3
2025-07-01 09:00:00+00:00,07643,31.47735293557802,"07650,07747,07577",3
2025-07-01 12:00:00+00:00,07314,27.753644549969046,"07222,07240,07335",3
2025-07-01 12:00:00+00:00,07643,34.67308147983548,"07650,07747,07577",3
2025-07-01 15:00:00+00:00,07314,28.962537773265026,"07222,07240,07335",3
2025-07-01 15:00:00+00:00,07643,35.219575549335076,"07650,07747,07577",3
2025-07-01 18:00:00+00:00,07314,27.56299891764082,"07222,07240,07335",3
2025-07-01 21:00:00+00:00,07314,22.374053132464446,"07222,07240,07335",3
2025-07-02 00:00:00+00:00,07314,20.026989736747982,"07222,07240,07335",3
2025-07-02 03:00:00+00:00,07314,19.198376925165604,"07222,07240,07335",3
2025-07-02 06:00:00+00:00,07314,19.54489645435725,"07222,07240,07335",3
2025-07-02 09:00:00+00:00,07314,22.75929829281052,"07222,07240,07335",3
2025-07-02 12:00:00+00:00,07314,24.364309629975054,"07222,07240,07335",3
2025-07-02 12:00:00+00:00,07643,32.908781009060476,"07650,07747,07577",3
2025-07-02 15:00:00+00:00,07314,23.86005742844562,"07222,07240,07335",3
2025-07-02 18:00:00+00:00,07577,32.794912718665145,"07481,07650,07280",3
2025-07-02 18:00:00+00:00,07314,21.67068120672564,"07222,07240,07335",3
2025-07-02 18:00:00+00:00,07643,30.411688599910477,"07650,07747",2
2025-07-02 21:00:00+00:00,07314,19.41337020786804,"07222,07240,07335",3
2025-07-03 00:00:00+00:00,07314,17.46614077531567,"07222,07240,07335",3
2025-07-03 03:00:00+00:00,07314,15.890539072537075,"07222,07240,07335",3
2025-07-03 06:00:00+00:00,07240,17.809067244849388,"07335,07255,07139",3
2025-07-03 06:00:00+00:00,07314,16.651441239867772,"07222,07335",2
2025-07-03 06:00:00+00:00,07643,25.288166686270714,"07650,07747,07577",3
2025-07-03 09:00:00+00:00,07314,20.6913657529592,"07222,07240,07335",3
2025-07-03 12:00:00+00:00,07314,23.323460269080897,"07222,07240,07335",3
2025-07-03 15:00:00+00:00,07314,24.90584793797497,"07222,07240,07335",3
2025-07-03 15:00:00+00:00,07643,34.31087232431212,"07650,07747,07577",3
2025-07-03 18:00:00+00:00,07314,24.500606375390724,"07222,07240,07335",3
2025-07-03 21:00:00+00:00,07314,20.809789132340086,"07222,07240,07335",3
2025-07-04 00:00:00+00:00,07314,18.533448787499104,"07222,07240,07335",3
2025-07-04 00:00:00+00:00,07643,26.614416132544815,"07650,07747,07577",3
2025-07-04 03:00:00+00:00,07314,16.596295901923153,"07222,07240,07335",3
2025-07-04 06:00:00+00:00,07314,17.27347535980747,"07222,07240,07335",3
2025-07-04 09:00:00+00:00,07314,21.755397142275804,"07222,07240,07335",3
2025-07-04 09:00:00+00:00,07558,24.23457350662392,"07630,07434,07535",3
2025-07-04 12:00:00+00:00,07314,24.286320204205012,"07222,07240,07335",3
2025-07-04 15:00:00+00:00,07314,25.452011396843112,"07222,07240,07335",3
2025-07-04 15:00:00+00:00,07643,34.16852518462673,"07650,07747,07577",3
2025-07-04 18:00:00+00:00,07577,31.142643858590812,"07481,07650,07280",3
2025-07-04 18:00:00+00:00,07314,25.233602381912284,"07222,07240,07335",3
2025-07-04 18:00:00+00:00,07643,32.78556583370292,"07650,07747",2
2025-07-04 21:00:00+00:00,07314,20.584101486173857,"07222,07240,07335",3
2025-07-05 00:00:00+00:00,07314,17.58397787855636,"07222,07240,07335",3
2025-07-05 03:00:00+00:00,07314,15.052862268574385,"07222,07240,07335",3
2025-07-05 06:00:00+00:00,07314,16.99741462076229,"07222,07240,07335",3
2025-07-05 06:00:00+00:00,07643,26.222254656486182,"07650,07747,07577",3
2025-07-05 09:00:00+00:00,07314,21.982333687778983,"07222,07240,07335",3
2025-07-05 09:00:00+00:00,07643,30.29095057053572,"07650,07747,07577",3
2025-07-05 12:00:00+00:00,07314,24.35524393594151,"07222,07240,07335",3
2025-07-05 15:00:00+00:00,07314,24.587659793541093,"07222,07240,07335",3
2025-07-05 15:00:00+00:00,07643,30.477683200081323,"07650,07747,07577",3
2025-07-05 18:00:00+00:00,07314,22.516089134714626,"07222,07240,07335",3
2025-07-05 21:00:00+00:00,07314,19.624411296534113,"07222,07240,07335",3
2025-07-05 21:00:00+00:00,07643,26.986332128681166,"07650,07747,07577",3
2025-07-06 00:00:00+00:00,07460,19.584473363846815,"07471,07481,07255",3
2025-07-06 00:00:00+00:00,07314,18.10730322275725,"07222,07240,07335",3
2025-07-06 00:00:00+00:00,07643,25.77505946423807,"07650,07747,07577",3
2025-07-06 03:00:00+00:00,07314,16.777425049080207,"07222,07240,07335",3
2025-07-06 03:00:00+00:00,07643,24.393319253952313,"07650,07747,07577",3
2025-07-06 06:00:00+00:00,07481,19.354642615981433,"07280,07460,07577",3
2025-07-06 06:00:00+00:00,07314,16.127014001555466,"07222,07240,07335",3
2025-07-06 09:00:00+00:00,07314,17.372080927008867,"07222,07240,07335",3
2025-07-06 12:00:00+00:00,07314,19.231335383497346,"07222,07240,07335",3
2025-07-06 12:00:00+00:00,07643,31.003018086735068,"07650,07747,07577",3
2025-07-06 15:00:00+00:00,07314,20.163500928560488,"07222,07240,07335",3
2025-07-06 15:00:00+00:00,07643,28.50158752367129,"07650,07747,07577",3
2025-07-06 18:00:00+00:00,07314,19.964734760109472,"07222,07240,07335",3
2025-07-06 18:00:00+00:00,07643,23.074146851256934,"07650,07747,07577",3
2025-07-06 21:00:00+00:00,07314,17.39946885550905,"07222,07240,07335",3
2025-07-07 00:00:00+00:00,07314,16.592173058178027,"07222,07240,07335",3
2025-07-07 03:00:00+00:00,07314,15.897710134758125,"07222,07240,07335",3
2025-07-07 06:00:00+00:00,07314,15.911385320012549,"07222,07240,07335",3
2025-07-07 06:00:00+00:00,07643,20.973079607007534,"07650,07747,07577",3
2025-07-07 09:00:00+00:00,07314,17.830762074933,"07222,07240,07335",3
2025-07-07 09:00:00+00:00,07643,25.321147668251413,"07650,07747,07577",3
2025-07-07 12:00:00+00:00,07314,19.316190428409065,"07222,07240,07335",3
2025-07-07 15:00:00+00:00,07314,20.630924053453782,"07222,07240,07335",3
2025-07-07 18:00:00+00:00,07314,19.597923027603436,"07222,07240,07335",3
2025-07-07 21:00:00+00:00,07314,17.001787767242327,"07222,07240,07335",3
2025-07-08 00:00:00+00:00,07314,14.37928144896808,"07222,07240,07335",3
2025-07-08 03:00:00+00:00,07314,13.664218264816688,"07222,07240,07335",3
2025-07-08 03:00:00+00:00,07643,18.79775234077973,"07650,07747,07577",3
2025-07-08 06:00:00+00:00,07314,14.46552450257826,"07222,07240,07335",3
2025-07-08 09:00:00+00:00,07314,18.866418282803792,"07222,07240,07335",3
2025-07-08 15:00:00+00:00,07643,26.921456539325796,"07650,07747,07577",3
2025-07-08 18:00:00+00:00,07643,25.42972045183078,"07650,07747,07577",3
2025-07-09 06:00:00+00:00,07643,19.35444833056475,"07650,07747,07577",3
2025-07-09 18:00:00+00:00,07577,24.149896301574106,"07481,07650,07280",3
2025-07-09 18:00:00+00:00,07643,26.17935390047031,"07650,07747",2
2025-07-09 21:00:00+00:00,07577,19.84854897622435,"07481,07650,07280",3
2025-07-09 21:00:00+00:00,07643,22.59954918664132,"07650,07747",2
2025-07-10 03:00:00+00:00,07643,18.124670786567727,"07650,07747,07577",3
2025-07-10 09:00:00+00:00,07255,24.663074126233393,"07240,07335,07149",3
2025-07-11 09:00:00+00:00,07643,26.343096877240104,"07650,07747,07577",3
2025-07-11 12:00:00+00:00,07643,28.23690786912934,"07650,07747,07577",3
2025-07-11 15:00:00+00:00,07558,30.296745833333098,"07630,07434,07535",3
2025-07-11 15:00:00+00:00,07643,27.725663984970616,"07650,07747,07577",3
2025-07-11 21:00:00+00:00,07280,19.112008335071,"07181,07299,07190",3
2025-07-11 21:00:00+00:00,07643,22.210491812363713,"07650,07747,07577",3
2025-07-12 00:00:00+00:00,07280,15.247085706065572,"07181,07299,07190",3
2025-07-12 03:00:00+00:00,07280,13.17426755779664,"07181,07299,07190",3
2025-07-12 06:00:00+00:00,07280,16.6967466353344,"07181,07299,07190",3
2025-07-12 09:00:00+00:00,07280,23.109777661889332,"07181,07299,07190",3
2025-07-12 12:00:00+00:00,07280,26.086047931697834,"07181,07299,07190",3
2025-07-12 15:00:00+00:00,07280,27.43033380271759,"07181,07299,07190",3
2025-07-12 18:00:00+00:00,07280,26.57950345838617,"07181,07299,07190",3
2025-07-12 18:00:00+00:00,07643,22.967002062559075,"07650,07747,07577",3
2025-07-12 21:00:00+00:00,07280,19.143924723044865,"07181,07299,07190",3
2025-07-13 00:00:00+00:00,07280,15.987571917849614,"07181,07299,07190",3
2025-07-13 03:00:00+00:00,07280,14.061789747602209,"07181,07299,07190",3
2025-07-13 06:00:00+00:00,07280,18.632853237946016,"07181,07299,07190",3
2025-07-13 09:00:00+00:00,07280,26.643249128259672,"07181,07299,07190",3
2025-07-13 12:00:00+00:00,07280,29.33182087029919,"07181,07299,07190",3
2025-07-13 15:00:00+00:00,07280,30.54383994407168,"07181,07299,07190",3
2025-07-13 15:00:00+00:00,07643,28.168272782311192,"07650,07747,07577",3
2025-07-13 18:00:00+00:00,07280,27.80345147358458,"07181,07299,07190",3
2025-07-13 21:00:00+00:00,07280,21.440664197812403,"07181,07299,07190",3
2025-07-14 00:00:00+00:00,07280,19.293363720600745,"07181,07299,07190",3
2025-07-14 03:00:00+00:00,07280,19.553421985116806,"07181,07299,07190",3
2025-07-14 06:00:00+00:00,07280,19.770221359086666,"07181,07299,07190",3
2025-07-16 12:00:00+00:00,07643,30.623563490666985,"07650,07747,07577",3
2025-07-16 21:00:00+00:00,07643,28.010281415199508,"07650,07747,07577",3
2025-07-17 00:00:00+00:00,07577,24.440085603999712,"07481,07650,07280",3
2025-07-17 00:00:00+00:00,07643,26.304910191635436,"07650,07747",2
2025-07-17 09:00:00+00:00,07255,24.372473787647944,"07240,07335,07149",3
2025-07-17 12:00:00+00:00,07643,32.72383245953951,"07650,07747,07577",3
2025-07-18 03:00:00+00:00,07643,22.812072880212234,"07650,07747,07577",3
2025-07-18 18:00:00+00:00,07643,27.75203928222866,"07650,07747,07577",3
2025-07-18 21:00:00+00:00,07643,25.14205514787097,"07650,07747,07577",3
2025-07-19 15:00:00+00:00,07280,22.187717454668537,"07181,07299,07190",3
2025-07-19 18:00:00+00:00,07643,27.12022245698038,"07650,07747,07577",3
2025-07-20 00:00:00+00:00,07280,18.3992123727578,"07181,07299,07190",3
2025-07-20 03:00:00+00:00,07280,17.700280570022425,"07181,07299,07190",3
2025-07-20 06:00:00+00:00,07280,20.270661746011566,"07181,07299,07190",3
2025-07-20 15:00:00+00:00,07643,28.293956366603112,"07650,07747,07577",3
2025-07-20 18:00:00+00:00,07643,26.234062537307764,"07650,07747,07577",3
2025-07-21 06:00:00+00:00,07460,17.573306119424636,"07471,07481,07255",3
2025-07-21 06:00:00+00:00,07643,20.39174401908131,"07650,07747,07577",3
2025-07-21 09:00:00+00:00,07280,20.835316554020864,"07181,07299,07190",3
2025-07-21 15:00:00+00:00,07643,28.031368103600496,"07650,07747,07577",3
2025-07-21 18:00:00+00:00,07643,26.472722825901037,"07650,07747,07577",3
2025-07-21 21:00:00+00:00,07280,19.139723577650802,"07181,07299,07190",3
2025-07-22 00:00:00+00:00,07280,17.858434852249832,"07181,07299,07190",3
2025-07-22 03:00:00+00:00,07280,17.300215585479872,"07181,07299,07190",3
2025-07-22 03:00:00+00:00,07643,20.08536685512434,"07650,07747,07577",3
2025-07-22 06:00:00+00:00,07280,17.489767518252343,"07181,07299,07190",3
2025-07-22 09:00:00+00:00,07643,24.85513008971094,"07650,07747,07577",3
2025-07-22 12:00:00+00:00,07643,27.367680784514572,"07650,07747,07577",3
2025-07-22 18:00:00+00:00,07643,26.384900011698782,"07650,07747,07577",3
2025-07-23 03:00:00+00:00,07577,16.812966944429256,"07481,07650,07280",3
2025-07-23 03:00:00+00:00,07643,19.457516221696622,"07650,07747",2
2025-07-23 15:00:00+00:00,07577,26.53889070861636,"07481,07650,07280",3
2025-07-23 15:00:00+00:00,07643,25.074208237055167,"07650,07747",2
2025-07-23 18:00:00+00:00,07643,22.62961497936248,"07650,07747,07577",3
2025-07-23 21:00:00+00:00,07643,21.20593699478586,"07650,07747,07577",3
2025-07-24 03:00:00+00:00,07643,19.172471198353456,"07650,07747,07577",3
2025-07-24 06:00:00+00:00,07643,19.376265854983092,"07650,07747,07577",3
2025-07-25 00:00:00+00:00,07577,19.51116758537108,"07481,07650,07280",3
2025-07-25 00:00:00+00:00,07643,21.436573353950187,"07650,07747",2
2025-07-25 12:00:00+00:00,07643,26.24203858005549,"07650,07747,07577",3
2025-07-25 15:00:00+00:00,07621,23.02191850597191,"07627,07607,07630",3
2025-07-25 15:00:00+00:00,07643,27.48896534933602,"07650,07747,07577",3
2025-07-25 21:00:00+00:00,07643,23.08750266303758,"07650,07747,07577",3
2025-07-26 03:00:00+00:00,07577,18.35389403470055,"07481,07650,07280",3
2025-07-26 03:00:00+00:00,07643,20.485039810609486,"07650,07747",2
2025-07-26 06:00:00+00:00,07280,17.028877227129183,"07299,07190",2
2025-07-26 06:00:00+00:00,07181,16.84941751675691,"07168,07190",2
2025-07-26 09:00:00+00:00,07280,20.6442100071317,"07299,07190",2
2025-07-26 09:00:00+00:00,07181,21.304492666670786,"07168,07190",2
2025-07-26 12:00:00+00:00,07280,24.881244956261305,"07299,07190",2
2025-07-26 12:00:00+00:00,07181,23.943359909703112,"07168,07190",2
2025-07-26 15:00:00+00:00,07280,21.361320418011985,"07299,07190",2
2025-07-26 15:00:00+00:00,07181,22.301005501867476,"07168,07190",2
2025-07-26 15:00:00+00:00,07643,28.720646755601468,"07650,07747,07577",3
2025-07-26 18:00:00+00:00,07181,22.33836238012804,"07168,07280,07190",3
2025-07-26 21:00:00+00:00,07181,17.597900348069242,"07168,07280,07190",3
2025-07-26 21:00:00+00:00,07643,24.736018666822297,"07650,07747,07577",3
2025-07-27 00:00:00+00:00,07181,16.830514093626352,"07168,07280,07190",3
2025-07-27 03:00:00+00:00,07181,15.299432160387383,"07168,07280,07190",3
2025-07-27 06:00:00+00:00,07181,16.698032847850374,"07168,07280,07190",3
2025-07-27 06:00:00+00:00,07643,22.285857813954337,"07650,07747,07577",3
2025-07-27 09:00:00+00:00,07181,19.117385132035174,"07168,07280,07190",3
2025-07-27 12:00:00+00:00,07181,20.099683902395554,"07168,07280,07190",3
2025-07-27 12:00:00+00:00,07643,27.74680846406187,"07650,07747,07577",3
2025-07-27 15:00:00+00:00,07181,21.103183345038843,"07168,07280,07190",3
2025-07-27 18:00:00+00:00,07181,17.718005054989476,"07168,07280,07190",3
2025-07-27 21:00:00+00:00,07181,15.657249527908519,"07168,07280,07190",3
2025-07-28 00:00:00+00:00,07181,14.874142795672586,"07168,07280,07190",3
2025-07-28 03:00:00+00:00,07181,14.118000365186365,"07168,07280,07190",3
2025-07-28 03:00:00+00:00,07643,19.96579877713424,"07650,07747,07577",3
2025-07-28 06:00:00+00:00,07181,14.309108925144505,"07168,07280,07190",3
2025-07-28 09:00:00+00:00,07643,21.899182124692906,"07650,07747,07577",3
2025-07-28 15:00:00+00:00,07643,25.55730789839108,"07650,07747,07577",3
2025-07-29 00:00:00+00:00,07643,20.851665303605454,"07650,07747,07577",3
2025-07-29 03:00:00+00:00,07643,19.550997780464023,"07650,07747,07577",3
2025-07-29 06:00:00+00:00,07643,19.68502274859543,"07650,07747,07577",3
2025-07-29 09:00:00+00:00,07643,23.182838902250815,"07747,07577",2
2025-07-29 09:00:00+00:00,07650,25.271717223667313,"07577,07690",2
2025-07-29 12:00:00+00:00,07643,27.194660444613447,"07650,07747,07577",3
2025-07-29 15:00:00+00:00,07643,27.759529655086357,"07650,07747,07577",3
2025-07-30 03:00:00+00:00,07643,20.321373233146346,"07650,07747,07577",3
2025-07-30 09:00:00+00:00,07643,24.881211993767586,"07650,07747,07577",3
2025-07-30 18:00:00+00:00,07643,27.599268930780667,"07650,07747,07577",3
2025-07-31 03:00:00+00:00,07643,21.425779798338347,"07650,07747,07577",3
2025-08-01 03:00:00+00:00,07643,21.308899154238937,"07650,07747,07577",3
2025-08-01 06:00:00+00:00,07643,21.63097833631246,"07650,07747,07577",3
2025-08-01 15:00:00+00:00,07643,28.597982422972613,"07650,07747,07577",3
2025-08-01 21:00:00+00:00,07643,23.870464666912184,"07650,07747,07577",3
2025-08-02 09:00:00+00:00,07643,25.163233150281624,"07650,07747,07577",3
2025-08-02 15:00:00+00:00,07643,28.22147022942561,"07650,07747,07577",3
2025-08-02 18:00:00+00:00,07643,26.17322552758264,"07650,07747,07577",3
2025-08-04 15:00:00+00:00,07643,30.027309456246464,"07650,07747,07577",3
2025-08-04 21:00:00+00:00,07643,22.633922684823258,"07650,07747,07577",3
2025-08-05 03:00:00+00:00,07510,15.94621921344395,"07607,07535,07335",3
2025-08-05 03:00:00+00:00,07643,18.570563213984137,"07650,07747,07577",3
2025-08-05 06:00:00+00:00,07643,22.410493055490463,"07650,07747,07577",3
2025-08-05 12:00:00+00:00,07280,24.547291039825257,"07181,07299,07190",3
2025-08-06 00:00:00+00:00,07643,24.648989226745364,"07650,07747,07577",3
2025-08-06 15:00:00+00:00,07643,26.73146984104741,"07650,07747,07577",3
2025-08-06 18:00:00+00:00,07643,26.4983047490337,"07650,07747,07577",3
2025-08-06 21:00:00+00:00,07643,22.89485715293636,"07650,07747,07577",3
2025-08-07 00:00:00+00:00,07643,20.19582428868663,"07650,07747,07577",3
2025-08-07 03:00:00+00:00,07643,18.513519617761933,"07650,07747,07577",3
2025-08-08 00:00:00+00:00,07314,15.686889510133014,"07222,07240,07335",3
2025-08-08 00:00:00+00:00,07643,21.149099986286213,"07650,07747,07577",3
2025-08-08 03:00:00+00:00,07314,15.176021992196828,"07222,07240,07335",3
2025-08-08 06:00:00+00:00,07643,21.979461437711898,"07650,07747,07577",3
2025-08-08 12:00:00+00:00,07790,29.124157336672088,"07761,07690,07650",3
2025-08-08 21:00:00+00:00,07314,20.879133816520252,"07222,07240,07335",3
2025-08-08 21:00:00+00:00,07643,24.048970793610533,"07650,07747,07577",3
2025-08-09 06:00:00+00:00,07643,21.902331114936576,"07650,07747,07577",3
2025-08-10 00:00:00+00:00,07643,23.1591954260897,"07650,07747,07577",3
2025-08-10 09:00:00+00:00,07643,29.861736009546703,"07650,07747,07577",3
2025-08-10 15:00:00+00:00,07643,35.99134998211034,"07650,07747,07577",3
2025-08-10 21:00:00+00:00,07643,28.341115156557642,"07650,07747,07577",3
2025-08-11 06:00:00+00:00,07643,24.077701706986904,"07650,07747,07577",3
2025-08-11 15:00:00+00:00,07643,33.51153510316005,"07650,07747,07577",3
2025-08-12 03:00:00+00:00,07643,23.029805233773722,"07650,07747,07577",3
2025-08-12 09:00:00+00:00,07240,25.518274412461746,"07335,07255,07139",3
2025-08-12 12:00:00+00:00,07240,32.03750540292729,"07335,07255,07139",3
2025-08-12 15:00:00+00:00,07558,36.217419434864745,"07630,07434,07535",3
2025-08-12 18:00:00+00:00,07558,34.800580771160476,"07630,07434,07535",3
2025-08-12 18:00:00+00:00,07643,30.250118775857054,"07650,07747,07577",3
2025-08-12 21:00:00+00:00,07558,28.798109384600604,"07630,07434,07535",3
2025-08-12 21:00:00+00:00,07643,26.143557190466375,"07650,07747,07577",3
2025-08-13 00:00:00+00:00,07558,25.73220397079781,"07630,07434,07535",3
2025-08-13 03:00:00+00:00,07558,23.292291217060107,"07630,07434,07535",3
2025-08-13 03:00:00+00:00,07643,22.374651575215946,"07650,07747,07577",3
2025-08-13 06:00:00+00:00,07558,21.81306270308224,"07630,07434,07535",3
2025-08-13 06:00:00+00:00,07643,24.72798498721811,"07650,07747,07577",3
2025-08-13 09:00:00+00:00,07643,30.183012407712482,"07650,07747,07577",3
2025-08-13 12:00:00+00:00,07020,20.11824956456178,"07117,07027,07005",3
2025-08-13 15:00:00+00:00,07020,20.97577917313346,"07117,07027,07005",3
2025-08-13 18:00:00+00:00,07020,18.991120469503635,"07117,07027,07005",3
2025-08-13 21:00:00+00:00,07020,18.066711311470193,"07117,07027,07005",3
2025-08-13 21:00:00+00:00,07643,27.518388520324947,"07650,07747,07577",3
2025-08-14 00:00:00+00:00,07020,17.140813562039845,"07117,07027,07005",3
2025-08-14 03:00:00+00:00,07020,16.867018124247963,"07117,07027,07005",3
2025-08-14 06:00:00+00:00,07020,16.803850491421304,"07117,07027,07005",3
2025-08-14 09:00:00+00:00,07005,21.686633699152523,"07037,07015,07027",3
2025-08-14 12:00:00+00:00,07005,24.83373604522465,"07037,07015,07027",3
2025-08-14 15:00:00+00:00,07005,26.460075172942943,"07037,07015,07027",3
2025-08-14 18:00:00+00:00,07005,23.02515200751952,"07037,07015,07027",3
2025-08-14 21:00:00+00:00,07005,18.39840542285694,"07037,07015,07027",3
2025-08-15 00:00:00+00:00,07005,15.852277653803773,"07037,07015,07027",3
2025-08-15 03:00:00+00:00,07005,13.760189892079033,"07037,07015,07027",3
2025-08-15 06:00:00+00:00,07005,15.231604597124345,"07037,07015,07027",3
2025-08-15 06:00:00+00:00,07643,23.679376890273097,"07650,07747,07577",3
2025-08-15 09:00:00+00:00,07005,22.481721307493476,"07037,07015,07027",3
2025-08-15 09:00:00+00:00,07643,29.786913468536397,"07650,07747,07577",3
2025-08-15 12:00:00+00:00,07005,26.642178996783873,"07037,07015,07027",3
2025-08-15 15:00:00+00:00,07005,27.856998368524064,"07037,07015,07027",3
2025-08-15 18:00:00+00:00,07005,24.02050788349739,"07037,07015,07027",3
2025-08-15 21:00:00+00:00,07005,19.72203923414453,"07037,07015,07027",3
2025-08-16 00:00:00+00:00,07240,23.9858659876366,"07335,07255,07139",3
2025-08-16 00:00:00+00:00,07005,17.25798533044981,"07037,07015,07027",3
2025-08-16 03:00:00+00:00,07240,21.659504217283878,"07335,07255,07139",3
2025-08-16 03:00:00+00:00,07005,17.014433513270905,"07037,07015,07027",3
2025-08-16 03:00:00+00:00,07643,24.730888811334445,"07650,07747,07577",3
2025-08-16 06:00:00+00:00,07005,17.566333427404746,"07037,07015,07027",3
2025-08-16 09:00:00+00:00,07005,18.58282958877644,"07037,07015,07027",3
2025-08-16 12:00:00+00:00,07005,22.41615340765738,"07037,07015,07027",3
2025-08-16 15:00:00+00:00,07005,21.64426089823375,"07037,07015,07027",3
2025-08-16 15:00:00+00:00,07643,37.78645829293326,"07650,07747,07577",3
2025-08-16 18:00:00+00:00,07005,20.661616627688275,"07037,07015,07027",3
2025-08-16 18:00:00+00:00,07643,35.03132415745281,"07650,07747,07577",3
2025-08-16 21:00:00+00:00,07005,17.063126527060135,"07037,07015,07027",3
2025-08-16 21:00:00+00:00,07643,31.374289659612195,"07650,07747,07577",3
2025-08-17 00:00:00+00:00,07005,16.1070495322797,"07037,07015,07027",3
2025-08-17 00:00:00+00:00,07643,29.77432201609256,"07650,07747,07577",3
2025-08-17 03:00:00+00:00,07005,13.740499734286955,"07037,07015,07027",3
2025-08-17 03:00:00+00:00,07643,27.81768373945164,"07650,07747,07577",3
2025-08-17 06:00:00+00:00,07005,13.880241919047448,"07037,07015,07027",3
2025-08-17 09:00:00+00:00,07005,18.632981934423032,"07037,07015,07027",3
2025-08-17 09:00:00+00:00,07643,31.11756193428097,"07650,07747,07577",3
2025-08-17 12:00:00+00:00,07005,22.447453597710698,"07037,07015,07027",3
2025-08-17 15:00:00+00:00,07005,23.904582127312736,"07037,07015,07027",3
2025-08-17 18:00:00+00:00,07005,21.541138977612643,"07037,07015,07027",3
2025-08-17 18:00:00+00:00,07643,32.67449562640064,"07650,07747,07577",3
2025-08-17 21:00:00+00:00,07005,17.713077172547365,"07037,07015,07027",3
2025-08-17 21:00:00+00:00,07314,21.985314509569612,"07222,07240,07335",3
2025-08-18 00:00:00+00:00,07005,16.651624297206002,"07037,07015,07027",3
2025-08-18 00:00:00+00:00,07314,20.169033679348104,"07222,07240,07335",3
2025-08-18 00:00:00+00:00,07591,22.05197205731418,"07577,07650,07558",3
2025-08-18 03:00:00+00:00,07005,16.097926776235322,"07037,07015,07027",3
2025-08-18 03:00:00+00:00,07314,18.67745475859704,"07222,07240,07335",3
2025-08-18 06:00:00+00:00,07005,16.16582138243563,"07037,07015,07027",3
2025-08-18 06:00:00+00:00,07314,17.712920655701375,"07222,07240,07335",3
2025-08-18 09:00:00+00:00,07005,19.775266015805748,"07037,07015,07027",3
2025-08-18 09:00:00+00:00,07314,20.602652125031383,"07222,07240,07335",3
2025-08-18 12:00:00+00:00,07005,22.593899602020237,"07037,07015,07027",3
2025-08-18 12:00:00+00:00,07314,23.923551662417893,"07222,07240,07335",3
2025-08-18 15:00:00+00:00,07005,23.576627780828453,"07037,07015,07027",3
2025-08-18 15:00:00+00:00,07314,25.060401222825213,"07222,07240,07335",3
2025-08-18 15:00:00+00:00,07643,34.484316510648846,"07747,07577",2
2025-08-18 15:00:00+00:00,07650,33.53320014302214,"07577,07690",2
2025-08-18 18:00:00+00:00,07005,22.475803794158534,"07037,07015,07027",3
2025-08-18 18:00:00+00:00,07314,22.712769824953575,"07222,07240,07335",3
2025-08-18 18:00:00+00:00,07643,28.125349357206368,"07650,07747,07577",3
2025-08-18 21:00:00+00:00,07005,18.565344534909382,"07037,07015,07027",3
2025-08-18 21:00:00+00:00,07314,19.32816160719797,"07222,07240,07335",3
2025-08-19 00:00:00+00:00,07005,17.33115027233416,"07037,07015,07027",3
2025-08-19 00:00:00+00:00,07314,19.123495174206898,"07222,07240,07335",3
2025-08-19 03:00:00+00:00,07005,15.917669415245973,"07037,07015,07027",3
2025-08-19 03:00:00+00:00,07314,18.929227303603394,"07222,07240,07335",3
2025-08-19 06:00:00+00:00,07005,16.393826838730234,"07037,07015,07027",3
2025-08-19 06:00:00+00:00,07314,18.62821937168166,"07222,07240,07335",3
2025-08-19 09:00:00+00:00,07005,22.13181452140892,"07037,07015,07027",3
2025-08-19 09:00:00+00:00,07558,18.118658892524586,"07630,07434,07535",3
2025-08-19 09:00:00+00:00,07643,25.868891766977818,"07650,07747,07577",3
2025-08-19 12:00:00+00:00,07005,25.477214229857182,"07037,07015,07027",3
2025-08-19 15:00:00+00:00,07005,25.068197318637196,"07037,07015,07027",3
2025-08-19 15:00:00+00:00,07643,28.340408587911128,"07650,07747,07577",3
2025-08-19 18:00:00+00:00,07005,23.05070798266182,"07037,07015,07027",3
2025-08-19 21:00:00+00:00,07005,19.482671748019783,"07037,07015,07027",3
2025-08-19 21:00:00+00:00,07558,18.044648555938217,"07630,07434,07535",3
2025-08-19 21:00:00+00:00,07643,24.244073036342844,"07650,07747,07577",3
2025-08-20 00:00:00+00:00,07005,18.28653955531732,"07037,07015,07027",3
2025-08-20 00:00:00+00:00,07643,22.144111771705646,"07650,07747,07577",3
2025-08-20 03:00:00+00:00,07005,17.281552874207353,"07037,07015,07027",3
2025-08-20 03:00:00+00:00,07643,21.516564227347203,"07650,07747,07577",3
2025-08-20 06:00:00+00:00,07005,16.72746538227244,"07037,07015,07027",3
2025-08-20 09:00:00+00:00,07005,17.497684727268375,"07037,07015,07027",3
2025-08-20 12:00:00+00:00,07005,19.588952012918284,"07037,07015,07027",3
2025-08-20 15:00:00+00:00,07005,20.52434507540787,"07037,07015,07027",3
2025-08-20 15:00:00+00:00,07643,25.899968886690097,"07650,07747,07577",3
2025-08-20 18:00:00+00:00,07005,18.312378585138642,"07037,07015,07027",3
2025-08-20 18:00:00+00:00,07643,24.50062769727092,"07650,07747,07577",3
2025-08-20 21:00:00+00:00,07005,16.30743587804011,"07037,07015,07027",3
2025-08-20 21:00:00+00:00,07434,15.636874214524662,"07535,07335,07255",3
2025-08-21 00:00:00+00:00,07005,15.372987734034501,"07037,07015,07027",3
2025-08-21 03:00:00+00:00,07005,15.113002697757674,"07037,07015,07027",3
2025-08-21 03:00:00+00:00,07643,19.306976935123345,"07650,07747,07577",3
2025-08-21 06:00:00+00:00,07005,15.68306705568752,"07037,07015,07027",3
2025-08-21 06:00:00+00:00,07643,19.344054133590728,"07650,07747,07577",3
2025-08-21 09:00:00+00:00,07005,18.954166079219522,"07037,07015,07027",3
2025-08-21 12:00:00+00:00,07005,19.976273691224684,"07037,07015,07027",3
2025-08-21 12:00:00+00:00,07434,19.115116145906608,"07535,07335,07255",3
2025-08-21 15:00:00+00:00,07005,21.479734358391006,"07037,07015,07027",3
2025-08-21 18:00:00+00:00,07005,18.268043200827517,"07037,07015,07027",3
2025-08-21 21:00:00+00:00,07005,15.476863748591693,"07037,07015,07027",3
2025-08-22 00:00:00+00:00,07005,14.66481382162543,"07037,07015,07027",3
2025-08-22 00:00:00+00:00,07643,20.86187212514239,"07650,07747,07577",3
2025-08-22 03:00:00+00:00,07005,13.694259826853806,"07037,07015,07027",3
2025-08-22 06:00:00+00:00,07005,14.271218828880592,"07037,07015,07027",3
2025-08-22 09:00:00+00:00,07005,16.878320712044786,"07037,07015,07027",3
2025-08-22 09:00:00+00:00,07643,24.405910706396156,"07650,07747,07577",3
2025-08-22 12:00:00+00:00,07005,19.45541676045744,"07037,07015,07027",3
2025-08-22 12:00:00+00:00,07643,27.540648388810823,"07650,07747,07577",3
2025-08-22 15:00:00+00:00,07005,19.437350911078255,"07037,07015,07027",3
2025-08-22 15:00:00+00:00,07643,28.421788979290767,"07650,07747,07577",3
2025-08-22 18:00:00+00:00,07005,17.4480209470028,"07037,07015,07027",3
2025-08-22 18:00:00+00:00,07643,25.94869521260985,"07650,07747,07577",3
2025-08-22 21:00:00+00:00,07005,13.05809014769206,"07037,07015,07027",3
2025-08-22 21:00:00+00:00,07643,23.0369158006719,"07650,07747,07577",3
2025-08-23 00:00:00+00:00,07005,11.869109805773224,"07037,07015,07027",3
2025-08-23 03:00:00+00:00,07005,11.792257420084061,"07037,07015,07027",3
2025-08-23 06:00:00+00:00,07005,12.533372474696113,"07037,07015,07027",3
2025-08-23 09:00:00+00:00,07005,17.67942442813747,"07037,07015,07027",3
2025-08-23 12:00:00+00:00,07005,21.01195391888346,"07037,07015,07027",3
2025-08-23 15:00:00+00:00,07005,21.191266361388816,"07037,07015,07027",3
2025-08-23 18:00:00+00:00,07005,18.897284066031563,"07037,07015,07027",3
2025-08-23 21:00:00+00:00,07005,14.51738872897118,"07037,07015,07027",3
2025-08-24 00:00:00+00:00,07005,12.62366471176137,"07037,07015,07027",3
2025-08-24 00:00:00+00:00,07643,20.698289346189878,"07650,07747,07577",3
2025-08-24 03:00:00+00:00,07005,10.57552236338356,"07037,07015,07027",3
2025-08-24 03:00:00+00:00,07643,18.778742579050316,"07650,07747,07577",3
2025-08-24 03:00:00+00:00,07222,14.592680815999806,"07130,07335,07240",3
2025-08-24 06:00:00+00:00,07005,11.494805795600662,"07037,07015,07027",3
2025-08-24 06:00:00+00:00,07643,17.47275292373242,"07650,07747,07577",3
2025-08-24 09:00:00+00:00,07005,18.260891350043885,"07037,07015,07027",3
2025-08-24 12:00:00+00:00,07005,21.383099584778623,"07037,07015,07027",3
2025-08-24 15:00:00+00:00,07005,22.16113264436312,"07037,07015,07027",3
2025-08-24 18:00:00+00:00,07005,20.339256205713482,"07037,07015,07027",3
2025-08-24 18:00:00+00:00,07643,24.984294482018857,"07650,07747,07577",3
2025-08-24 21:00:00+00:00,07005,16.219545051346234,"07037,07015,07027",3
2025-08-24 21:00:00+00:00,07643,21.908158129288527,"07650,07747,07577",3
2025-08-25 00:00:00+00:00,07005,13.197840654320938,"07037,07015,07027",3
2025-08-25 00:00:00+00:00,07222,18.379665077586846,"07130,07335,07240",3
2025-08-25 03:00:00+00:00,07005,10.801166943453172,"07037,07015,07027",3
2025-08-25 03:00:00+00:00,07643,18.880570136823252,"07650,07747,07577",3
2025-08-25 06:00:00+00:00,07005,12.145377770746457,"07037,07015,07027",3
2025-08-25 06:00:00+00:00,07643,19.779758951755664,"07650,07747,07577",3
2025-08-25 09:00:00+00:00,07005,20.520565401471963,"07037,07015,07027",3
2025-08-25 12:00:00+00:00,07005,24.20205675981856,"07037,07015,07027",3
2025-08-25 15:00:00+00:00,07005,26.903157807559456,"07037,07015,07027",3
2025-08-25 15:00:00+00:00,07643,26.01662357694767,"07650,07747,07577",3
2025-08-25 18:00:00+00:00,07005,24.321802724085515,"07037,07015,07027",3
2025-08-25 18:00:00+00:00,07643,24.771100689011572,"07650,07747,07577",3
2025-08-25 18:00:00+00:00,07591,23.375193724132036,"07577,07650,07558",3
2025-08-25 21:00:00+00:00,07005,18.77641988485669,"07037,07015,07027",3
2025-08-25 21:00:00+00:00,07643,23.024829230403558,"07650,07747,07577",3
2025-08-26 00:00:00+00:00,07005,16.549777248179982,"07037,07015,07027",3
2025-08-26 00:00:00+00:00,07643,22.06071209051086,"07650,07747,07577",3
2025-08-26 03:00:00+00:00,07005,15.272946613713662,"07037,07015,07027",3
2025-08-26 06:00:00+00:00,07005,15.652943142812527,"07037,07015,07027",3
2025-08-26 06:00:00+00:00,07643,20.914978258247146,"07650,07747,07577",3
2025-08-26 06:00:00+00:00,07222,15.260418011592726,"07130,07335,07240",3
2025-08-26 09:00:00+00:00,07005,21.485883230420267,"07037,07015,07027",3
2025-08-26 09:00:00+00:00,07643,25.60192369679022,"07650,07747,07577",3
2025-08-26 12:00:00+00:00,07005,23.486673818742673,"07037,07015,07027",3
2025-08-26 15:00:00+00:00,07005,24.070330276032845,"07037,07015,07027",3
2025-08-26 18:00:00+00:00,07005,20.883143258842523,"07037,07015,07027",3
2025-08-26 18:00:00+00:00,07643,25.39328767662261,"07650,07747,07577",3
2025-08-26 21:00:00+00:00,07005,17.43436442308642,"07037,07015,07027",3
2025-08-26 21:00:00+00:00,07558,20.78840179597965,"07630,07434,07535",3
2025-08-27 00:00:00+00:00,07005,15.550410339571895,"07037,07015,07027",3
2025-08-27 03:00:00+00:00,07005,13.856159961916514,"07037,07015,07027",3
2025-08-27 06:00:00+00:00,07005,14.717708692592828,"07037,07015,07027",3
2025-08-27 06:00:00+00:00,07643,22.79164492610441,"07650,07747,07577",3
2025-08-27 09:00:00+00:00,07005,20.39675954856001,"07037,07015,07027",3
2025-08-27 12:00:00+00:00,07005,22.86087151252512,"07037,07015,07027",3
2025-08-27 15:00:00+00:00,07005,23.18676272361753,"07037,07015,07027",3
2025-08-27 15:00:00+00:00,07643,29.698552641559893,"07650,07747,07577",3
2025-08-27 18:00:00+00:00,07005,21.37532051451465,"07037,07027",2
2025-08-27 18:00:00+00:00,07015,22.182335986447054,"07037,07149",2
2025-08-27 21:00:00+00:00,07005,17.583932127404985,"07037,07027",2
2025-08-27 21:00:00+00:00,07015,19.05925036947981,"07037,07149",2
2025-08-27 21:00:00+00:00,07643,24.12921658331006,"07650,07747,07577",3
2025-08-28 00:00:00+00:00,07005,15.191337328009226,"07037,07027",2
2025-08-28 00:00:00+00:00,07015,16.6460644012996,"07037,07149",2
2025-08-28 00:00:00+00:00,07643,22.85511173286376,"07650,07747,07577",3
2025-08-28 03:00:00+00:00,07005,14.554219504473538,"07037,07027",2
2025-08-28 03:00:00+00:00,07015,15.491156585379557,"07037,07149",2
2025-08-28 03:00:00+00:00,07643,21.925879437220193,"07650,07747,07577",3
2025-08-28 06:00:00+00:00,07005,14.603858346684907,"07037,07027",2
2025-08-28 06:00:00+00:00,07015,15.602142859996244,"07037,07149",2
2025-08-28 09:00:00+00:00,07005,16.531280580845273,"07037,07027",2
2025-08-28 09:00:00+00:00,07015,17.473503194313743,"07037,07149",2
2025-08-28 09:00:00+00:00,07643,21.450635786705213,"07650,07747,07577",3
2025-08-28 12:00:00+00:00,07015,21.071459562583204,"07005,07037,07149",3
2025-08-28 15:00:00+00:00,07015,21.634210149644826,"07005,07037,07149",3
2025-08-28 15:00:00+00:00,07643,22.299516821439408,"07650,07747,07577",3
2025-08-28 18:00:00+00:00,07110,17.082966583086513,"07130,07117,07027",3
2025-08-28 18:00:00+00:00,07015,19.095119446700142,"07005,07037,07149",3
2025-08-28 18:00:00+00:00,07643,21.3104425766671,"07650,07747,07577",3
2025-08-28 21:00:00+00:00,07015,16.90947393182378,"07005,07037,07149",3
2025-08-28 21:00:00+00:00,07643,19.84716812288403,"07650,07747,07577",3
2025-08-29 00:00:00+00:00,07110,14.87509909961348,"07130,07117,07027",3
2025-08-29 00:00:00+00:00,07015,14.46363569650217,"07005,07037,07149",3
2025-08-29 00:00:00+00:00,07627,12.71945658339719,"07621,07630,07607",3
2025-08-29 03:00:00+00:00,07015,14.59028717080201,"07005,07037,07149",3
2025-08-29 03:00:00+00:00,07627,11.546831883586755,"07621,07630,07607",3
2025-08-29 06:00:00+00:00,07015,15.209631617698971,"07005,07037,07149",3
2025-08-29 06:00:00+00:00,07627,12.031802452813837,"07621,07630,07607",3
2025-08-29 06:00:00+00:00,07643,17.060726166431706,"07650,07747,07577",3
2025-08-29 09:00:00+00:00,07222,19.043270980729343,"07130,07335,07240",3
2025-08-29 21:00:00+00:00,07627,15.331616624763042,"07621,07630,07607",3
2025-08-30 00:00:00+00:00,07110,13.89170273080013,"07130,07117,07027",3
2025-08-30 00:00:00+00:00,07627,15.057018574962235,"07621,07630,07607",3
2025-08-30 00:00:00+00:00,07643,18.18842118402538,"07650,07747,07577",3
2025-08-30 03:00:00+00:00,07110,13.847511439227246,"07130,07117,07027",3
2025-08-30 03:00:00+00:00,07627,15.300754567424493,"07621,07630,07607",3
2025-08-30 03:00:00+00:00,07643,17.420872706317446,"07650,07747,07577",3
2025-08-30 06:00:00+00:00,07627,15.809353130246135,"07621,07630,07607",3
2025-08-30 06:00:00+00:00,07643,17.851851588491144,"07650,07747,07577",3
2025-08-30 18:00:00+00:00,07643,25.610414031495836,"07650,07747,07577",3
2025-08-31 03:00:00+00:00,07627,16.532786919763634,"07621,07630,07607",3
2025-08-31 03:00:00+00:00,07643,18.076867573353937,"07650,07747,07577",3
2025-08-31 06:00:00+00:00,07627,15.327509330640718,"07621,07630,07607",3
2025-08-31 09:00:00+00:00,07643,23.543486484444244,"07650,07747,07577",3
2025-08-31 18:00:00+00:00,07110,18.21150379091209,"07130,07117,07027",3
2025-09-01 00:00:00+00:00,07643,21.16460031793175,"07650,07747,07577",3
2025-09-01 03:00:00+00:00,07627,13.816856864177632,"07621,07630,07607",3
2025-09-01 03:00:00+00:00,07643,18.829315130382042,"07650,07747,07577",3
2025-09-01 03:00:00+00:00,07222,14.10264620160117,"07130,07335,07240",3
2025-09-01 06:00:00+00:00,07280,15.678612143561178,"07181,07299,07190",3
2025-09-01 06:00:00+00:00,07627,13.696864929719538,"07621,07630,07607",3
2025-09-01 06:00:00+00:00,07643,18.501721539443423,"07650,07747,07577",3
2025-09-01 12:00:00+00:00,07643,20.237646635430767,"07650,07747,07577",3
2025-09-01 15:00:00+00:00,07643,20.922704233615974,"07650,07747,07577",3
2025-09-01 18:00:00+00:00,07627,16.926947654998294,"07621,07630,07607",3
2025-09-01 18:00:00+00:00,07643,20.614735812877456,"07650,07747,07577",3
2025-09-01 21:00:00+00:00,07627,14.082602027873053,"07621,07630,07607",3
2025-09-02 00:00:00+00:00,07627,12.233100335932825,"07621,07630,07607",3
2025-09-02 03:00:00+00:00,07627,12.31950859716729,"07621,07630,07607",3
2025-09-02 03:00:00+00:00,07643,16.87111421902747,"07650,07747,07577",3
2025-09-02 06:00:00+00:00,07627,11.665217939619895,"07621,07630,07607",3
2025-09-02 06:00:00+00:00,07643,15.960896586364857,"07650,07747,07577",3
2025-09-02 06:00:00+00:00,07222,14.795051786615648,"07130,07335,07240",3
2025-09-02 21:00:00+00:00,07627,16.191717613288393,"07621,07630,07607",3
2025-09-03 00:00:00+00:00,07627,13.741055281798443,"07621,07630,07607",3
2025-09-03 03:00:00+00:00,07627,11.961825160653868,"07621,07630,07607",3
2025-09-03 06:00:00+00:00,07627,12.019123607285424,"07621,07630,07607",3
2025-09-03 18:00:00+00:00,07643,23.21449391341272,"07650,07747,07577",3
2025-09-04 06:00:00+00:00,07643,20.17381938883119,"07650,07747,07577",3
2025-09-05 06:00:00+00:00,07627,11.676792441610319,"07621,07630,07607",3
2025-09-05 09:00:00+00:00,07314,17.842490891336922,"07222,07240,07335",3
2025-09-05 12:00:00+00:00,07314,20.08463544321819,"07222,07240,07335",3
2025-09-05 21:00:00+00:00,07627,16.820149044891977,"07621,07630,07607",3
2025-09-06 00:00:00+00:00,07627,13.202023910662453,"07621,07630,07607",3
2025-09-06 03:00:00+00:00,07627,11.674291025912968,"07621,07630,07607",3
2025-09-06 06:00:00+00:00,07627,12.409177048397794,"07621,07630,07607",3
2025-09-06 09:00:00+00:00,07558,19.530162885055816,"07630,07434,07535",3
2025-09-06 12:00:00+00:00,07558,24.967033065394297,"07630,07434,07535",3
2025-09-06 15:00:00+00:00,07558,26.830693922223244,"07630,07434,07535",3
2025-09-06 18:00:00+00:00,07558,23.27804250697309,"07630,07434,07535",3
2025-09-06 21:00:00+00:00,07558,19.899359184920005,"07630,07434,07535",3
2025-09-07 00:00:00+00:00,07558,18.813204730918564,"07630,07434,07535",3
2025-09-07 03:00:00+00:00,07558,18.11090763301591,"07630,07434,07535",3
2025-09-07 06:00:00+00:00,07558,17.98974348914282,"07630,07434,07535",3
2025-09-07 09:00:00+00:00,07558,21.896695129551432,"07630,07434,07535",3
2025-09-07 12:00:00+00:00,07558,25.027036670507282,"07630,07434,07535",3
2025-09-07 15:00:00+00:00,07558,25.17655897698221,"07630,07434,07535",3
2025-09-07 18:00:00+00:00,07558,21.999674804425183,"07630,07434,07535",3
2025-09-07 21:00:00+00:00,07558,19.115852094641976,"07630,07434,07535",3
2025-09-08 00:00:00+00:00,07558,17.18895992475657,"07630,07434,07535",3
2025-09-08 03:00:00+00:00,07558,15.792728164145453,"07630,07434,07535",3
2025-09-08 06:00:00+00:00,07558,15.394852385056966,"07630,07434,07535",3
2025-09-08 09:00:00+00:00,07558,15.836285066416727,"07630,07434,07535",3
2025-09-08 12:00:00+00:00,07558,18.53355051544894,"07630,07434,07535",3
2025-09-08 15:00:00+00:00,07558,18.813235074093615,"07630,07434,07535",3
2025-09-08 18:00:00+00:00,07558,17.653991084297477,"07630,07434,07535",3
2025-09-08 21:00:00+00:00,07558,15.890015662290553,"07630,07434,07535",3
2025-09-09 00:00:00+00:00,07558,12.950125106306661,"07630,07434,07535",3
2025-09-09 03:00:00+00:00,07558,11.803106932750667,"07630,07434,07535",3
2025-09-09 06:00:00+00:00,07558,11.446420462431592,"07630,07434,07535",3
2025-09-09 09:00:00+00:00,07627,14.702339639047404,"07621,07630,07607",3
2025-09-09 21:00:00+00:00,07627,12.840649485114538,"07621,07630,07607",3
2025-09-10 00:00:00+00:00,07627,10.953027576804141,"07621,07630,07607",3
2025-09-10 03:00:00+00:00,07627,9.587478890366459,"07621,07630,07607",3
2025-09-10 06:00:00+00:00,07627,10.514639450266609,"07621,07630,07607",3
2025-09-11 06:00:00+00:00,07627,14.686546967833658,"07621,07630,07607",3
2025-09-11 15:00:00+00:00,07110,16.657295406126867,"07130,07117,07027",3
2025-09-12 00:00:00+00:00,07627,16.017799847310016,"07621,07630,07607",3
2025-09-12 03:00:00+00:00,07627,15.627158091497277,"07621,07630,07607",3
2025-09-12 06:00:00+00:00,07627,15.40251354948301,"07621,07630,07607",3
2025-09-21 21:00:00+00:00,07015,12.19038794083507,"07005,07037,07149",3
2025-09-22 00:00:00+00:00,07015,9.919873820727343,"07005,07037,07149",3
2025-09-22 03:00:00+00:00,07015,10.170791349364855,"07005,07037,07149",3
2025-09-22 06:00:00+00:00,07015,9.28865365359303,"07005,07037,07149",3
2025-09-22 06:00:00+00:00,07627,8.463384980881342,"07621,07630,07607",3
2025-09-22 09:00:00+00:00,07015,13.883214112733283,"07005,07037,07149",3
2025-09-22 12:00:00+00:00,07015,15.244283916667737,"07005,07037,07149",3
2025-09-22 15:00:00+00:00,07015,15.192435206969982,"07005,07037,07149",3
2025-09-22 18:00:00+00:00,07015,13.199265848993205,"07005,07037,07149",3
2025-09-22 18:00:00+00:00,07627,12.674702011905476,"07621,07630,07607",3
2025-09-22 21:00:00+00:00,07015,9.640637177650525,"07005,07037,07149",3
2025-09-22 21:00:00+00:00,07627,11.155994022873905,"07621,07630,07607",3
2025-09-23 00:00:00+00:00,07280,10.183665327027875,"07181,07299,07190",3
2025-09-23 00:00:00+00:00,07015,9.521153905744962,"07005,07037,07149",3
2025-09-23 00:00:00+00:00,07627,10.837290850793332,"07621,07630,07607",3
2025-09-23 03:00:00+00:00,07280,10.28150620604314,"07181,07299,07190",3
2025-09-23 03:00:00+00:00,07015,9.989134049621573,"07005,07037,07149",3
2025-09-23 03:00:00+00:00,07627,10.213212801372546,"07621,07630,07607",3
2025-09-23 06:00:00+00:00,07015,9.75646305804538,"07005,07037,07149",3
2025-09-23 06:00:00+00:00,07627,9.241347410570143,"07621,07630,07607",3
2025-09-23 09:00:00+00:00,07015,11.909044308344875,"07005,07037,07149",3
2025-09-23 09:00:00+00:00,07627,11.477566725164484,"07621,07630,07607",3
2025-09-23 12:00:00+00:00,07015,15.063461634789242,"07005,07037,07149",3
2025-09-23 18:00:00+00:00,07627,11.569222113268973,"07621,07630,07607",3
2025-09-23 21:00:00+00:00,07627,9.009516995387047,"07621,07630,07607",3
2025-09-24 00:00:00+00:00,07627,9.63300673010743,"07621,07630,07607",3
2025-09-24 03:00:00+00:00,07627,9.106506290174943,"07621,07630,07607",3
2025-09-24 06:00:00+00:00,07627,8.523136652635106,"07621,07630,07607",3
2025-09-24 09:00:00+00:00,07627,10.818530475634033,"07621,07630,07607",3
2025-09-24 12:00:00+00:00,07627,13.82765964793302,"07621,07630,07607",3
2025-09-24 18:00:00+00:00,07627,12.300221041819183,"07621,07630,07607",3
2025-09-24 21:00:00+00:00,07627,11.34035940203142,"07621,07630,07607",3
2025-09-25 00:00:00+00:00,07627,9.684235041030247,"07621,07630,07607",3
2025-09-25 03:00:00+00:00,07627,8.9199578692433,"07621,07630,07607",3
2025-09-25 06:00:00+00:00,07627,9.417043064586023,"07621,07630,07607",3
2025-09-25 09:00:00+00:00,07627,12.557542568433435,"07621,07630,07607",3
2025-09-25 18:00:00+00:00,07627,13.995005743315739,"07621,07630,07607",3
2025-09-25 21:00:00+00:00,07627,11.636121068953338,"07621,07630,07607",3
2025-09-26 00:00:00+00:00,07627,10.039772474993539,"07621,07630,07607",3
2025-09-26 03:00:00+00:00,07627,9.979495173065208,"07621,07630,07607",3
2025-09-26 06:00:00+00:00,07627,10.097709219485813,"07621,07630,07607",3
2025-09-26 18:00:00+00:00,07627,13.606031000439527,"07621,07630,07607",3
2025-09-26 21:00:00+00:00,07627,9.444619286626741,"07621,07630,07607",3
2025-09-27 00:00:00+00:00,07627,6.48643709055128,"07621,07630,07607",3
2025-09-27 03:00:00+00:00,07627,6.0252424292436855,"07621,07630,07607",3
2025-09-27 06:00:00+00:00,07627,6.435208779628459,"07621,07630,07607",3
2025-09-28 00:00:00+00:00,07627,12.799010289322426,"07621,07630,07607",3
2025-09-28 03:00:00+00:00,07627,14.676824432328667,"07621,07630,07607",3
2025-09-28 06:00:00+00:00,07627,13.139049088136659,"07621,07630,07607",3
2025-10-04 00:00:00+00:00,07460,14.957696054924284,"07481,07255",2
2025-10-04 00:00:00+00:00,07471,10.230391523032008,07481,1
2025-10-04 00:00:00+00:00,07577,13.861745197457587,"07481,07650,07280",3
2025-10-04 00:00:00+00:00,07117,17.600998897208896,"07020,07110,07027",3
2025-10-04 00:00:00+00:00,07130,18.33862543215415,"07222,07139,07027",3
2025-10-04 00:00:00+00:00,07761,14.532910778264645,07650,1
2025-10-04 00:00:00+00:00,07790,14.702868765790114,07650,1
2025-10-04 00:00:00+00:00,07181,12.498580903049664,"07168,07280,07190",3
2025-10-04 00:00:00+00:00,07314,17.802360792951813,"07222,07240",2
2025-10-04 00:00:00+00:00,07335,17.732687711029406,"07240,07255,07222",3
2025-10-04 00:00:00+00:00,07434,15.46564171592235,"07535,07255",2
2025-10-04 00:00:00+00:00,07558,13.55812874926793,"07630,07535",2
2025-10-04 00:00:00+00:00,07690,16.59400673627145,"07650,07643",2
2025-10-04 00:00:00+00:00,07149,19.01802089984017,"07240,07037,07139",3
2025-10-05 06:00:00+00:00,07627,9.415228137324572,"07621,07630,07607",3
2025-10-05 18:00:00+00:00,07627,11.267843654950095,"07621,07630,07607",3
2025-10-05 21:00:00+00:00,07627,9.336312729260069,"07621,07630,07607",3
2025-10-06 00:00:00+00:00,07627,7.982253315013667,"07621,07630,07607",3
2025-10-06 03:00:00+00:00,07627,7.335283501023666,"07621,07630,07607",3
2025-10-06 06:00:00+00:00,07627,4.998800207694744,"07621,07630,07607",3
2025-10-06 18:00:00+00:00,07627,14.862488709910023,"07621,07630,07607",3
2025-10-06 21:00:00+00:00,07627,8.547242085829001,"07621,07630,07607",3
2025-10-07 00:00:00+00:00,07627,6.898671712509386,"07621,07630,07607",3
2025-10-07 03:00:00+00:00,07627,6.470583284825979,"07621,07630,07607",3
2025-10-07 06:00:00+00:00,07627,5.973866203995902,"07621,07630,07607",3
2025-10-07 21:00:00+00:00,07627,12.213960694909675,"07621,07630,07607",3
2025-10-08 00:00:00+00:00,07627,10.87428417835219,"07621,07630,07607",3
2025-10-08 03:00:00+00:00,07627,10.100136556735238,"07621,07630,07607",3
2025-10-08 06:00:00+00:00,07627,9.135038941428695,"07621,07630,07607",3
2025-10-11 00:00:00+00:00,07627,9.56484436520891,"07621,07630,07607",3
2025-10-11 03:00:00+00:00,07627,7.612799271609672,"07621,07630,07607",3
2025-10-11 06:00:00+00:00,07627,7.2182092873507955,"07621,07630,07607",3
2025-10-11 21:00:00+00:00,07627,14.054951969955336,"07621,07630,07607",3
2025-10-12 00:00:00+00:00,07627,11.573059466614158,"07621,07630,07607",3
2025-10-12 03:00:00+00:00,07627,9.639223230126904,"07621,07630,07607",3
2025-10-12 06:00:00+00:00,07627,9.295188012291293,"07621,07630,07607",3
2025-10-13 03:00:00+00:00,07627,12.352688909239477,"07621,07630,07607",3
2025-10-13 06:00:00+00:00,07627,10.86583644598345,"07621,07630,07607",3
2025-10-18 00:00:00+00:00,07314,11.133384497916822,"07222,07240,07335",3
2025-10-18 03:00:00+00:00,07314,10.33230666454614,"07222,07240,07335",3
2025-10-18 06:00:00+00:00,07314,9.889217232032934,"07222,07240,07335",3
2025-10-18 09:00:00+00:00,07314,12.046905793102125,"07222,07240,07335",3
2025-10-18 12:00:00+00:00,07314,16.111253338089007,"07222,07240,07335",3
2025-10-18 15:00:00+00:00,07314,17.586220048483078,"07222,07240,07335",3
2025-10-18 18:00:00+00:00,07314,14.474427487253005,"07222,07240,07335",3
2025-10-18 21:00:00+00:00,07314,13.03776545556968,"07222,07240,07335",3
2025-10-19 00:00:00+00:00,07314,12.274571348466061,"07222,07240,07335",3
2025-10-19 03:00:00+00:00,07314,12.670282467885023,"07222,07240,07335",3
2025-10-19 06:00:00+00:00,07314,13.616176636893796,"07222,07240,07335",3
2025-10-19 09:00:00+00:00,07314,15.106287895920198,"07222,07240,07335",3
2025-10-19 12:00:00+00:00,07314,16.27733324928721,"07222,07240,07335",3
2025-10-19 15:00:00+00:00,07314,16.79172769282517,"07222,07240,07335",3
2025-10-19 18:00:00+00:00,07314,16.700233731509453,"07222,07240,07335",3
2025-10-19 21:00:00+00:00,07314,15.370643418558705,"07222,07240,07335",3
2025-10-20 00:00:00+00:00,07314,15.538061524123208,"07222,07240,07335",3
2025-10-20 03:00:00+00:00,07314,15.16989332326585,"07222,07240,07335",3
2025-10-20 12:00:00+00:00,07643,19.563872823606175,"07650,07747,07577",3
2025-10-25 12:00:00+00:00,07240,13.822799159834759,"07335,07255,07139",3
2025-10-27 03:00:00+00:00,07650,12.371430479690776,"07643,07577,07690",3
2025-10-27 06:00:00+00:00,07650,11.2616663553856,"07643,07577,07690",3
2025-10-27 09:00:00+00:00,07650,13.511285119624851,"07643,07577,07690",3
2025-10-27 12:00:00+00:00,07577,14.09713130171046,"07481,07650,07280",3
2025-10-27 15:00:00+00:00,07577,15.198996856884772,"07481,07650,07280",3
2025-11-03 09:00:00+00:00,07481,11.685348037938224,"07280,07460,07577",3
2025-11-06 18:00:00+00:00,07577,12.825148017473365,"07481,07650,07280",3
2025-11-06 21:00:00+00:00,07577,11.900080172061124,"07481,07650,07280",3
2025-11-07 00:00:00+00:00,07577,11.239099366666197,"07481,07650,07280",3
2025-11-07 03:00:00+00:00,07577,10.243301582723522,"07481,07650,07280",3
2025-11-07 06:00:00+00:00,07577,9.087575147787819,"07481,07650,07280",3
2025-11-07 15:00:00+00:00,07558,13.65717604287187,"07630,07434,07535",3
2025-11-09 06:00:00+00:00,07577,8.26691058890429,"07481,07650,07280",3
2025-11-09 09:00:00+00:00,07577,11.881294582072488,"07481,07650,07280",3
2025-11-10 03:00:00+00:00,07577,6.667084744144096,"07481,07650,07280",3
2025-11-10 06:00:00+00:00,07577,6.964579529623814,"07481,07650,07280",3
2025-11-10 12:00:00+00:00,07577,13.3038783724778,"07481,07650,07280",3
2025-11-10 15:00:00+00:00,07577,13.57846248390937,"07481,07650,07280",3
2025-11-10 21:00:00+00:00,07558,7.448206508745313,"07630,07434,07535",3
2025-11-11 00:00:00+00:00,07558,6.128691532119344,"07630,07434,07535",3
2025-11-11 03:00:00+00:00,07558,4.987068716086498,"07630,07434,07535",3
2025-11-11 06:00:00+00:00,07558,4.757535385574666,"07630,07434,07535",3
2025-11-11 09:00:00+00:00,07558,7.934746720512274,"07630,07434,07535",3
2025-11-11 12:00:00+00:00,07558,14.742767201637259,"07630,07434,07535",3
2025-11-11 15:00:00+00:00,07558,13.718142483467899,"07630,07434,07535",3
2025-11-11 18:00:00+00:00,07577,11.760769841404882,"07481,07650,07280",3
2025-11-11 18:00:00+00:00,07558,11.683147602974223,"07630,07434,07535",3
2025-11-11 21:00:00+00:00,07577,11.366716587280383,"07481,07650,07280",3
2025-11-11 21:00:00+00:00,07558,10.345411968415764,"07630,07434,07535",3
2025-11-12 00:00:00+00:00,07558,10.039761338088047,"07630,07434,07535",3
2025-11-12 03:00:00+00:00,07577,9.889542650861305,"07481,07650,07280",3
2025-11-12 03:00:00+00:00,07558,10.37137804009884,"07630,07434,07535",3
2025-11-12 06:00:00+00:00,07577,10.736629347817034,"07481,07650,07280",3
2025-11-12 06:00:00+00:00,07558,10.880559740322111,"07630,07434,07535",3
2025-11-12 09:00:00+00:00,07577,14.427096296599913,"07481,07650,07280",3
2025-11-12 12:00:00+00:00,07577,19.141943903167903,"07481,07650,07280",3
2025-11-12 15:00:00+00:00,07577,18.670559748326482,"07481,07650,07280",3
2025-11-12 18:00:00+00:00,07577,16.44702338476485,"07481,07650,07280",3
2025-11-12 21:00:00+00:00,07577,15.306904507476776,"07481,07650,07280",3
2025-11-13 00:00:00+00:00,07577,14.874783822307693,"07481,07650,07280",3
2025-11-13 00:00:00+00:00,07015,12.650902772512085,"07005,07037,07149",3
2025-11-13 03:00:00+00:00,07577,14.867226985690722,"07481,07650,07280",3
2025-11-13 03:00:00+00:00,07015,13.101553398529951,"07005,07037,07149",3
2025-11-13 06:00:00+00:00,07577,14.288898203699988,"07481,07650,07280",3
2025-11-13 06:00:00+00:00,07015,12.561282280394444,"07005,07037,07149",3
2025-11-13 09:00:00+00:00,07577,17.846469892943894,"07481,07650,07280",3
2025-11-13 12:00:00+00:00,07577,20.8240683275717,"07481,07650,07280",3
2025-11-13 15:00:00+00:00,07577,19.996600992759763,"07481,07650,07280",3
2025-11-13 18:00:00+00:00,07577,16.7960548018977,"07481,07650,07280",3
2025-11-13 21:00:00+00:00,07577,15.615430965893424,"07481,07650,07280",3
2025-11-14 00:00:00+00:00,07577,16.561436314352505,"07481,07650,07280",3
2025-11-14 03:00:00+00:00,07577,16.304389847807325,"07481,07650,07280",3
2025-11-14 06:00:00+00:00,07577,17.05643566410975,"07481,07650,07280",3
2025-11-15 18:00:00+00:00,07222,13.286510893534947,"07130,07335,07240",3
2025-11-16 03:00:00+00:00,07577,13.384514141118242,"07481,07650,07280",3
2025-11-16 06:00:00+00:00,07577,13.434460573274059,"07481,07650,07280",3
2025-11-16 09:00:00+00:00,07577,14.277041581319903,"07481,07650,07280",3
2025-11-16 12:00:00+00:00,07577,14.841803805811521,"07481,07650,07280",3
2025-11-16 15:00:00+00:00,07577,15.643420231777988,"07481,07650,07280",3
2025-11-18 15:00:00+00:00,07790,16.665320329950195,"07761,07690,07650",3
2025-11-21 03:00:00+00:00,07255,-0.6119885849885737,"07240,07335,07149",3
2025-11-21 09:00:00+00:00,07168,1.0659862148862922,"07072,07181,07149",3
2025-11-26 06:00:00+00:00,07240,1.4516667806842833,"07335,07255,07139",3
2025-11-26 09:00:00+00:00,07240,2.988635108699514,"07335,07255,07139",3
2025-11-26 12:00:00+00:00,07240,7.145125519432877,"07335,07255,07139",3
2025-11-26 15:00:00+00:00,07240,8.251945141883853,"07335,07255,07139",3
2025-11-26 18:00:00+00:00,07240,4.34904627764263,"07335,07255,07139",3
2025-11-26 21:00:00+00:00,07240,1.8195367723977105,"07335,07255,07139",3
2025-11-27 00:00:00+00:00,07240,1.0270428865200212,"07335,07255,07139",3
2025-11-27 03:00:00+00:00,07240,1.0198637447280674,"07335,07255,07139",3
2025-11-27 06:00:00+00:00,07240,0.9441307310342552,"07335,07255,07139",3
2025-12-21 03:00:00+00:00,07240,9.467095619353614,"07335,07255,07139",3
2025-12-21 06:00:00+00:00,07240,9.055811769576191,"07335,07255,07139",3
2025-12-25 18:00:00+00:00,07460,1.4908914347777174,"07471,07481,07255",3
2025-12-26 03:00:00+00:00,07460,-0.5118990345206269,"07471,07481,07255",3
2025-12-26 06:00:00+00:00,07460,-0.589072222619847,"07471,07481,07255",3
2025-12-26 09:00:00+00:00,07460,0.5157963694354222,"07471,07481,07255",3
2025-12-26 09:00:00+00:00,07790,13.397195478400521,"07761,07690,07650",3
2025-12-27 03:00:00+00:00,07558,5.745130995226135,"07630,07434,07535",3
2025-12-27 06:00:00+00:00,07558,4.808529190874663,"07630,07434,07535",3
2025-12-27 09:00:00+00:00,07558,5.86151791740406,"07630,07434,07535",3
2025-12-27 12:00:00+00:00,07558,9.86309848900848,"07630,07434,07535",3
2025-12-27 15:00:00+00:00,07558,10.690725776793848,"07630,07434,07535",3
2025-12-27 18:00:00+00:00,07558,7.9618510741837145,"07630,07434,07535",3
2025-12-27 21:00:00+00:00,07558,7.754117769345381,"07630,07434,07535",3
2025-12-28 00:00:00+00:00,07558,6.267761977444941,"07630,07434,07535",3
2025-12-28 03:00:00+00:00,07558,6.82495759939647,"07630,07434,07535",3
2025-12-28 06:00:00+00:00,07558,4.852727612006558,"07630,07434,07535",3
2025-12-28 09:00:00+00:00,07558,6.141232819223779,"07630,07434,07535",3
2025-12-28 12:00:00+00:00,07558,9.648479884861182,"07630,07434,07535",3
2025-12-28 15:00:00+00:00,07558,9.282014529812656,"07630,07434,07535",3
2025-12-28 18:00:00+00:00,07558,4.778385381665684,"07630,07434,07535",3
2025-12-28 21:00:00+00:00,07558,1.7835956046445458,"07630,07434,07535",3
2025-12-29 00:00:00+00:00,07558,0.09666412900339671,"07630,07434,07535",3
2025-12-29 03:00:00+00:00,07558,-0.679370983696995,"07630,07434,07535",3
2025-12-29 06:00:00+00:00,07558,0.1572065319355216,"07630,07434,07535",3
2025-12-29 09:00:00+00:00,07558,2.173362618668671,"07630,07434,07535",3
